  CREATE_STREAM @155000 {NAME:reg_seq T:Transactions SCOPE:uvm_test_top.env.m_agt[0].sqr STREAM:2105}
  CREATE_STREAM @155000 {NAME:reg_seq T:Transactions SCOPE:uvm_test_top.env.m_agt[0].sqr STREAM:2105}
  CREATE_STREAM @155000 {NAME:reg_seq T:Transactions SCOPE:uvm_test_top.env.m_agt[0].sqr STREAM:2105}
  CREATE_STREAM @155000 {NAME:reg_seq T:Transactions SCOPE:uvm_test_top.env.m_agt[0].sqr STREAM:2105}
  CREATE_STREAM @155000 {NAME:reg_seq T:Transactions SCOPE:uvm_test_top.env.m_agt[0].sqr STREAM:2105}
  CREATE_STREAM @155000 {NAME:reg_seq T:Transactions SCOPE:uvm_test_top.env.m_agt[0].sqr STREAM:2105}
  CREATE_STREAM @155000 {NAME:reg_seq T:Transactions SCOPE:uvm_test_top.env.m_agt[0].sqr STREAM:2105}
  CREATE_STREAM @155000 {NAME:reg_seq T:Transactions SCOPE:uvm_test_top.env.m_agt[0].sqr STREAM:2105}
  CREATE_STREAM @155000 {NAME:reg_seq T:Transactions SCOPE:uvm_test_top.env.m_agt[0].sqr STREAM:2105}
  CREATE_STREAM @155000 {NAME:reg_seq T:Transactions SCOPE:uvm_test_top.env.m_agt[0].sqr STREAM:2105}
  CREATE_STREAM @155000 {NAME:reg_seq T:Transactions SCOPE:uvm_test_top.env.m_agt[0].sqr STREAM:2105}
  CREATE_STREAM @155000 {NAME:reg_seq T:Transactions SCOPE:uvm_test_top.env.m_agt[0].sqr STREAM:2105}
  CREATE_STREAM @155000 {NAME:reg_seq T:Transactions SCOPE:uvm_test_top.env.m_agt[0].sqr STREAM:2105}
  CREATE_STREAM @155000 {NAME:reg_seq T:Transactions SCOPE:uvm_test_top.env.m_agt[0].sqr STREAM:2105}
  CREATE_STREAM @155000 {NAME:reg_seq T:Transactions SCOPE:uvm_test_top.env.m_agt[0].sqr STREAM:2105}
  CREATE_STREAM @155000 {NAME:reg_seq T:Transactions SCOPE:uvm_test_top.env.m_agt[0].sqr STREAM:2105}
  CREATE_STREAM @155000 {NAME:reg_seq T:Transactions SCOPE:uvm_test_top.env.m_agt[0].sqr STREAM:2105}
  CREATE_STREAM @155000 {NAME:reg_seq T:Transactions SCOPE:uvm_test_top.env.m_agt[0].sqr STREAM:2105}
  CREATE_STREAM @0 {NAME:vseq T:Transactions SCOPE:uvm_test_top.env.v_seqr STREAM:2016}
  CREATE_STREAM @0 {NAME:master_seq T:Transactions SCOPE:uvm_test_top.env.m_agt[0].sqr STREAM:2025}
  CREATE_STREAM @0 {NAME:mem_seq T:Transactions SCOPE:uvm_test_top.env.s_agt[0].sqr STREAM:2028}
  CREATE_STREAM @0 {NAME:vseq T:Transactions SCOPE:uvm_test_top.env.v_seqr STREAM:2016}
  CREATE_STREAM @0 {NAME:master_seq T:Transactions SCOPE:uvm_test_top.env.m_agt[0].sqr STREAM:2025}
  CREATE_STREAM @0 {NAME:mem_seq T:Transactions SCOPE:uvm_test_top.env.s_agt[0].sqr STREAM:2028}
  CREATE_STREAM @0 {NAME:vseq T:Transactions SCOPE:uvm_test_top.env.v_seqr STREAM:2016}
  CREATE_STREAM @0 {NAME:master_seq T:Transactions SCOPE:uvm_test_top.env.m_agt[0].sqr STREAM:2025}
  CREATE_STREAM @0 {NAME:mem_seq T:Transactions SCOPE:uvm_test_top.env.s_agt[0].sqr STREAM:2028}
  CREATE_STREAM @0 {NAME:vseq T:Transactions SCOPE:uvm_test_top.env.v_seqr STREAM:2016}
  CREATE_STREAM @0 {NAME:master_seq T:Transactions SCOPE:uvm_test_top.env.m_agt[0].sqr STREAM:2025}
  CREATE_STREAM @0 {NAME:mem_seq T:Transactions SCOPE:uvm_test_top.env.s_agt[0].sqr STREAM:2028}
  CREATE_STREAM @0 {NAME:vseq T:Transactions SCOPE:uvm_test_top.env.v_seqr STREAM:2016}
  CREATE_STREAM @0 {NAME:master_seq T:Transactions SCOPE:uvm_test_top.env.m_agt[0].sqr STREAM:2025}
  CREATE_STREAM @0 {NAME:mem_seq T:Transactions SCOPE:uvm_test_top.env.s_agt[0].sqr STREAM:2028}
  CREATE_STREAM @0 {NAME:vseq T:Transactions SCOPE:uvm_test_top.env.v_seqr STREAM:2016}
  CREATE_STREAM @0 {NAME:master_seq T:Transactions SCOPE:uvm_test_top.env.m_agt[0].sqr STREAM:2025}
  CREATE_STREAM @0 {NAME:mem_seq T:Transactions SCOPE:uvm_test_top.env.s_agt[0].sqr STREAM:2028}
  CREATE_STREAM @0 {NAME:vseq T:Transactions SCOPE:uvm_test_top.env.v_seqr STREAM:2016}
  CREATE_STREAM @0 {NAME:master_seq T:Transactions SCOPE:uvm_test_top.env.m_agt[0].sqr STREAM:2025}
  CREATE_STREAM @0 {NAME:mem_seq T:Transactions SCOPE:uvm_test_top.env.s_agt[0].sqr STREAM:2028}
  CREATE_STREAM @0 {NAME:vseq T:Transactions SCOPE:uvm_test_top.env.v_seqr STREAM:2016}
  CREATE_STREAM @0 {NAME:master_seq T:Transactions SCOPE:uvm_test_top.env.m_agt[0].sqr STREAM:2025}
  CREATE_STREAM @0 {NAME:mem_seq T:Transactions SCOPE:uvm_test_top.env.s_agt[0].sqr STREAM:2028}
  CREATE_STREAM @0 {NAME:vseq T:Transactions SCOPE:uvm_test_top.env.v_seqr STREAM:2016}
  CREATE_STREAM @0 {NAME:master_seq T:Transactions SCOPE:uvm_test_top.env.m_agt[0].sqr STREAM:2025}
  CREATE_STREAM @0 {NAME:mem_seq T:Transactions SCOPE:uvm_test_top.env.s_agt[0].sqr STREAM:2028}
  CREATE_STREAM @0 {NAME:vseq T:Transactions SCOPE:uvm_test_top.env.v_seqr STREAM:2016}
  CREATE_STREAM @0 {NAME:master_seq T:Transactions SCOPE:uvm_test_top.env.m_agt[0].sqr STREAM:2025}
  CREATE_STREAM @0 {NAME:mem_seq T:Transactions SCOPE:uvm_test_top.env.s_agt[0].sqr STREAM:2028}
  CREATE_STREAM @0 {NAME:vseq T:Transactions SCOPE:uvm_test_top.env.v_seqr STREAM:2016}
  CREATE_STREAM @0 {NAME:master_seq T:Transactions SCOPE:uvm_test_top.env.m_agt[0].sqr STREAM:2025}
  CREATE_STREAM @0 {NAME:mem_seq T:Transactions SCOPE:uvm_test_top.env.s_agt[0].sqr STREAM:2028}
  CREATE_STREAM @0 {NAME:vseq T:Transactions SCOPE:uvm_test_top.env.v_seqr STREAM:2016}
  CREATE_STREAM @0 {NAME:master_seq T:Transactions SCOPE:uvm_test_top.env.m_agt[0].sqr STREAM:2025}
  CREATE_STREAM @0 {NAME:mem_seq T:Transactions SCOPE:uvm_test_top.env.s_agt[0].sqr STREAM:2028}
  CREATE_STREAM @0 {NAME:vseq T:Transactions SCOPE:uvm_test_top.env.v_seqr STREAM:2016}
  CREATE_STREAM @0 {NAME:master_seq T:Transactions SCOPE:uvm_test_top.env.m_agt[0].sqr STREAM:2025}
  CREATE_STREAM @0 {NAME:mem_seq T:Transactions SCOPE:uvm_test_top.env.s_agt[0].sqr STREAM:2028}
  CREATE_STREAM @0 {NAME:vseq T:Transactions SCOPE:uvm_test_top.env.v_seqr STREAM:2016}
  CREATE_STREAM @0 {NAME:master_seq T:Transactions SCOPE:uvm_test_top.env.m_agt[0].sqr STREAM:2025}
  CREATE_STREAM @0 {NAME:mem_seq T:Transactions SCOPE:uvm_test_top.env.s_agt[0].sqr STREAM:2028}
  CREATE_STREAM @0 {NAME:vseq T:Transactions SCOPE:uvm_test_top.env.v_seqr STREAM:2016}
  CREATE_STREAM @0 {NAME:master_seq T:Transactions SCOPE:uvm_test_top.env.m_agt[0].sqr STREAM:2025}
  CREATE_STREAM @0 {NAME:mem_seq T:Transactions SCOPE:uvm_test_top.env.s_agt[0].sqr STREAM:2028}
  CREATE_STREAM @0 {NAME:vseq T:Transactions SCOPE:uvm_test_top.env.v_seqr STREAM:2016}
  CREATE_STREAM @0 {NAME:master_seq T:Transactions SCOPE:uvm_test_top.env.m_agt[0].sqr STREAM:2025}
  CREATE_STREAM @0 {NAME:mem_seq T:Transactions SCOPE:uvm_test_top.env.s_agt[0].sqr STREAM:2028}
  CREATE_STREAM @0 {NAME:vseq T:Transactions SCOPE:uvm_test_top.env.v_seqr STREAM:2016}
  CREATE_STREAM @0 {NAME:master_seq T:Transactions SCOPE:uvm_test_top.env.m_agt[0].sqr STREAM:2025}
  CREATE_STREAM @0 {NAME:mem_seq T:Transactions SCOPE:uvm_test_top.env.s_agt[0].sqr STREAM:2028}
  CREATE_STREAM @0 {NAME:vseq T:Transactions SCOPE:uvm_test_top.env.v_seqr STREAM:2016}
  CREATE_STREAM @0 {NAME:master_seq T:Transactions SCOPE:uvm_test_top.env.m_agt[0].sqr STREAM:2025}
  CREATE_STREAM @0 {NAME:mem_seq T:Transactions SCOPE:uvm_test_top.env.s_agt[0].sqr STREAM:2028}
  CREATE_STREAM @0 {NAME:vseq T:Transactions SCOPE:uvm_test_top.env.v_seqr STREAM:2016}
  CREATE_STREAM @0 {NAME:master_seq T:Transactions SCOPE:uvm_test_top.env.m_agt[0].sqr STREAM:2025}
  CREATE_STREAM @0 {NAME:mem_seq T:Transactions SCOPE:uvm_test_top.env.s_agt[0].sqr STREAM:2028}
  CREATE_STREAM @0 {NAME:vseq T:Transactions SCOPE:uvm_test_top.env.v_seqr STREAM:2016}
  CREATE_STREAM @0 {NAME:master_seq T:Transactions SCOPE:uvm_test_top.env.m_agt[0].sqr STREAM:2025}
  CREATE_STREAM @0 {NAME:mem_seq T:Transactions SCOPE:uvm_test_top.env.s_agt[0].sqr STREAM:2028}
  CREATE_STREAM @0 {NAME:vseq T:Transactions SCOPE:uvm_test_top.env.v_seqr STREAM:2016}
  CREATE_STREAM @0 {NAME:master_seq T:Transactions SCOPE:uvm_test_top.env.m_agt[0].sqr STREAM:2025}
  CREATE_STREAM @0 {NAME:mem_seq T:Transactions SCOPE:uvm_test_top.env.s_agt[0].sqr STREAM:2028}
  CREATE_STREAM @0 {NAME:vseq T:Transactions SCOPE:uvm_test_top.env.v_seqr STREAM:2016}
  CREATE_STREAM @0 {NAME:master_seq T:Transactions SCOPE:uvm_test_top.env.m_agt[0].sqr STREAM:2025}
  CREATE_STREAM @0 {NAME:mem_seq T:Transactions SCOPE:uvm_test_top.env.s_agt[0].sqr STREAM:2028}
  CREATE_STREAM @0 {NAME:vseq T:Transactions SCOPE:uvm_test_top.env.v_seqr STREAM:2016}
  CREATE_STREAM @0 {NAME:master_seq T:Transactions SCOPE:uvm_test_top.env.m_agt[0].sqr STREAM:2025}
  CREATE_STREAM @0 {NAME:mem_seq T:Transactions SCOPE:uvm_test_top.env.s_agt[0].sqr STREAM:2028}
  CREATE_STREAM @0 {NAME:vseq T:Transactions SCOPE:uvm_test_top.env.v_seqr STREAM:2016}
  CREATE_STREAM @0 {NAME:master_seq T:Transactions SCOPE:uvm_test_top.env.m_agt[0].sqr STREAM:2025}
  CREATE_STREAM @0 {NAME:mem_seq T:Transactions SCOPE:uvm_test_top.env.s_agt[0].sqr STREAM:2028}
  CREATE_STREAM @0 {NAME:vseq T:Transactions SCOPE:uvm_test_top.env.v_seqr STREAM:2016}
  CREATE_STREAM @0 {NAME:master_seq T:Transactions SCOPE:uvm_test_top.env.m_agt[0].sqr STREAM:2025}
  CREATE_STREAM @0 {NAME:mem_seq T:Transactions SCOPE:uvm_test_top.env.s_agt[0].sqr STREAM:2028}
  CREATE_STREAM @0 {NAME:vseq T:Transactions SCOPE:uvm_test_top.env.v_seqr STREAM:2016}
  CREATE_STREAM @0 {NAME:master_seq T:Transactions SCOPE:uvm_test_top.env.m_agt[0].sqr STREAM:2025}
  CREATE_STREAM @0 {NAME:mem_seq T:Transactions SCOPE:uvm_test_top.env.s_agt[0].sqr STREAM:2028}
  CREATE_STREAM @0 {NAME:vseq T:Transactions SCOPE:uvm_test_top.env.v_seqr STREAM:2016}
  CREATE_STREAM @0 {NAME:master_seq T:Transactions SCOPE:uvm_test_top.env.m_agt[0].sqr STREAM:2025}
  CREATE_STREAM @0 {NAME:mem_seq T:Transactions SCOPE:uvm_test_top.env.s_agt[0].sqr STREAM:2028}
  CREATE_STREAM @0 {NAME:vseq T:Transactions SCOPE:uvm_test_top.env.v_seqr STREAM:2016}
  CREATE_STREAM @0 {NAME:master_seq T:Transactions SCOPE:uvm_test_top.env.m_agt[0].sqr STREAM:2025}
  CREATE_STREAM @0 {NAME:mem_seq T:Transactions SCOPE:uvm_test_top.env.s_agt[0].sqr STREAM:2028}
  CREATE_STREAM @0 {NAME:vseq T:Transactions SCOPE:uvm_test_top.env.v_seqr STREAM:2016}
  CREATE_STREAM @0 {NAME:master_seq T:Transactions SCOPE:uvm_test_top.env.m_agt[0].sqr STREAM:2025}
  CREATE_STREAM @0 {NAME:mem_seq T:Transactions SCOPE:uvm_test_top.env.s_agt[0].sqr STREAM:2028}
  CREATE_STREAM @0 {NAME:vseq T:Transactions SCOPE:uvm_test_top.env.v_seqr STREAM:2016}
  CREATE_STREAM @0 {NAME:master_seq T:Transactions SCOPE:uvm_test_top.env.m_agt[0].sqr STREAM:2025}
  CREATE_STREAM @0 {NAME:mem_seq T:Transactions SCOPE:uvm_test_top.env.s_agt[0].sqr STREAM:2028}
  CREATE_STREAM @0 {NAME:vseq T:Transactions SCOPE:uvm_test_top.env.v_seqr STREAM:2016}
  CREATE_STREAM @0 {NAME:master_seq T:Transactions SCOPE:uvm_test_top.env.m_agt[0].sqr STREAM:2025}
  CREATE_STREAM @0 {NAME:mem_seq T:Transactions SCOPE:uvm_test_top.env.s_agt[0].sqr STREAM:2028}
  CREATE_STREAM @0 {NAME:vseq T:Transactions SCOPE:uvm_test_top.env.v_seqr STREAM:2016}
  CREATE_STREAM @0 {NAME:master_seq T:Transactions SCOPE:uvm_test_top.env.m_agt[0].sqr STREAM:2025}
  CREATE_STREAM @0 {NAME:mem_seq T:Transactions SCOPE:uvm_test_top.env.s_agt[0].sqr STREAM:2028}
  CREATE_STREAM @0 {NAME:vseq T:Transactions SCOPE:uvm_test_top.env.v_seqr STREAM:2016}
  CREATE_STREAM @0 {NAME:master_seq T:Transactions SCOPE:uvm_test_top.env.m_agt[0].sqr STREAM:2025}
  CREATE_STREAM @0 {NAME:mem_seq T:Transactions SCOPE:uvm_test_top.env.s_agt[0].sqr STREAM:2028}
  CREATE_STREAM @0 {NAME:vseq T:Transactions SCOPE:uvm_test_top.env.v_seqr STREAM:2016}
  CREATE_STREAM @0 {NAME:master_seq T:Transactions SCOPE:uvm_test_top.env.m_agt[0].sqr STREAM:2025}
  CREATE_STREAM @0 {NAME:mem_seq T:Transactions SCOPE:uvm_test_top.env.s_agt[0].sqr STREAM:2028}
  CREATE_STREAM @0 {NAME:vseq T:Transactions SCOPE:uvm_test_top.env.v_seqr STREAM:2016}
  CREATE_STREAM @0 {NAME:master_seq T:Transactions SCOPE:uvm_test_top.env.m_agt[0].sqr STREAM:2025}
  CREATE_STREAM @0 {NAME:mem_seq T:Transactions SCOPE:uvm_test_top.env.s_agt[0].sqr STREAM:2028}
  CREATE_STREAM @0 {NAME:vseq T:Transactions SCOPE:uvm_test_top.env.v_seqr STREAM:2016}
  CREATE_STREAM @0 {NAME:master_seq T:Transactions SCOPE:uvm_test_top.env.m_agt[0].sqr STREAM:2025}
  CREATE_STREAM @0 {NAME:mem_seq T:Transactions SCOPE:uvm_test_top.env.s_agt[0].sqr STREAM:2028}
  CREATE_STREAM @0 {NAME:vseq T:Transactions SCOPE:uvm_test_top.env.v_seqr STREAM:2016}
  CREATE_STREAM @0 {NAME:master_seq T:Transactions SCOPE:uvm_test_top.env.m_agt[0].sqr STREAM:2025}
  CREATE_STREAM @0 {NAME:mem_seq T:Transactions SCOPE:uvm_test_top.env.s_agt[0].sqr STREAM:2028}
  CREATE_STREAM @0 {NAME:vseq T:Transactions SCOPE:uvm_test_top.env.v_seqr STREAM:2016}
  CREATE_STREAM @0 {NAME:master_seq T:Transactions SCOPE:uvm_test_top.env.m_agt[0].sqr STREAM:2025}
  CREATE_STREAM @0 {NAME:mem_seq T:Transactions SCOPE:uvm_test_top.env.s_agt[0].sqr STREAM:2028}
  CREATE_STREAM @0 {NAME:vseq T:Transactions SCOPE:uvm_test_top.env.v_seqr STREAM:2016}
  CREATE_STREAM @0 {NAME:master_seq T:Transactions SCOPE:uvm_test_top.env.m_agt[0].sqr STREAM:2025}
  CREATE_STREAM @0 {NAME:mem_seq T:Transactions SCOPE:uvm_test_top.env.s_agt[0].sqr STREAM:2028}
  CREATE_STREAM @155000 {NAME:reg_seq T:Transactions SCOPE:uvm_test_top.env.m_agt[0].sqr STREAM:2105}
  CREATE_STREAM @155000 {NAME:reg_seq T:Transactions SCOPE:uvm_test_top.env.m_agt[0].sqr STREAM:2105}
  CREATE_STREAM @155000 {NAME:reg_seq T:Transactions SCOPE:uvm_test_top.env.m_agt[0].sqr STREAM:2105}
  CREATE_STREAM @155000 {NAME:cfg_seq T:Transactions SCOPE:uvm_test_top.env.m_agt[0].sqr STREAM:2105}
  CREATE_STREAM @2035000 {NAME:cap_seq T:Transactions SCOPE:uvm_test_top.env.s_agt[0].sqr STREAM:2301}
  CREATE_STREAM @155000 {NAME:cfg_seq T:Transactions SCOPE:uvm_test_top.env.m_agt[0].sqr STREAM:2105}
  CREATE_STREAM @2035000 {NAME:cap_seq T:Transactions SCOPE:uvm_test_top.env.s_agt[0].sqr STREAM:2301}
  CREATE_STREAM @155000 {NAME:cfg_seq T:Transactions SCOPE:uvm_test_top.env.m_agt[0].sqr STREAM:2105}
  CREATE_STREAM @2035000 {NAME:cap_seq T:Transactions SCOPE:uvm_test_top.env.s_agt[0].sqr STREAM:2301}
  CREATE_STREAM @155000 {NAME:cfg_seq T:Transactions SCOPE:uvm_test_top.env.m_agt[0].sqr STREAM:2105}
  CREATE_STREAM @2035000 {NAME:cap_seq T:Transactions SCOPE:uvm_test_top.env.s_agt[0].sqr STREAM:2301}
  CREATE_STREAM @155000 {NAME:cfg_seq T:Transactions SCOPE:uvm_test_top.env.m_agt[0].sqr STREAM:2105}
  CREATE_STREAM @2035000 {NAME:cap_seq T:Transactions SCOPE:uvm_test_top.env.s_agt[0].sqr STREAM:2301}
  CREATE_STREAM @155000 {NAME:cfg_seq T:Transactions SCOPE:uvm_test_top.env.m_agt[0].sqr STREAM:2105}
  CREATE_STREAM @2035000 {NAME:cap_seq T:Transactions SCOPE:uvm_test_top.env.s_agt[0].sqr STREAM:2301}
  CREATE_STREAM @155000 {NAME:cfg_seq T:Transactions SCOPE:uvm_test_top.env.m_agt[0].sqr STREAM:2105}
  CREATE_STREAM @2035000 {NAME:cap_seq T:Transactions SCOPE:uvm_test_top.env.s_agt[0].sqr STREAM:2301}
  CREATE_STREAM @155000 {NAME:cfg_seq T:Transactions SCOPE:uvm_test_top.env.m_agt[0].sqr STREAM:2105}
  CREATE_STREAM @2295000 {NAME:cap_seq T:Transactions SCOPE:uvm_test_top.env.s_agt[0].sqr STREAM:2336}
  CREATE_STREAM @155000 {NAME:cfg_seq T:Transactions SCOPE:uvm_test_top.env.m_agt[0].sqr STREAM:2105}
  CREATE_STREAM @2465000 {NAME:cap_seq T:Transactions SCOPE:uvm_test_top.env.s_agt[0].sqr STREAM:2365}
  CREATE_STREAM @155000 {NAME:cfg_seq T:Transactions SCOPE:uvm_test_top.env.m_agt[0].sqr STREAM:2105}
  CREATE_STREAM @2465000 {NAME:cap_seq T:Transactions SCOPE:uvm_test_top.env.s_agt[0].sqr STREAM:2365}
  CREATE_STREAM @155000 {NAME:cfg_seq T:Transactions SCOPE:uvm_test_top.env.m_agt[0].sqr STREAM:2105}
  CREATE_STREAM @2465000 {NAME:cap_seq T:Transactions SCOPE:uvm_test_top.env.s_agt[0].sqr STREAM:2365}
  CREATE_STREAM @155000 {NAME:cfg_seq T:Transactions SCOPE:uvm_test_top.env.m_agt[0].sqr STREAM:2105}
  CREATE_STREAM @2465000 {NAME:cap_seq T:Transactions SCOPE:uvm_test_top.env.s_agt[0].sqr STREAM:2365}
  CREATE_STREAM @0 {NAME:vseq T:Transactions SCOPE:uvm_test_top.env.v_seqr STREAM:2020}
  CREATE_STREAM @0 {NAME:master_seq T:Transactions SCOPE:uvm_test_top.env.m_agt[0].sqr STREAM:2029}
  CREATE_STREAM @0 {NAME:mem_seq T:Transactions SCOPE:uvm_test_top.env.s_agt[0].sqr STREAM:2032}
  CREATE_STREAM @0 {NAME:vseq T:Transactions SCOPE:uvm_test_top.env.v_seqr STREAM:2020}
  CREATE_STREAM @0 {NAME:master_seq T:Transactions SCOPE:uvm_test_top.env.m_agt[0].sqr STREAM:2029}
  CREATE_STREAM @0 {NAME:mem_seq T:Transactions SCOPE:uvm_test_top.env.s_agt[0].sqr STREAM:2032}
  CREATE_STREAM @0 {NAME:vseq T:Transactions SCOPE:uvm_test_top.env.v_seqr STREAM:2020}
  CREATE_STREAM @0 {NAME:master_seq T:Transactions SCOPE:uvm_test_top.env.m_agt[0].sqr STREAM:2029}
  CREATE_STREAM @0 {NAME:mem_seq T:Transactions SCOPE:uvm_test_top.env.s_agt[0].sqr STREAM:2032}
  CREATE_STREAM @0 {NAME:vseq T:Transactions SCOPE:uvm_test_top.env.v_seqr STREAM:2020}
  CREATE_STREAM @0 {NAME:master_seq T:Transactions SCOPE:uvm_test_top.env.m_agt[0].sqr STREAM:2029}
  CREATE_STREAM @0 {NAME:mem_seq T:Transactions SCOPE:uvm_test_top.env.s_agt[0].sqr STREAM:2032}
  CREATE_STREAM @0 {NAME:vseq T:Transactions SCOPE:uvm_test_top.env.v_seqr STREAM:2020}
  CREATE_STREAM @0 {NAME:master_seq T:Transactions SCOPE:uvm_test_top.env.m_agt[0].sqr STREAM:2029}
  CREATE_STREAM @0 {NAME:mem_seq T:Transactions SCOPE:uvm_test_top.env.s_agt[0].sqr STREAM:2032}
  CREATE_STREAM @0 {NAME:vseq T:Transactions SCOPE:uvm_test_top.env.v_seqr STREAM:2020}
  CREATE_STREAM @0 {NAME:master_seq T:Transactions SCOPE:uvm_test_top.env.m_agt[0].sqr STREAM:2029}
  CREATE_STREAM @0 {NAME:vseq T:Transactions SCOPE:uvm_test_top.env.v_seqr STREAM:2020}
  CREATE_STREAM @0 {NAME:master_seq T:Transactions SCOPE:uvm_test_top.env.m_agt[0].sqr STREAM:2029}
  CREATE_STREAM @155000 {NAME:cfg_seq T:Transactions SCOPE:uvm_test_top.env.m_agt[0].sqr STREAM:2109}
  CREATE_STREAM @2465000 {NAME:cap_seq T:Transactions SCOPE:uvm_test_top.env.s_agt[0].sqr STREAM:2405}
  CREATE_STREAM @0 {NAME:vseq T:Transactions SCOPE:uvm_test_top.env.v_seqr STREAM:2020}
  CREATE_STREAM @0 {NAME:master_seq T:Transactions SCOPE:uvm_test_top.env.m_agt[0].sqr STREAM:2029}
  CREATE_STREAM @0 {NAME:vseq T:Transactions SCOPE:uvm_test_top.env.v_seqr STREAM:2020}
  CREATE_STREAM @0 {NAME:master_seq T:Transactions SCOPE:uvm_test_top.env.m_agt[0].sqr STREAM:2029}
  CREATE_STREAM @0 {NAME:vseq T:Transactions SCOPE:uvm_test_top.env.v_seqr STREAM:2020}
  CREATE_STREAM @0 {NAME:master_seq T:Transactions SCOPE:uvm_test_top.env.m_agt[0].sqr STREAM:2029}
  CREATE_STREAM @0 {NAME:vseq T:Transactions SCOPE:uvm_test_top.env.v_seqr STREAM:2020}
  CREATE_STREAM @0 {NAME:master_seq T:Transactions SCOPE:uvm_test_top.env.m_agt[0].sqr STREAM:2029}
  CREATE_STREAM @155000 {NAME:vseq T:Transactions SCOPE:uvm_test_top.env.v_seqr STREAM:2115}
  CREATE_STREAM @155000 {NAME:master_seq T:Transactions SCOPE:uvm_test_top.env.m_agt[0].sqr STREAM:2202}
  CREATE_STREAM @155000 {NAME:vseq T:Transactions SCOPE:uvm_test_top.env.v_seqr STREAM:2115}
  CREATE_STREAM @155000 {NAME:master_seq T:Transactions SCOPE:uvm_test_top.env.m_agt[0].sqr STREAM:2202}
  CREATE_STREAM @155000 {NAME:vseq T:Transactions SCOPE:uvm_test_top.env.v_seqr STREAM:2115}
  CREATE_STREAM @155000 {NAME:master_seq T:Transactions SCOPE:uvm_test_top.env.m_agt[0].sqr STREAM:2202}
  CREATE_STREAM @155000 {NAME:vseq T:Transactions SCOPE:uvm_test_top.env.v_seqr STREAM:2115}
  CREATE_STREAM @155000 {NAME:master_seq T:Transactions SCOPE:uvm_test_top.env.m_agt[0].sqr STREAM:2202}
  CREATE_STREAM @155000 {NAME:mem_seq T:Transactions SCOPE:uvm_test_top.env.s_agt[0].sqr STREAM:2205}
  CREATE_STREAM @155000 {NAME:vseq T:Transactions SCOPE:uvm_test_top.env.v_seqr STREAM:2115}
  CREATE_STREAM @155000 {NAME:master_seq T:Transactions SCOPE:uvm_test_top.env.m_agt[0].sqr STREAM:2202}
  CREATE_STREAM @155000 {NAME:mem_seq T:Transactions SCOPE:uvm_test_top.env.s_agt[0].sqr STREAM:2205}
  CREATE_STREAM @155000 {NAME:vseq T:Transactions SCOPE:uvm_test_top.env.v_seqr STREAM:2115}
  CREATE_STREAM @155000 {NAME:master_seq T:Transactions SCOPE:uvm_test_top.env.m_agt[0].sqr STREAM:2202}
  CREATE_STREAM @155000 {NAME:mem_seq T:Transactions SCOPE:uvm_test_top.env.s_agt[0].sqr STREAM:2205}
  CREATE_STREAM @155000 {NAME:vseq T:Transactions SCOPE:uvm_test_top.env.v_seqr STREAM:2115}
  CREATE_STREAM @155000 {NAME:master_seq T:Transactions SCOPE:uvm_test_top.env.m_agt[0].sqr STREAM:2202}
  CREATE_STREAM @155000 {NAME:mem_seq T:Transactions SCOPE:uvm_test_top.env.s_agt[0].sqr STREAM:2205}
  CREATE_STREAM @155000 {NAME:vseq T:Transactions SCOPE:uvm_test_top.env.v_seqr STREAM:2115}
  CREATE_STREAM @155000 {NAME:master_seq T:Transactions SCOPE:uvm_test_top.env.m_agt[0].sqr STREAM:2202}
  CREATE_STREAM @155000 {NAME:mem_seq T:Transactions SCOPE:uvm_test_top.env.s_agt[0].sqr STREAM:2205}
  CREATE_STREAM @155000 {NAME:vseq T:Transactions SCOPE:uvm_test_top.env.v_seqr STREAM:2115}
  CREATE_STREAM @155000 {NAME:master_seq T:Transactions SCOPE:uvm_test_top.env.m_agt[0].sqr STREAM:2202}
  CREATE_STREAM @155000 {NAME:vseq T:Transactions SCOPE:uvm_test_top.env.v_seqr STREAM:2115}
  CREATE_STREAM @155000 {NAME:master_seq T:Transactions SCOPE:uvm_test_top.env.m_agt[0].sqr STREAM:2202}
  CREATE_STREAM @155000 {NAME:vseq T:Transactions SCOPE:uvm_test_top.env.v_seqr STREAM:2115}
  CREATE_STREAM @155000 {NAME:master_seq T:Transactions SCOPE:uvm_test_top.env.m_agt[0].sqr STREAM:2202}
  CREATE_STREAM @155000 {NAME:vseq T:Transactions SCOPE:uvm_test_top.env.v_seqr STREAM:2115}
  CREATE_STREAM @155000 {NAME:master_seq T:Transactions SCOPE:uvm_test_top.env.m_agt[0].sqr STREAM:2202}
  CREATE_STREAM @155000 {NAME:vseq T:Transactions SCOPE:uvm_test_top.env.v_seqr STREAM:2115}
  CREATE_STREAM @155000 {NAME:master_seq T:Transactions SCOPE:uvm_test_top.env.m_agt[0].sqr STREAM:2202}
  CREATE_STREAM @155000 {NAME:vseq T:Transactions SCOPE:uvm_test_top.env.v_seqr STREAM:2115}
  CREATE_STREAM @155000 {NAME:master_seq T:Transactions SCOPE:uvm_test_top.env.m_agt[0].sqr STREAM:2202}
  CREATE_STREAM @155000 {NAME:vseq T:Transactions SCOPE:uvm_test_top.env.v_seqr STREAM:2115}
  CREATE_STREAM @155000 {NAME:master_seq T:Transactions SCOPE:uvm_test_top.env.m_agt[0].sqr STREAM:2202}
  CREATE_STREAM @155000 {NAME:vseq T:Transactions SCOPE:uvm_test_top.env.v_seqr STREAM:2115}
  CREATE_STREAM @155000 {NAME:master_seq T:Transactions SCOPE:uvm_test_top.env.m_agt[0].sqr STREAM:2202}
  CREATE_STREAM @155000 {NAME:vseq T:Transactions SCOPE:uvm_test_top.env.v_seqr STREAM:2115}
  CREATE_STREAM @155000 {NAME:master_seq T:Transactions SCOPE:uvm_test_top.env.m_agt[0].sqr STREAM:2202}
  CREATE_STREAM @155000 {NAME:vseq T:Transactions SCOPE:uvm_test_top.env.v_seqr STREAM:2115}
  CREATE_STREAM @155000 {NAME:master_seq T:Transactions SCOPE:uvm_test_top.env.m_agt[0].sqr STREAM:2202}
  CREATE_STREAM @155000 {NAME:vseq T:Transactions SCOPE:uvm_test_top.env.v_seqr STREAM:2115}
  CREATE_STREAM @155000 {NAME:master_seq T:Transactions SCOPE:uvm_test_top.env.m_agt[0].sqr STREAM:2202}
  CREATE_STREAM @155000 {NAME:vseq T:Transactions SCOPE:uvm_test_top.env.v_seqr STREAM:2115}
  CREATE_STREAM @155000 {NAME:master_seq T:Transactions SCOPE:uvm_test_top.env.m_agt[0].sqr STREAM:2202}
  CREATE_STREAM @155000 {NAME:vseq T:Transactions SCOPE:uvm_test_top.env.v_seqr STREAM:2115}
  CREATE_STREAM @155000 {NAME:master_seq T:Transactions SCOPE:uvm_test_top.env.m_agt[0].sqr STREAM:2202}
  CREATE_STREAM @155000 {NAME:vseq T:Transactions SCOPE:uvm_test_top.env.v_seqr STREAM:2115}
  CREATE_STREAM @155000 {NAME:master_seq T:Transactions SCOPE:uvm_test_top.env.m_agt[0].sqr STREAM:2202}
  CREATE_STREAM @155000 {NAME:vseq T:Transactions SCOPE:uvm_test_top.env.v_seqr STREAM:2115}
  CREATE_STREAM @155000 {NAME:master_seq T:Transactions SCOPE:uvm_test_top.env.m_agt[0].sqr STREAM:2202}
  CREATE_STREAM @155000 {NAME:vseq T:Transactions SCOPE:uvm_test_top.env.v_seqr STREAM:2115}
  CREATE_STREAM @155000 {NAME:master_seq T:Transactions SCOPE:uvm_test_top.env.m_agt[0].sqr STREAM:2202}
  CREATE_STREAM @155000 {NAME:vseq T:Transactions SCOPE:uvm_test_top.env.v_seqr STREAM:2115}
  CREATE_STREAM @155000 {NAME:master_seq T:Transactions SCOPE:uvm_test_top.env.m_agt[0].sqr STREAM:2202}
  CREATE_STREAM @155000 {NAME:vseq T:Transactions SCOPE:uvm_test_top.env.v_seqr STREAM:2115}
  CREATE_STREAM @155000 {NAME:master_seq T:Transactions SCOPE:uvm_test_top.env.m_agt[0].sqr STREAM:2202}
  CREATE_STREAM @155000 {NAME:vseq T:Transactions SCOPE:uvm_test_top.env.v_seqr STREAM:2115}
  CREATE_STREAM @155000 {NAME:master_seq T:Transactions SCOPE:uvm_test_top.env.m_agt[0].sqr STREAM:2202}
  CREATE_STREAM @155000 {NAME:vseq T:Transactions SCOPE:uvm_test_top.env.v_seqr STREAM:2115}
  CREATE_STREAM @155000 {NAME:slave_resp_seq T:Transactions SCOPE:uvm_test_top.env.s_agt[0].sqr STREAM:2206}
  CREATE_STREAM @155000 {NAME:master_reg_seq T:Transactions SCOPE:uvm_test_top.env.m_agt[0].sqr STREAM:2211}
  CREATE_STREAM @155000 {NAME:vseq T:Transactions SCOPE:uvm_test_top.env.v_seqr STREAM:2115}
  CREATE_STREAM @155000 {NAME:slave_resp_seq T:Transactions SCOPE:uvm_test_top.env.s_agt[0].sqr STREAM:2206}
  CREATE_STREAM @155000 {NAME:master_reg_seq T:Transactions SCOPE:uvm_test_top.env.m_agt[0].sqr STREAM:2211}
  CREATE_STREAM @155000 {NAME:vseq T:Transactions SCOPE:uvm_test_top.env.v_seqr STREAM:2115}
  CREATE_STREAM @155000 {NAME:slave_resp_seq T:Transactions SCOPE:uvm_test_top.env.s_agt[0].sqr STREAM:2206}
  CREATE_STREAM @155000 {NAME:master_reg_seq T:Transactions SCOPE:uvm_test_top.env.m_agt[0].sqr STREAM:2211}
  CREATE_STREAM @155000 {NAME:vseq T:Transactions SCOPE:uvm_test_top.env.v_seqr STREAM:2115}
  CREATE_STREAM @155000 {NAME:slave_resp_seq T:Transactions SCOPE:uvm_test_top.env.s_agt[0].sqr STREAM:2206}
  CREATE_STREAM @155000 {NAME:master_reg_seq T:Transactions SCOPE:uvm_test_top.env.m_agt[0].sqr STREAM:2211}
  CREATE_STREAM @155000 {NAME:vseq T:Transactions SCOPE:uvm_test_top.env.v_seqr STREAM:2115}
  CREATE_STREAM @155000 {NAME:slave_resp_seq T:Transactions SCOPE:uvm_test_top.env.s_agt[0].sqr STREAM:2206}
  CREATE_STREAM @155000 {NAME:master_reg_seq T:Transactions SCOPE:uvm_test_top.env.m_agt[0].sqr STREAM:2211}
  CREATE_STREAM @155000 {NAME:vseq T:Transactions SCOPE:uvm_test_top.env.v_seqr STREAM:2115}
  CREATE_STREAM @155000 {NAME:slave_resp_seq T:Transactions SCOPE:uvm_test_top.env.s_agt[0].sqr STREAM:2206}
  CREATE_STREAM @155000 {NAME:master_reg_seq T:Transactions SCOPE:uvm_test_top.env.m_agt[0].sqr STREAM:2211}
  CREATE_STREAM @155000 {NAME:vseq T:Transactions SCOPE:uvm_test_top.env.v_seqr STREAM:2115}
  CREATE_STREAM @155000 {NAME:slave_resp_seq T:Transactions SCOPE:uvm_test_top.env.s_agt[0].sqr STREAM:2206}
  CREATE_STREAM @155000 {NAME:master_reg_seq T:Transactions SCOPE:uvm_test_top.env.m_agt[0].sqr STREAM:2211}
  CREATE_STREAM @155000 {NAME:vseq T:Transactions SCOPE:uvm_test_top.env.v_seqr STREAM:2115}
  CREATE_STREAM @155000 {NAME:slave_resp_seq T:Transactions SCOPE:uvm_test_top.env.s_agt[0].sqr STREAM:2206}
  CREATE_STREAM @155000 {NAME:master_reg_seq T:Transactions SCOPE:uvm_test_top.env.m_agt[0].sqr STREAM:2211}
  CREATE_STREAM @155000 {NAME:vseq T:Transactions SCOPE:uvm_test_top.env.v_seqr STREAM:2115}
  CREATE_STREAM @155000 {NAME:slave_resp_seq T:Transactions SCOPE:uvm_test_top.env.s_agt[0].sqr STREAM:2206}
  CREATE_STREAM @155000 {NAME:master_reg_seq T:Transactions SCOPE:uvm_test_top.env.m_agt[0].sqr STREAM:2211}
  CREATE_STREAM @155000 {NAME:vseq T:Transactions SCOPE:uvm_test_top.env.v_seqr STREAM:2115}
  CREATE_STREAM @155000 {NAME:slave_resp_seq T:Transactions SCOPE:uvm_test_top.env.s_agt[0].sqr STREAM:2220}
  CREATE_STREAM @155000 {NAME:master_reg_seq T:Transactions SCOPE:uvm_test_top.env.m_agt[0].sqr STREAM:2225}
  CREATE_STREAM @155000 {NAME:vseq T:Transactions SCOPE:uvm_test_top.env.v_seqr STREAM:2115}
  CREATE_STREAM @155000 {NAME:slave_resp_seq T:Transactions SCOPE:uvm_test_top.env.s_agt[0].sqr STREAM:2220}
  CREATE_STREAM @155000 {NAME:master_reg_seq T:Transactions SCOPE:uvm_test_top.env.m_agt[0].sqr STREAM:2225}
  CREATE_STREAM @155000 {NAME:vseq T:Transactions SCOPE:uvm_test_top.env.v_seqr STREAM:2115}
  CREATE_STREAM @155000 {NAME:slave_resp_seq T:Transactions SCOPE:uvm_test_top.env.s_agt[0].sqr STREAM:2220}
  CREATE_STREAM @155000 {NAME:master_reg_seq T:Transactions SCOPE:uvm_test_top.env.m_agt[0].sqr STREAM:2225}
  CREATE_STREAM @155000 {NAME:vseq T:Transactions SCOPE:uvm_test_top.env.v_seqr STREAM:2115}
  CREATE_STREAM @155000 {NAME:slave_resp_seq T:Transactions SCOPE:uvm_test_top.env.s_agt[0].sqr STREAM:2220}
  CREATE_STREAM @155000 {NAME:master_reg_seq T:Transactions SCOPE:uvm_test_top.env.m_agt[0].sqr STREAM:2225}
  CREATE_STREAM @155000 {NAME:vseq T:Transactions SCOPE:uvm_test_top.env.v_seqr STREAM:2115}
  CREATE_STREAM @155000 {NAME:slave_resp_seq T:Transactions SCOPE:uvm_test_top.env.s_agt[0].sqr STREAM:2220}
  CREATE_STREAM @155000 {NAME:master_reg_seq T:Transactions SCOPE:uvm_test_top.env.m_agt[0].sqr STREAM:2225}
  CREATE_STREAM @155000 {NAME:vseq T:Transactions SCOPE:uvm_test_top.env.v_seqr STREAM:2115}
  CREATE_STREAM @155000 {NAME:slave_resp_seq T:Transactions SCOPE:uvm_test_top.env.s_agt[0].sqr STREAM:2220}
  CREATE_STREAM @155000 {NAME:master_reg_seq T:Transactions SCOPE:uvm_test_top.env.m_agt[0].sqr STREAM:2225}
  CREATE_STREAM @155000 {NAME:vseq T:Transactions SCOPE:uvm_test_top.env.v_seqr STREAM:2115}
  CREATE_STREAM @155000 {NAME:slave_resp_seq T:Transactions SCOPE:uvm_test_top.env.s_agt[0].sqr STREAM:2220}
  CREATE_STREAM @155000 {NAME:master_reg_seq T:Transactions SCOPE:uvm_test_top.env.m_agt[0].sqr STREAM:2225}
  CREATE_STREAM @155000 {NAME:vseq T:Transactions SCOPE:uvm_test_top.env.v_seqr STREAM:2115}
  CREATE_STREAM @155000 {NAME:slave_resp_seq T:Transactions SCOPE:uvm_test_top.env.s_agt[0].sqr STREAM:2220}
  CREATE_STREAM @155000 {NAME:master_reg_seq T:Transactions SCOPE:uvm_test_top.env.m_agt[0].sqr STREAM:2225}
  CREATE_STREAM @155000 {NAME:master_seq T:Transactions SCOPE:uvm_test_top.env.s_agt[0].sqr STREAM:2112}
  CREATE_STREAM @155000 {NAME:slave_seq T:Transactions SCOPE:uvm_test_top.env.s_agt[0].sqr STREAM:2115}
  CREATE_STREAM @155000 {NAME:master_seq T:Transactions SCOPE:uvm_test_top.env.s_agt[0].sqr STREAM:2112}
  CREATE_STREAM @155000 {NAME:slave_seq T:Transactions SCOPE:uvm_test_top.env.s_agt[0].sqr STREAM:2115}
  CREATE_STREAM @155000 {NAME:master_seq T:Transactions SCOPE:uvm_test_top.env.m_agt[0].sqr STREAM:2112}
  CREATE_STREAM @155000 {NAME:slave_seq T:Transactions SCOPE:uvm_test_top.env.s_agt[0].sqr STREAM:2115}
  CREATE_STREAM @155000 {NAME:master_seq T:Transactions SCOPE:uvm_test_top.env.m_agt[0].sqr STREAM:2112}
  CREATE_STREAM @155000 {NAME:master_seq T:Transactions SCOPE:uvm_test_top.env.m_agt[0].sqr STREAM:2112}
  CREATE_STREAM @155000 {NAME:master_seq T:Transactions SCOPE:uvm_test_top.env.m_agt[0].sqr STREAM:2112}
  CREATE_STREAM @155000 {NAME:master_seq T:Transactions SCOPE:uvm_test_top.env.m_agt[0].sqr STREAM:2112}
  CREATE_STREAM @155000 {NAME:master_seq T:Transactions SCOPE:uvm_test_top.env.m_agt[0].sqr STREAM:2112}
  CREATE_STREAM @155000 {NAME:master_seq T:Transactions SCOPE:uvm_test_top.env.m_agt[0].sqr STREAM:2112}
  CREATE_STREAM @155000 {NAME:master_seq T:Transactions SCOPE:uvm_test_top.env.m_agt[0].sqr STREAM:2112}
  CREATE_STREAM @155000 {NAME:master_seq T:Transactions SCOPE:uvm_test_top.env.m_agt[0].sqr STREAM:2112}
  CREATE_STREAM @155000 {NAME:master_seq T:Transactions SCOPE:uvm_test_top.env.m_agt[0].sqr STREAM:2092}
  CREATE_STREAM @155000 {NAME:master_seq T:Transactions SCOPE:uvm_test_top.env.m_agt[0].sqr STREAM:2092}
  CREATE_STREAM @155000 {NAME:master_seq T:Transactions SCOPE:uvm_test_top.env.m_agt[0].sqr STREAM:2092}
  CREATE_STREAM @155000 {NAME:master_seq T:Transactions SCOPE:uvm_test_top.env.m_agt[0].sqr STREAM:2092}
  CREATE_STREAM @155000 {NAME:master_seq T:Transactions SCOPE:uvm_test_top.env.m_agt[0].sqr STREAM:2092}
  CREATE_STREAM @155000 {NAME:master_seq T:Transactions SCOPE:uvm_test_top.env.m_agt[0].sqr STREAM:2092}
  CREATE_STREAM @155000 {NAME:master_seq T:Transactions SCOPE:uvm_test_top.env.m_agt[0].sqr STREAM:2092}
  CREATE_STREAM @155000 {NAME:master_seq T:Transactions SCOPE:uvm_test_top.env.m_agt[0].sqr STREAM:2092}
  CREATE_STREAM @155000 {NAME:slave_seq T:Transactions SCOPE:uvm_test_top.env.s_agt[0].sqr STREAM:2095}
  CREATE_STREAM @155000 {NAME:master_seq T:Transactions SCOPE:uvm_test_top.env.m_agt[0].sqr STREAM:2092}
  CREATE_STREAM @155000 {NAME:slave_seq T:Transactions SCOPE:uvm_test_top.env.s_agt[0].sqr STREAM:2095}
  CREATE_STREAM @155000 {NAME:master_seq T:Transactions SCOPE:uvm_test_top.env.m_agt[0].sqr STREAM:2092}
  CREATE_STREAM @155000 {NAME:slave_seq T:Transactions SCOPE:uvm_test_top.env.s_agt[0].sqr STREAM:2095}
  CREATE_STREAM @155000 {NAME:master_seq T:Transactions SCOPE:uvm_test_top.env.m_agt[0].sqr STREAM:2092}
  CREATE_STREAM @155000 {NAME:slave_seq T:Transactions SCOPE:uvm_test_top.env.s_agt[0].sqr STREAM:2095}
  CREATE_STREAM @155000 {NAME:master_seq T:Transactions SCOPE:uvm_test_top.env.m_agt[0].sqr STREAM:2092}
  CREATE_STREAM @155000 {NAME:slave_seq T:Transactions SCOPE:uvm_test_top.env.s_agt[0].sqr STREAM:2095}
  CREATE_STREAM @155000 {NAME:master_seq T:Transactions SCOPE:uvm_test_top.env.m_agt[0].sqr STREAM:2092}
  CREATE_STREAM @155000 {NAME:slave_seq T:Transactions SCOPE:uvm_test_top.env.s_agt[0].sqr STREAM:2095}
  CREATE_STREAM @155000 {NAME:master_seq T:Transactions SCOPE:uvm_test_top.env.m_agt[0].sqr STREAM:2092}
  CREATE_STREAM @155000 {NAME:slave_seq T:Transactions SCOPE:uvm_test_top.env.s_agt[0].sqr STREAM:2095}
  CREATE_STREAM @155000 {NAME:master_seq T:Transactions SCOPE:uvm_test_top.env.m_agt[0].sqr STREAM:2092}
  CREATE_STREAM @155000 {NAME:slave_seq T:Transactions SCOPE:uvm_test_top.env.s_agt[0].sqr STREAM:2095}
  CREATE_STREAM @155000 {NAME:master_seq T:Transactions SCOPE:uvm_test_top.env.m_agt[0].sqr STREAM:2092}
  CREATE_STREAM @155000 {NAME:slave_seq T:Transactions SCOPE:uvm_test_top.env.s_agt[0].sqr STREAM:2095}
  CREATE_STREAM @155000 {NAME:master_seq T:Transactions SCOPE:uvm_test_top.env.m_agt[0].sqr STREAM:2092}
  CREATE_STREAM @155000 {NAME:slave_seq T:Transactions SCOPE:uvm_test_top.env.s_agt[0].sqr STREAM:2095}
  CREATE_STREAM @155000 {NAME:master_seq T:Transactions SCOPE:uvm_test_top.env.m_agt[0].sqr STREAM:2092}
  CREATE_STREAM @155000 {NAME:slave_seq T:Transactions SCOPE:uvm_test_top.env.s_agt[0].sqr STREAM:2095}
  CREATE_STREAM @155000 {NAME:master_seq T:Transactions SCOPE:uvm_test_top.env.m_agt[0].sqr STREAM:2092}
  CREATE_STREAM @155000 {NAME:slave_seq T:Transactions SCOPE:uvm_test_top.env.s_agt[0].sqr STREAM:2095}
  CREATE_STREAM @155000 {NAME:master_seq T:Transactions SCOPE:uvm_test_top.env.m_agt[0].sqr STREAM:2092}
  CREATE_STREAM @155000 {NAME:slave_seq T:Transactions SCOPE:uvm_test_top.env.s_agt[0].sqr STREAM:2095}
  CREATE_STREAM @155000 {NAME:master_seq T:Transactions SCOPE:uvm_test_top.env.m_agt[0].sqr STREAM:2092}
  CREATE_STREAM @155000 {NAME:slave_seq T:Transactions SCOPE:uvm_test_top.env.s_agt[0].sqr STREAM:2095}
  CREATE_STREAM @155000 {NAME:master_seq T:Transactions SCOPE:uvm_test_top.env.m_agt[0].sqr STREAM:2092}
  CREATE_STREAM @155000 {NAME:slave_seq T:Transactions SCOPE:uvm_test_top.env.s_agt[0].sqr STREAM:2095}
  CREATE_STREAM @155000 {NAME:master_seq T:Transactions SCOPE:uvm_test_top.env.m_agt[0].sqr STREAM:2092}
  CREATE_STREAM @155000 {NAME:slave_seq T:Transactions SCOPE:uvm_test_top.env.s_agt[0].sqr STREAM:2095}
  CREATE_STREAM @155000 {NAME:master_seq T:Transactions SCOPE:uvm_test_top.env.m_agt[0].sqr STREAM:2092}
  CREATE_STREAM @155000 {NAME:slave_seq T:Transactions SCOPE:uvm_test_top.env.s_agt[0].sqr STREAM:2095}
  CREATE_STREAM @155000 {NAME:master_seq T:Transactions SCOPE:uvm_test_top.env.m_agt[0].sqr STREAM:2092}
  CREATE_STREAM @155000 {NAME:slave_seq T:Transactions SCOPE:uvm_test_top.env.s_agt[0].sqr STREAM:2095}
  CREATE_STREAM @155000 {NAME:master_seq T:Transactions SCOPE:uvm_test_top.env.m_agt[0].sqr STREAM:2092}
  CREATE_STREAM @155000 {NAME:slave_seq T:Transactions SCOPE:uvm_test_top.env.s_agt[0].sqr STREAM:2095}
  CREATE_STREAM @155000 {NAME:master_seq T:Transactions SCOPE:uvm_test_top.env.m_agt[0].sqr STREAM:2092}
  CREATE_STREAM @155000 {NAME:slave_seq T:Transactions SCOPE:uvm_test_top.env.s_agt[0].sqr STREAM:2095}
  CREATE_STREAM @155000 {NAME:master_seq T:Transactions SCOPE:uvm_test_top.env.m_agt[0].sqr STREAM:2092}
  CREATE_STREAM @155000 {NAME:slave_seq T:Transactions SCOPE:uvm_test_top.env.s_agt[0].sqr STREAM:2095}
  CREATE_STREAM @155000 {NAME:master_seq T:Transactions SCOPE:uvm_test_top.env.m_agt[0].sqr STREAM:2092}
  CREATE_STREAM @155000 {NAME:slave_seq T:Transactions SCOPE:uvm_test_top.env.s_agt[0].sqr STREAM:2095}
  CREATE_STREAM @155000 {NAME:master_seq T:Transactions SCOPE:uvm_test_top.env.m_agt[0].sqr STREAM:2092}
  CREATE_STREAM @155000 {NAME:slave_seq T:Transactions SCOPE:uvm_test_top.env.s_agt[0].sqr STREAM:2095}
  CREATE_STREAM @155000 {NAME:master_seq T:Transactions SCOPE:uvm_test_top.env.m_agt[0].sqr STREAM:2092}
  CREATE_STREAM @155000 {NAME:slave_seq T:Transactions SCOPE:uvm_test_top.env.s_agt[0].sqr STREAM:2095}
  CREATE_STREAM @155000 {NAME:master_seq T:Transactions SCOPE:uvm_test_top.env.m_agt[0].sqr STREAM:2092}
  CREATE_STREAM @155000 {NAME:slave_seq T:Transactions SCOPE:uvm_test_top.env.s_agt[0].sqr STREAM:2095}
  CREATE_STREAM @155000 {NAME:master_seq T:Transactions SCOPE:uvm_test_top.env.m_agt[0].sqr STREAM:2092}
  CREATE_STREAM @155000 {NAME:slave_seq T:Transactions SCOPE:uvm_test_top.env.s_agt[0].sqr STREAM:2095}
  CREATE_STREAM @155000 {NAME:master_seq T:Transactions SCOPE:uvm_test_top.env.m_agt[0].sqr STREAM:2092}
  CREATE_STREAM @155000 {NAME:slave_seq T:Transactions SCOPE:uvm_test_top.env.s_agt[0].sqr STREAM:2095}
  CREATE_STREAM @155000 {NAME:master_seq T:Transactions SCOPE:uvm_test_top.env.m_agt[0].sqr STREAM:2092}
  CREATE_STREAM @155000 {NAME:slave_seq T:Transactions SCOPE:uvm_test_top.env.s_agt[0].sqr STREAM:2095}
  CREATE_STREAM @155000 {NAME:master_seq T:Transactions SCOPE:uvm_test_top.env.m_agt[0].sqr STREAM:2092}
  CREATE_STREAM @155000 {NAME:slave_seq T:Transactions SCOPE:uvm_test_top.env.s_agt[0].sqr STREAM:2095}
  CREATE_STREAM @155000 {NAME:master_seq T:Transactions SCOPE:uvm_test_top.env.m_agt[0].sqr STREAM:2092}
  CREATE_STREAM @155000 {NAME:slave_seq T:Transactions SCOPE:uvm_test_top.env.s_agt[0].sqr STREAM:2095}
  CREATE_STREAM @155000 {NAME:master_seq T:Transactions SCOPE:uvm_test_top.env.m_agt[0].sqr STREAM:2092}
  CREATE_STREAM @155000 {NAME:slave_seq T:Transactions SCOPE:uvm_test_top.env.s_agt[0].sqr STREAM:2095}
  CREATE_STREAM @155000 {NAME:master_seq T:Transactions SCOPE:uvm_test_top.env.m_agt[0].sqr STREAM:2092}
  CREATE_STREAM @155000 {NAME:slave_seq T:Transactions SCOPE:uvm_test_top.env.s_agt[0].sqr STREAM:2095}
  CREATE_STREAM @155000 {NAME:master_seq T:Transactions SCOPE:uvm_test_top.env.m_agt[0].sqr STREAM:2092}
  CREATE_STREAM @155000 {NAME:slave_seq T:Transactions SCOPE:uvm_test_top.env.s_agt[0].sqr STREAM:2095}
  CREATE_STREAM @155000 {NAME:master_seq T:Transactions SCOPE:uvm_test_top.env.m_agt[0].sqr STREAM:2092}
  CREATE_STREAM @155000 {NAME:slave_seq T:Transactions SCOPE:uvm_test_top.env.s_agt[0].sqr STREAM:2095}
  CREATE_STREAM @155000 {NAME:master_seq T:Transactions SCOPE:uvm_test_top.env.m_agt[0].sqr STREAM:2092}
  CREATE_STREAM @155000 {NAME:slave_seq T:Transactions SCOPE:uvm_test_top.env.s_agt[0].sqr STREAM:2095}
  CREATE_STREAM @155000 {NAME:master_seq T:Transactions SCOPE:uvm_test_top.env.m_agt[0].sqr STREAM:2092}
  CREATE_STREAM @155000 {NAME:slave_seq T:Transactions SCOPE:uvm_test_top.env.s_agt[0].sqr STREAM:2095}
  CREATE_STREAM @155000 {NAME:master_seq T:Transactions SCOPE:uvm_test_top.env.m_agt[0].sqr STREAM:2092}
  CREATE_STREAM @155000 {NAME:slave_seq T:Transactions SCOPE:uvm_test_top.env.s_agt[0].sqr STREAM:2095}
  CREATE_STREAM @155000 {NAME:master_seq T:Transactions SCOPE:uvm_test_top.env.m_agt[0].sqr STREAM:2092}
  CREATE_STREAM @155000 {NAME:slave_seq T:Transactions SCOPE:uvm_test_top.env.s_agt[0].sqr STREAM:2095}
  CREATE_STREAM @155000 {NAME:master_seq T:Transactions SCOPE:uvm_test_top.env.m_agt[0].sqr STREAM:2092}
  CREATE_STREAM @155000 {NAME:slave_seq T:Transactions SCOPE:uvm_test_top.env.s_agt[0].sqr STREAM:2095}
  CREATE_STREAM @155000 {NAME:master_seq T:Transactions SCOPE:uvm_test_top.env.m_agt[0].sqr STREAM:2092}
  CREATE_STREAM @155000 {NAME:slave_seq T:Transactions SCOPE:uvm_test_top.env.s_agt[0].sqr STREAM:2095}
  CREATE_STREAM @155000 {NAME:master_seq T:Transactions SCOPE:uvm_test_top.env.m_agt[0].sqr STREAM:2092}
  CREATE_STREAM @155000 {NAME:slave_seq T:Transactions SCOPE:uvm_test_top.env.s_agt[0].sqr STREAM:2095}
  CREATE_STREAM @155000 {NAME:master_seq T:Transactions SCOPE:uvm_test_top.env.m_agt[0].sqr STREAM:2092}
  CREATE_STREAM @155000 {NAME:slave_seq T:Transactions SCOPE:uvm_test_top.env.s_agt[0].sqr STREAM:2095}
  CREATE_STREAM @155000 {NAME:master_seq T:Transactions SCOPE:uvm_test_top.env.m_agt[0].sqr STREAM:2092}
  CREATE_STREAM @155000 {NAME:slave_seq T:Transactions SCOPE:uvm_test_top.env.s_agt[0].sqr STREAM:2095}
  CREATE_STREAM @155000 {NAME:master_seq T:Transactions SCOPE:uvm_test_top.env.m_agt[0].sqr STREAM:2092}
  CREATE_STREAM @155000 {NAME:slave_seq T:Transactions SCOPE:uvm_test_top.env.s_agt[0].sqr STREAM:2095}
  CREATE_STREAM @155000 {NAME:master_seq T:Transactions SCOPE:uvm_test_top.env.m_agt[0].sqr STREAM:2092}
  CREATE_STREAM @155000 {NAME:slave_seq T:Transactions SCOPE:uvm_test_top.env.s_agt[0].sqr STREAM:2095}
  CREATE_STREAM @155000 {NAME:master_seq T:Transactions SCOPE:uvm_test_top.env.m_agt[0].sqr STREAM:2092}
  CREATE_STREAM @155000 {NAME:slave_seq T:Transactions SCOPE:uvm_test_top.env.s_agt[0].sqr STREAM:2095}
  CREATE_STREAM @155000 {NAME:master_seq T:Transactions SCOPE:uvm_test_top.env.m_agt[0].sqr STREAM:2092}
  CREATE_STREAM @155000 {NAME:slave_seq T:Transactions SCOPE:uvm_test_top.env.s_agt[0].sqr STREAM:2095}
  CREATE_STREAM @155000 {NAME:master_seq T:Transactions SCOPE:uvm_test_top.env.m_agt[0].sqr STREAM:2092}
  CREATE_STREAM @155000 {NAME:slave_seq T:Transactions SCOPE:uvm_test_top.env.s_agt[0].sqr STREAM:2095}
  CREATE_STREAM @155000 {NAME:master_seq T:Transactions SCOPE:uvm_test_top.env.m_agt[0].sqr STREAM:2092}
  CREATE_STREAM @155000 {NAME:slave_seq T:Transactions SCOPE:uvm_test_top.env.s_agt[0].sqr STREAM:2095}
  CREATE_STREAM @155000 {NAME:master_seq T:Transactions SCOPE:uvm_test_top.env.m_agt[0].sqr STREAM:2092}
  CREATE_STREAM @155000 {NAME:slave_seq T:Transactions SCOPE:uvm_test_top.env.s_agt[0].sqr STREAM:2095}
  CREATE_STREAM @155000 {NAME:vseq T:Transactions SCOPE:uvm_test_top.env.v_seqr STREAM:2095}
  CREATE_STREAM @155000 {NAME:slave_resp_seq T:Transactions SCOPE:uvm_test_top.env.s_agt[0].sqr STREAM:2178}
  CREATE_STREAM @155000 {NAME:master_reg_seq T:Transactions SCOPE:uvm_test_top.env.m_agt[0].sqr STREAM:2183}
  CREATE_STREAM @155000 {NAME:vseq T:Transactions SCOPE:uvm_test_top.env.v_seqr STREAM:2095}
  CREATE_STREAM @155000 {NAME:slave_resp_seq T:Transactions SCOPE:uvm_test_top.env.s_agt[0].sqr STREAM:2178}
  CREATE_STREAM @155000 {NAME:master_reg_seq T:Transactions SCOPE:uvm_test_top.env.m_agt[0].sqr STREAM:2183}
  CREATE_STREAM @155000 {NAME:vseq T:Transactions SCOPE:uvm_test_top.env.v_seqr STREAM:2095}
  CREATE_STREAM @155000 {NAME:slave_resp_seq T:Transactions SCOPE:uvm_test_top.env.s_agt[0].sqr STREAM:2178}
  CREATE_STREAM @155000 {NAME:master_reg_seq T:Transactions SCOPE:uvm_test_top.env.m_agt[0].sqr STREAM:2183}
  CREATE_STREAM @155000 {NAME:vseq T:Transactions SCOPE:uvm_test_top.env.v_seqr STREAM:2095}
  CREATE_STREAM @155000 {NAME:slave_resp_seq T:Transactions SCOPE:uvm_test_top.env.s_agt[0].sqr STREAM:2178}
  CREATE_STREAM @155000 {NAME:master_reg_seq T:Transactions SCOPE:uvm_test_top.env.m_agt[0].sqr STREAM:2183}
  CREATE_STREAM @155000 {NAME:vseq T:Transactions SCOPE:uvm_test_top.env.v_seqr STREAM:2095}
  CREATE_STREAM @155000 {NAME:slave_resp_seq T:Transactions SCOPE:uvm_test_top.env.s_agt[0].sqr STREAM:2178}
  CREATE_STREAM @155000 {NAME:master_reg_seq T:Transactions SCOPE:uvm_test_top.env.m_agt[0].sqr STREAM:2183}
  CREATE_STREAM @155000 {NAME:vseq T:Transactions SCOPE:uvm_test_top.env.v_seqr STREAM:2095}
  CREATE_STREAM @155000 {NAME:slave_resp_seq T:Transactions SCOPE:uvm_test_top.env.s_agt[0].sqr STREAM:2178}
  CREATE_STREAM @155000 {NAME:master_reg_seq T:Transactions SCOPE:uvm_test_top.env.m_agt[0].sqr STREAM:2183}
  CREATE_STREAM @155000 {NAME:vseq T:Transactions SCOPE:uvm_test_top.env.v_seqr STREAM:2095}
  CREATE_STREAM @155000 {NAME:slave_resp_seq T:Transactions SCOPE:uvm_test_top.env.s_agt[0].sqr STREAM:2178}
  CREATE_STREAM @155000 {NAME:master_reg_seq T:Transactions SCOPE:uvm_test_top.env.m_agt[0].sqr STREAM:2183}
  CREATE_STREAM @155000 {NAME:vseq T:Transactions SCOPE:uvm_test_top.env.v_seqr STREAM:2095}
  CREATE_STREAM @155000 {NAME:slave_resp_seq T:Transactions SCOPE:uvm_test_top.env.s_agt[0].sqr STREAM:2178}
  CREATE_STREAM @155000 {NAME:master_reg_seq T:Transactions SCOPE:uvm_test_top.env.m_agt[0].sqr STREAM:2183}
  CREATE_STREAM @155000 {NAME:vseq T:Transactions SCOPE:uvm_test_top.env.v_seqr STREAM:2095}
  CREATE_STREAM @155000 {NAME:slave_resp_seq T:Transactions SCOPE:uvm_test_top.env.s_agt[0].sqr STREAM:2178}
  CREATE_STREAM @155000 {NAME:master_reg_seq T:Transactions SCOPE:uvm_test_top.env.m_agt[0].sqr STREAM:2183}
  CREATE_STREAM @155000 {NAME:vseq T:Transactions SCOPE:uvm_test_top.env.v_seqr STREAM:2095}
  CREATE_STREAM @155000 {NAME:slave_resp_seq T:Transactions SCOPE:uvm_test_top.env.s_agt[0].sqr STREAM:2178}
  CREATE_STREAM @155000 {NAME:master_reg_seq T:Transactions SCOPE:uvm_test_top.env.m_agt[0].sqr STREAM:2183}
  CREATE_STREAM @155000 {NAME:vseq T:Transactions SCOPE:uvm_test_top.env.v_seqr STREAM:2095}
  CREATE_STREAM @155000 {NAME:slave_resp_seq T:Transactions SCOPE:uvm_test_top.env.s_agt[0].sqr STREAM:2178}
  CREATE_STREAM @155000 {NAME:master_reg_seq T:Transactions SCOPE:uvm_test_top.env.m_agt[0].sqr STREAM:2183}
  CREATE_STREAM @155000 {NAME:vseq T:Transactions SCOPE:uvm_test_top.env.v_seqr STREAM:2095}
  CREATE_STREAM @155000 {NAME:slave_resp_seq T:Transactions SCOPE:uvm_test_top.env.s_agt[0].sqr STREAM:2178}
  CREATE_STREAM @155000 {NAME:master_reg_seq T:Transactions SCOPE:uvm_test_top.env.m_agt[0].sqr STREAM:2183}
  CREATE_STREAM @155000 {NAME:vseq T:Transactions SCOPE:uvm_test_top.env.v_seqr STREAM:2071}
  CREATE_STREAM @155000 {NAME:slave_resp_seq T:Transactions SCOPE:uvm_test_top.env.s_agt[0].sqr STREAM:2124}
  CREATE_STREAM @155000 {NAME:master_reg_seq T:Transactions SCOPE:uvm_test_top.env.m_agt[0].sqr STREAM:2129}
  CREATE_STREAM @155000 {NAME:vseq T:Transactions SCOPE:uvm_test_top.env.v_seqr STREAM:2071}
  CREATE_STREAM @155000 {NAME:slave_resp_seq T:Transactions SCOPE:uvm_test_top.env.s_agt[0].sqr STREAM:2124}
  CREATE_STREAM @155000 {NAME:master_reg_seq T:Transactions SCOPE:uvm_test_top.env.m_agt[0].sqr STREAM:2129}
  CREATE_STREAM @155000 {NAME:vseq T:Transactions SCOPE:uvm_test_top.env.v_seqr STREAM:2071}
  CREATE_STREAM @155000 {NAME:slave_resp_seq T:Transactions SCOPE:uvm_test_top.env.s_agt[0].sqr STREAM:2124}
  CREATE_STREAM @155000 {NAME:master_reg_seq T:Transactions SCOPE:uvm_test_top.env.m_agt[0].sqr STREAM:2129}
  CREATE_STREAM @155000 {NAME:vseq T:Transactions SCOPE:uvm_test_top.env.v_seqr STREAM:2071}
  CREATE_STREAM @155000 {NAME:slave_resp_seq T:Transactions SCOPE:uvm_test_top.env.s_agt[0].sqr STREAM:2124}
  CREATE_STREAM @155000 {NAME:master_reg_seq T:Transactions SCOPE:uvm_test_top.env.m_agt[0].sqr STREAM:2129}
  CREATE_STREAM @155000 {NAME:vseq T:Transactions SCOPE:uvm_test_top.env.v_seqr STREAM:2071}
  CREATE_STREAM @155000 {NAME:slave_resp_seq T:Transactions SCOPE:uvm_test_top.env.s_agt[0].sqr STREAM:2124}
  CREATE_STREAM @155000 {NAME:master_reg_seq T:Transactions SCOPE:uvm_test_top.env.m_agt[0].sqr STREAM:2129}
  CREATE_STREAM @155000 {NAME:vseq T:Transactions SCOPE:uvm_test_top.env.v_seqr STREAM:2071}
  CREATE_STREAM @155000 {NAME:slave_resp_seq T:Transactions SCOPE:uvm_test_top.env.s_agt[0].sqr STREAM:2124}
  CREATE_STREAM @155000 {NAME:master_reg_seq T:Transactions SCOPE:uvm_test_top.env.m_agt[0].sqr STREAM:2129}
  CREATE_STREAM @155000 {NAME:vseq T:Transactions SCOPE:uvm_test_top.env.v_seqr STREAM:2071}
  CREATE_STREAM @155000 {NAME:slave_resp_seq T:Transactions SCOPE:uvm_test_top.env.s_agt[0].sqr STREAM:2124}
  CREATE_STREAM @155000 {NAME:master_reg_seq T:Transactions SCOPE:uvm_test_top.env.m_agt[0].sqr STREAM:2129}
  CREATE_STREAM @155000 {NAME:vseq T:Transactions SCOPE:uvm_test_top.env.v_seqr STREAM:2071}
  CREATE_STREAM @155000 {NAME:slave_resp_seq T:Transactions SCOPE:uvm_test_top.env.s_agt[0].sqr STREAM:2124}
  CREATE_STREAM @155000 {NAME:master_reg_seq T:Transactions SCOPE:uvm_test_top.env.m_agt[0].sqr STREAM:2129}
  CREATE_STREAM @155000 {NAME:vseq T:Transactions SCOPE:uvm_test_top.env.v_seqr STREAM:2071}
  CREATE_STREAM @155000 {NAME:slave_resp_seq T:Transactions SCOPE:uvm_test_top.env.s_agt[0].sqr STREAM:2124}
  CREATE_STREAM @155000 {NAME:master_reg_seq T:Transactions SCOPE:uvm_test_top.env.m_agt[0].sqr STREAM:2129}
  CREATE_STREAM @155000 {NAME:vseq T:Transactions SCOPE:uvm_test_top.env.v_seqr STREAM:2071}
  CREATE_STREAM @155000 {NAME:slave_resp_seq T:Transactions SCOPE:uvm_test_top.env.s_agt[0].sqr STREAM:2124}
  CREATE_STREAM @155000 {NAME:master_reg_seq T:Transactions SCOPE:uvm_test_top.env.m_agt[0].sqr STREAM:2129}
  CREATE_STREAM @155000 {NAME:vseq T:Transactions SCOPE:uvm_test_top.env.v_seqr STREAM:2071}
  CREATE_STREAM @155000 {NAME:slave_resp_seq T:Transactions SCOPE:uvm_test_top.env.s_agt[0].sqr STREAM:2124}
  CREATE_STREAM @155000 {NAME:master_reg_seq T:Transactions SCOPE:uvm_test_top.env.m_agt[0].sqr STREAM:2129}
  CREATE_STREAM @155000 {NAME:vseq T:Transactions SCOPE:uvm_test_top.env.v_seqr STREAM:2071}
  CREATE_STREAM @155000 {NAME:slave_resp_seq T:Transactions SCOPE:uvm_test_top.env.s_agt[0].sqr STREAM:2124}
  CREATE_STREAM @155000 {NAME:master_reg_seq T:Transactions SCOPE:uvm_test_top.env.m_agt[0].sqr STREAM:2129}
  CREATE_STREAM @155000 {NAME:vseq T:Transactions SCOPE:uvm_test_top.env.v_seqr STREAM:2071}
  CREATE_STREAM @155000 {NAME:slave_resp_seq T:Transactions SCOPE:uvm_test_top.env.s_agt[0].sqr STREAM:2124}
  CREATE_STREAM @155000 {NAME:master_reg_seq T:Transactions SCOPE:uvm_test_top.env.m_agt[0].sqr STREAM:2129}
  CREATE_STREAM @155000 {NAME:vseq T:Transactions SCOPE:uvm_test_top.env.v_seqr STREAM:2071}
  CREATE_STREAM @155000 {NAME:slave_resp_seq T:Transactions SCOPE:uvm_test_top.env.s_agt[0].sqr STREAM:2124}
  CREATE_STREAM @155000 {NAME:master_reg_seq T:Transactions SCOPE:uvm_test_top.env.m_agt[0].sqr STREAM:2129}
  CREATE_STREAM @155000 {NAME:vseq T:Transactions SCOPE:uvm_test_top.env.v_seqr STREAM:2071}
  CREATE_STREAM @155000 {NAME:slave_resp_seq T:Transactions SCOPE:uvm_test_top.env.s_agt[0].sqr STREAM:2124}
  CREATE_STREAM @155000 {NAME:master_reg_seq T:Transactions SCOPE:uvm_test_top.env.m_agt[0].sqr STREAM:2129}
  CREATE_STREAM @155000 {NAME:vseq T:Transactions SCOPE:uvm_test_top.env.v_seqr STREAM:2071}
  CREATE_STREAM @155000 {NAME:slave_resp_seq T:Transactions SCOPE:uvm_test_top.env.s_agt[0].sqr STREAM:2124}
  CREATE_STREAM @155000 {NAME:master_reg_seq T:Transactions SCOPE:uvm_test_top.env.m_agt[0].sqr STREAM:2129}
  CREATE_STREAM @155000 {NAME:vseq T:Transactions SCOPE:uvm_test_top.env.v_seqr STREAM:2071}
  CREATE_STREAM @155000 {NAME:slave_resp_seq T:Transactions SCOPE:uvm_test_top.env.s_agt[0].sqr STREAM:2124}
  CREATE_STREAM @155000 {NAME:master_reg_seq T:Transactions SCOPE:uvm_test_top.env.m_agt[0].sqr STREAM:2129}
  CREATE_STREAM @155000 {NAME:vseq T:Transactions SCOPE:uvm_test_top.env.v_seqr STREAM:2071}
  CREATE_STREAM @155000 {NAME:slave_resp_seq T:Transactions SCOPE:uvm_test_top.env.s_agt[0].sqr STREAM:2124}
  CREATE_STREAM @155000 {NAME:master_reg_seq T:Transactions SCOPE:uvm_test_top.env.m_agt[0].sqr STREAM:2129}
  CREATE_STREAM @155000 {NAME:vseq T:Transactions SCOPE:uvm_test_top.env.v_seqr STREAM:2071}
  CREATE_STREAM @155000 {NAME:slave_resp_seq T:Transactions SCOPE:uvm_test_top.env.s_agt[0].sqr STREAM:2124}
  CREATE_STREAM @155000 {NAME:master_reg_seq T:Transactions SCOPE:uvm_test_top.env.m_agt[0].sqr STREAM:2129}
  CREATE_STREAM @155000 {NAME:vseq T:Transactions SCOPE:uvm_test_top.env.v_seqr STREAM:2071}
  CREATE_STREAM @155000 {NAME:slave_resp_seq T:Transactions SCOPE:uvm_test_top.env.s_agt[0].sqr STREAM:2124}
  CREATE_STREAM @155000 {NAME:master_reg_seq T:Transactions SCOPE:uvm_test_top.env.m_agt[0].sqr STREAM:2129}
  CREATE_STREAM @155000 {NAME:vseq T:Transactions SCOPE:uvm_test_top.env.v_seqr STREAM:2071}
  CREATE_STREAM @155000 {NAME:slave_resp_seq T:Transactions SCOPE:uvm_test_top.env.s_agt[0].sqr STREAM:2124}
  CREATE_STREAM @155000 {NAME:master_reg_seq T:Transactions SCOPE:uvm_test_top.env.m_agt[0].sqr STREAM:2129}
  CREATE_STREAM @155000 {NAME:vseq T:Transactions SCOPE:uvm_test_top.env.v_seqr STREAM:2071}
  CREATE_STREAM @155000 {NAME:slave_resp_seq T:Transactions SCOPE:uvm_test_top.env.s_agt[0].sqr STREAM:2124}
  CREATE_STREAM @155000 {NAME:master_reg_seq T:Transactions SCOPE:uvm_test_top.env.m_agt[0].sqr STREAM:2129}
  CREATE_STREAM @155000 {NAME:vseq T:Transactions SCOPE:uvm_test_top.env.v_seqr STREAM:2071}
  CREATE_STREAM @155000 {NAME:slave_resp_seq T:Transactions SCOPE:uvm_test_top.env.s_agt[0].sqr STREAM:2124}
  CREATE_STREAM @155000 {NAME:master_reg_seq T:Transactions SCOPE:uvm_test_top.env.m_agt[0].sqr STREAM:2129}
  CREATE_STREAM @155000 {NAME:vseq T:Transactions SCOPE:uvm_test_top.env.v_seqr STREAM:2071}
  CREATE_STREAM @155000 {NAME:slave_resp_seq T:Transactions SCOPE:uvm_test_top.env.s_agt[0].sqr STREAM:2124}
  CREATE_STREAM @155000 {NAME:master_reg_seq T:Transactions SCOPE:uvm_test_top.env.m_agt[0].sqr STREAM:2129}
  CREATE_STREAM @155000 {NAME:vseq T:Transactions SCOPE:uvm_test_top.env.v_seqr STREAM:2071}
  CREATE_STREAM @155000 {NAME:slave_resp_seq T:Transactions SCOPE:uvm_test_top.env.s_agt[0].sqr STREAM:2124}
  CREATE_STREAM @155000 {NAME:master_reg_seq T:Transactions SCOPE:uvm_test_top.env.m_agt[0].sqr STREAM:2129}
  CREATE_STREAM @155000 {NAME:vseq T:Transactions SCOPE:uvm_test_top.env.v_seqr STREAM:2071}
  CREATE_STREAM @155000 {NAME:slave_resp_seq T:Transactions SCOPE:uvm_test_top.env.s_agt[0].sqr STREAM:2124}
  CREATE_STREAM @155000 {NAME:master_reg_seq T:Transactions SCOPE:uvm_test_top.env.m_agt[0].sqr STREAM:2129}
  CREATE_STREAM @155000 {NAME:vseq T:Transactions SCOPE:uvm_test_top.env.v_seqr STREAM:2071}
  CREATE_STREAM @155000 {NAME:slave_resp_seq T:Transactions SCOPE:uvm_test_top.env.s_agt[0].sqr STREAM:2124}
  CREATE_STREAM @155000 {NAME:master_reg_seq T:Transactions SCOPE:uvm_test_top.env.m_agt[0].sqr STREAM:2129}
  CREATE_STREAM @155000 {NAME:vseq T:Transactions SCOPE:uvm_test_top.env.v_seqr STREAM:2071}
  CREATE_STREAM @155000 {NAME:slave_resp_seq T:Transactions SCOPE:uvm_test_top.env.s_agt[0].sqr STREAM:2124}
  CREATE_STREAM @155000 {NAME:master_reg_seq T:Transactions SCOPE:uvm_test_top.env.m_agt[0].sqr STREAM:2129}
  CREATE_STREAM @155000 {NAME:vseq T:Transactions SCOPE:uvm_test_top.env.v_seqr STREAM:2071}
  CREATE_STREAM @155000 {NAME:slave_resp_seq T:Transactions SCOPE:uvm_test_top.env.s_agt[0].sqr STREAM:2124}
  CREATE_STREAM @155000 {NAME:master_reg_seq T:Transactions SCOPE:uvm_test_top.env.m_agt[0].sqr STREAM:2129}
  CREATE_STREAM @155000 {NAME:master_seq T:Transactions SCOPE:uvm_test_top.env.m_agt[0].sqr STREAM:2068}
  CREATE_STREAM @155000 {NAME:slave_seq T:Transactions SCOPE:uvm_test_top.env.s_agt[0].sqr STREAM:2071}
  CREATE_STREAM @155000 {NAME:master_seq T:Transactions SCOPE:uvm_test_top.env.m_agt[0].sqr STREAM:2092}
  CREATE_STREAM @155000 {NAME:slave_seq T:Transactions SCOPE:uvm_test_top.env.s_agt[0].sqr STREAM:2095}
  CREATE_STREAM @155000 {NAME:master_seq T:Transactions SCOPE:uvm_test_top.env.m_agt[0].sqr STREAM:2092}
  CREATE_STREAM @155000 {NAME:slave_seq T:Transactions SCOPE:uvm_test_top.env.s_agt[0].sqr STREAM:2095}
  CREATE_STREAM @155000 {NAME:master_seq T:Transactions SCOPE:uvm_test_top.env.m_agt[0].sqr STREAM:2072}
  CREATE_STREAM @155000 {NAME:slave_seq T:Transactions SCOPE:uvm_test_top.env.s_agt[0].sqr STREAM:2075}
  CREATE_STREAM @155000 {NAME:master_seq T:Transactions SCOPE:uvm_test_top.env.m_agt[0].sqr STREAM:2072}
  CREATE_STREAM @155000 {NAME:slave_seq T:Transactions SCOPE:uvm_test_top.env.s_agt[0].sqr STREAM:2075}
  CREATE_STREAM @155000 {NAME:master_seq T:Transactions SCOPE:uvm_test_top.env.m_agt[0].sqr STREAM:2072}
  CREATE_STREAM @155000 {NAME:slave_seq T:Transactions SCOPE:uvm_test_top.env.s_agt[0].sqr STREAM:2075}
  CREATE_STREAM @155000 {NAME:master_seq T:Transactions SCOPE:uvm_test_top.env.m_agt[0].sqr STREAM:2072}
  CREATE_STREAM @155000 {NAME:slave_seq T:Transactions SCOPE:uvm_test_top.env.s_agt[0].sqr STREAM:2075}
  CREATE_STREAM @155000 {NAME:master_seq T:Transactions SCOPE:uvm_test_top.env.m_agt[0].sqr STREAM:2072}
  CREATE_STREAM @155000 {NAME:slave_seq T:Transactions SCOPE:uvm_test_top.env.s_agt[0].sqr STREAM:2075}
  CREATE_STREAM @155000 {NAME:master_seq T:Transactions SCOPE:uvm_test_top.env.m_agt[0].sqr STREAM:2072}
  CREATE_STREAM @155000 {NAME:slave_seq T:Transactions SCOPE:uvm_test_top.env.s_agt[0].sqr STREAM:2075}
  CREATE_STREAM @155000 {NAME:master_seq T:Transactions SCOPE:uvm_test_top.env.m_agt[0].sqr STREAM:2072}
  CREATE_STREAM @155000 {NAME:slave_seq T:Transactions SCOPE:uvm_test_top.env.s_agt[0].sqr STREAM:2075}
  CREATE_STREAM @155000 {NAME:master_seq T:Transactions SCOPE:uvm_test_top.env.m_agt[0].sqr STREAM:2072}
  CREATE_STREAM @155000 {NAME:slave_seq T:Transactions SCOPE:uvm_test_top.env.s_agt[0].sqr STREAM:2075}
  CREATE_STREAM @155000 {NAME:master_seq T:Transactions SCOPE:uvm_test_top.env.m_agt[0].sqr STREAM:2072}
  CREATE_STREAM @155000 {NAME:slave_seq T:Transactions SCOPE:uvm_test_top.env.s_agt[0].sqr STREAM:2075}
  CREATE_STREAM @155000 {NAME:master_seq T:Transactions SCOPE:uvm_test_top.env.m_agt[0].sqr STREAM:2072}
  CREATE_STREAM @155000 {NAME:slave_seq T:Transactions SCOPE:uvm_test_top.env.s_agt[0].sqr STREAM:2075}
  CREATE_STREAM @155000 {NAME:master_seq T:Transactions SCOPE:uvm_test_top.env.m_agt[0].sqr STREAM:2072}
  CREATE_STREAM @155000 {NAME:slave_seq T:Transactions SCOPE:uvm_test_top.env.s_agt[0].sqr STREAM:2075}
  CREATE_STREAM @155000 {NAME:master_seq T:Transactions SCOPE:uvm_test_top.env.m_agt[0].sqr STREAM:2072}
  CREATE_STREAM @155000 {NAME:slave_seq T:Transactions SCOPE:uvm_test_top.env.s_agt[0].sqr STREAM:2075}
  CREATE_STREAM @155000 {NAME:master_seq T:Transactions SCOPE:uvm_test_top.env.m_agt[0].sqr STREAM:2072}
  CREATE_STREAM @155000 {NAME:slave_seq T:Transactions SCOPE:uvm_test_top.env.s_agt[0].sqr STREAM:2075}
  CREATE_STREAM @155000 {NAME:master_seq T:Transactions SCOPE:uvm_test_top.env.m_agt[0].sqr STREAM:2072}
  CREATE_STREAM @155000 {NAME:slave_seq T:Transactions SCOPE:uvm_test_top.env.s_agt[0].sqr STREAM:2075}
  CREATE_STREAM @155000 {NAME:master_seq T:Transactions SCOPE:uvm_test_top.env.m_agt[0].sqr STREAM:2072}
  CREATE_STREAM @155000 {NAME:slave_seq T:Transactions SCOPE:uvm_test_top.env.s_agt[0].sqr STREAM:2075}
  CREATE_STREAM @155000 {NAME:master_seq T:Transactions SCOPE:uvm_test_top.env.m_agt[0].sqr STREAM:2072}
  CREATE_STREAM @155000 {NAME:slave_seq T:Transactions SCOPE:uvm_test_top.env.s_agt[0].sqr STREAM:2075}
  CREATE_STREAM @155000 {NAME:master_seq T:Transactions SCOPE:uvm_test_top.env.m_agt[0].sqr STREAM:2072}
  CREATE_STREAM @155000 {NAME:slave_seq T:Transactions SCOPE:uvm_test_top.env.s_agt[0].sqr STREAM:2075}
  CREATE_STREAM @155000 {NAME:master_seq T:Transactions SCOPE:uvm_test_top.env.m_agt[0].sqr STREAM:2072}
  CREATE_STREAM @155000 {NAME:slave_seq T:Transactions SCOPE:uvm_test_top.env.s_agt[0].sqr STREAM:2075}
  CREATE_STREAM @155000 {NAME:master_seq T:Transactions SCOPE:uvm_test_top.env.m_agt[0].sqr STREAM:2072}
  CREATE_STREAM @155000 {NAME:slave_seq T:Transactions SCOPE:uvm_test_top.env.s_agt[0].sqr STREAM:2075}
  CREATE_STREAM @155000 {NAME:master_seq T:Transactions SCOPE:uvm_test_top.env.m_agt[0].sqr STREAM:2072}
  CREATE_STREAM @155000 {NAME:slave_seq T:Transactions SCOPE:uvm_test_top.env.s_agt[0].sqr STREAM:2075}
  CREATE_STREAM @155000 {NAME:master_seq T:Transactions SCOPE:uvm_test_top.env.m_agt[0].sqr STREAM:2072}
  CREATE_STREAM @155000 {NAME:slave_seq T:Transactions SCOPE:uvm_test_top.env.s_agt[0].sqr STREAM:2075}
  CREATE_STREAM @155000 {NAME:master_seq T:Transactions SCOPE:uvm_test_top.env.m_agt[0].sqr STREAM:2072}
  CREATE_STREAM @155000 {NAME:slave_seq T:Transactions SCOPE:uvm_test_top.env.s_agt[0].sqr STREAM:2075}
  CREATE_STREAM @155000 {NAME:master_seq T:Transactions SCOPE:uvm_test_top.env.m_agt[0].sqr STREAM:2072}
  CREATE_STREAM @155000 {NAME:slave_seq T:Transactions SCOPE:uvm_test_top.env.s_agt[0].sqr STREAM:2075}
  CREATE_STREAM @155000 {NAME:master_seq T:Transactions SCOPE:uvm_test_top.env.m_agt[0].sqr STREAM:2072}
  CREATE_STREAM @155000 {NAME:slave_seq T:Transactions SCOPE:uvm_test_top.env.s_agt[0].sqr STREAM:2075}
  CREATE_STREAM @155000 {NAME:master_seq T:Transactions SCOPE:uvm_test_top.env.m_agt[0].sqr STREAM:2072}
  CREATE_STREAM @155000 {NAME:slave_seq T:Transactions SCOPE:uvm_test_top.env.s_agt[0].sqr STREAM:2075}
  CREATE_STREAM @155000 {NAME:master_seq T:Transactions SCOPE:uvm_test_top.env.m_agt[0].sqr STREAM:2072}
  CREATE_STREAM @155000 {NAME:slave_seq T:Transactions SCOPE:uvm_test_top.env.s_agt[0].sqr STREAM:2075}
  CREATE_STREAM @155000 {NAME:master_seq T:Transactions SCOPE:uvm_test_top.env.m_agt[0].sqr STREAM:2072}
  CREATE_STREAM @155000 {NAME:slave_seq T:Transactions SCOPE:uvm_test_top.env.s_agt[0].sqr STREAM:2075}
  CREATE_STREAM @155000 {NAME:master_seq T:Transactions SCOPE:uvm_test_top.env.m_agt[0].sqr STREAM:2072}
  CREATE_STREAM @155000 {NAME:slave_seq T:Transactions SCOPE:uvm_test_top.env.s_agt[0].sqr STREAM:2075}
  CREATE_STREAM @155000 {NAME:master_seq T:Transactions SCOPE:uvm_test_top.env.m_agt[0].sqr STREAM:2072}
  CREATE_STREAM @155000 {NAME:slave_seq T:Transactions SCOPE:uvm_test_top.env.s_agt[0].sqr STREAM:2075}
  CREATE_STREAM @155000 {NAME:master_seq T:Transactions SCOPE:uvm_test_top.env.m_agt[0].sqr STREAM:2072}
  CREATE_STREAM @155000 {NAME:slave_seq T:Transactions SCOPE:uvm_test_top.env.s_agt[0].sqr STREAM:2075}
  CREATE_STREAM @155000 {NAME:master_seq T:Transactions SCOPE:uvm_test_top.env.m_agt[0].sqr STREAM:2072}
  CREATE_STREAM @155000 {NAME:slave_seq T:Transactions SCOPE:uvm_test_top.env.s_agt[0].sqr STREAM:2075}
  CREATE_STREAM @155000 {NAME:master_seq T:Transactions SCOPE:uvm_test_top.env.m_agt[0].sqr STREAM:2072}
  CREATE_STREAM @155000 {NAME:slave_seq T:Transactions SCOPE:uvm_test_top.env.s_agt[0].sqr STREAM:2075}
  CREATE_STREAM @155000 {NAME:master_seq T:Transactions SCOPE:uvm_test_top.env.m_agt[0].sqr STREAM:2072}
  CREATE_STREAM @155000 {NAME:slave_seq T:Transactions SCOPE:uvm_test_top.env.s_agt[0].sqr STREAM:2075}
  CREATE_STREAM @155000 {NAME:master_seq T:Transactions SCOPE:uvm_test_top.env.m_agt[0].sqr STREAM:2072}
  CREATE_STREAM @155000 {NAME:slave_seq T:Transactions SCOPE:uvm_test_top.env.s_agt[0].sqr STREAM:2075}
  CREATE_STREAM @155000 {NAME:master_seq T:Transactions SCOPE:uvm_test_top.env.m_agt[0].sqr STREAM:2072}
  CREATE_STREAM @155000 {NAME:slave_seq T:Transactions SCOPE:uvm_test_top.env.s_agt[0].sqr STREAM:2075}
  CREATE_STREAM @155000 {NAME:master_seq T:Transactions SCOPE:uvm_test_top.env.m_agt[0].sqr STREAM:2072}
  CREATE_STREAM @155000 {NAME:slave_seq T:Transactions SCOPE:uvm_test_top.env.s_agt[0].sqr STREAM:2075}
  CREATE_STREAM @155000 {NAME:master_seq T:Transactions SCOPE:uvm_test_top.env.m_agt[0].sqr STREAM:2072}
  CREATE_STREAM @155000 {NAME:slave_seq T:Transactions SCOPE:uvm_test_top.env.s_agt[0].sqr STREAM:2075}
  CREATE_STREAM @155000 {NAME:master_seq T:Transactions SCOPE:uvm_test_top.env.m_agt[0].sqr STREAM:2072}
  CREATE_STREAM @155000 {NAME:slave_seq T:Transactions SCOPE:uvm_test_top.env.s_agt[0].sqr STREAM:2075}
  CREATE_STREAM @155000 {NAME:master_seq T:Transactions SCOPE:uvm_test_top.env.m_agt[0].sqr STREAM:2072}
  CREATE_STREAM @155000 {NAME:slave_seq T:Transactions SCOPE:uvm_test_top.env.s_agt[0].sqr STREAM:2075}
  CREATE_STREAM @155000 {NAME:master_seq T:Transactions SCOPE:uvm_test_top.env.m_agt[0].sqr STREAM:2072}
  CREATE_STREAM @155000 {NAME:slave_seq T:Transactions SCOPE:uvm_test_top.env.s_agt[0].sqr STREAM:2075}
  CREATE_STREAM @155000 {NAME:master_seq T:Transactions SCOPE:uvm_test_top.env.m_agt[0].sqr STREAM:2072}
  CREATE_STREAM @155000 {NAME:slave_seq T:Transactions SCOPE:uvm_test_top.env.s_agt[0].sqr STREAM:2075}
  CREATE_STREAM @155000 {NAME:master_seq T:Transactions SCOPE:uvm_test_top.env.m_agt[0].sqr STREAM:2072}
  CREATE_STREAM @155000 {NAME:slave_seq T:Transactions SCOPE:uvm_test_top.env.s_agt[0].sqr STREAM:2075}
  CREATE_STREAM @155000 {NAME:master_seq T:Transactions SCOPE:uvm_test_top.env.m_agt[0].sqr STREAM:2072}
  CREATE_STREAM @155000 {NAME:slave_seq T:Transactions SCOPE:uvm_test_top.env.s_agt[0].sqr STREAM:2075}
  CREATE_STREAM @155000 {NAME:master_seq T:Transactions SCOPE:uvm_test_top.env.m_agt[0].sqr STREAM:2072}
  CREATE_STREAM @155000 {NAME:slave_seq T:Transactions SCOPE:uvm_test_top.env.s_agt[0].sqr STREAM:2075}
  CREATE_STREAM @155000 {NAME:master_seq T:Transactions SCOPE:uvm_test_top.env.m_agt[0].sqr STREAM:2072}
  CREATE_STREAM @155000 {NAME:slave_seq T:Transactions SCOPE:uvm_test_top.env.s_agt[0].sqr STREAM:2075}
  CREATE_STREAM @155000 {NAME:master_seq T:Transactions SCOPE:uvm_test_top.env.m_agt[0].sqr STREAM:2072}
  CREATE_STREAM @155000 {NAME:slave_seq T:Transactions SCOPE:uvm_test_top.env.s_agt[0].sqr STREAM:2075}
  CREATE_STREAM @155000 {NAME:master_seq T:Transactions SCOPE:uvm_test_top.env.m_agt[0].sqr STREAM:2072}
  CREATE_STREAM @155000 {NAME:slave_seq T:Transactions SCOPE:uvm_test_top.env.s_agt[0].sqr STREAM:2075}
  CREATE_STREAM @155000 {NAME:master_seq T:Transactions SCOPE:uvm_test_top.env.m_agt[0].sqr STREAM:2072}
  CREATE_STREAM @155000 {NAME:slave_seq T:Transactions SCOPE:uvm_test_top.env.s_agt[0].sqr STREAM:2075}
  CREATE_STREAM @155000 {NAME:master_seq T:Transactions SCOPE:uvm_test_top.env.m_agt[0].sqr STREAM:2072}
  CREATE_STREAM @155000 {NAME:slave_seq T:Transactions SCOPE:uvm_test_top.env.s_agt[0].sqr STREAM:2075}
  CREATE_STREAM @155000 {NAME:master_seq T:Transactions SCOPE:uvm_test_top.env.m_agt[0].sqr STREAM:2072}
  CREATE_STREAM @155000 {NAME:slave_seq T:Transactions SCOPE:uvm_test_top.env.s_agt[0].sqr STREAM:2075}
  CREATE_STREAM @155000 {NAME:master_seq T:Transactions SCOPE:uvm_test_top.env.m_agt[0].sqr STREAM:2072}
  CREATE_STREAM @155000 {NAME:slave_seq T:Transactions SCOPE:uvm_test_top.env.s_agt[0].sqr STREAM:2075}
  CREATE_STREAM @155000 {NAME:master_seq T:Transactions SCOPE:uvm_test_top.env.m_agt[0].sqr STREAM:2072}
  CREATE_STREAM @155000 {NAME:slave_seq T:Transactions SCOPE:uvm_test_top.env.s_agt[0].sqr STREAM:2075}
  CREATE_STREAM @155000 {NAME:master_seq T:Transactions SCOPE:uvm_test_top.env.m_agt[0].sqr STREAM:2072}
  CREATE_STREAM @155000 {NAME:slave_seq T:Transactions SCOPE:uvm_test_top.env.s_agt[0].sqr STREAM:2075}
  CREATE_STREAM @155000 {NAME:master_seq T:Transactions SCOPE:uvm_test_top.env.m_agt[0].sqr STREAM:2072}
  CREATE_STREAM @155000 {NAME:slave_seq T:Transactions SCOPE:uvm_test_top.env.s_agt[0].sqr STREAM:2075}
  CREATE_STREAM @155000 {NAME:master_seq T:Transactions SCOPE:uvm_test_top.env.m_agt[0].sqr STREAM:2072}
  CREATE_STREAM @155000 {NAME:slave_seq T:Transactions SCOPE:uvm_test_top.env.s_agt[0].sqr STREAM:2075}
  CREATE_STREAM @155000 {NAME:master_seq T:Transactions SCOPE:uvm_test_top.env.m_agt[0].sqr STREAM:2072}
  CREATE_STREAM @155000 {NAME:slave_seq T:Transactions SCOPE:uvm_test_top.env.s_agt[0].sqr STREAM:2075}
  CREATE_STREAM @155000 {NAME:master_seq T:Transactions SCOPE:uvm_test_top.env.m_agt[0].sqr STREAM:2072}
  CREATE_STREAM @155000 {NAME:slave_seq T:Transactions SCOPE:uvm_test_top.env.s_agt[0].sqr STREAM:2075}
  CREATE_STREAM @155000 {NAME:master_seq T:Transactions SCOPE:uvm_test_top.env.m_agt[0].sqr STREAM:2072}
  CREATE_STREAM @155000 {NAME:slave_seq T:Transactions SCOPE:uvm_test_top.env.s_agt[0].sqr STREAM:2075}
  CREATE_STREAM @155000 {NAME:master_seq T:Transactions SCOPE:uvm_test_top.env.m_agt[0].sqr STREAM:2072}
  CREATE_STREAM @155000 {NAME:slave_seq T:Transactions SCOPE:uvm_test_top.env.s_agt[0].sqr STREAM:2075}
  CREATE_STREAM @155000 {NAME:master_seq T:Transactions SCOPE:uvm_test_top.env.m_agt[0].sqr STREAM:2072}
  CREATE_STREAM @155000 {NAME:slave_seq T:Transactions SCOPE:uvm_test_top.env.s_agt[0].sqr STREAM:2075}
  CREATE_STREAM @155000 {NAME:master_seq T:Transactions SCOPE:uvm_test_top.env.m_agt[0].sqr STREAM:2072}
  CREATE_STREAM @155000 {NAME:slave_seq T:Transactions SCOPE:uvm_test_top.env.s_agt[0].sqr STREAM:2075}
  CREATE_STREAM @155000 {NAME:master_seq T:Transactions SCOPE:uvm_test_top.env.m_agt[0].sqr STREAM:2072}
  CREATE_STREAM @155000 {NAME:slave_seq T:Transactions SCOPE:uvm_test_top.env.s_agt[0].sqr STREAM:2075}
  CREATE_STREAM @155000 {NAME:master_seq T:Transactions SCOPE:uvm_test_top.env.m_agt[0].sqr STREAM:2072}
  CREATE_STREAM @155000 {NAME:slave_seq T:Transactions SCOPE:uvm_test_top.env.s_agt[0].sqr STREAM:2075}
  CREATE_STREAM @155000 {NAME:master_seq T:Transactions SCOPE:uvm_test_top.env.m_agt[0].sqr STREAM:2072}
  CREATE_STREAM @155000 {NAME:slave_seq T:Transactions SCOPE:uvm_test_top.env.s_agt[0].sqr STREAM:2075}
  CREATE_STREAM @155000 {NAME:master_seq T:Transactions SCOPE:uvm_test_top.env.m_agt[0].sqr STREAM:2072}
  CREATE_STREAM @155000 {NAME:slave_seq T:Transactions SCOPE:uvm_test_top.env.s_agt[0].sqr STREAM:2075}
  CREATE_STREAM @155000 {NAME:master_seq T:Transactions SCOPE:uvm_test_top.env.m_agt[0].sqr STREAM:2072}
  CREATE_STREAM @155000 {NAME:slave_seq T:Transactions SCOPE:uvm_test_top.env.s_agt[0].sqr STREAM:2075}
  CREATE_STREAM @155000 {NAME:master_seq T:Transactions SCOPE:uvm_test_top.env.m_agt[0].sqr STREAM:2072}
  CREATE_STREAM @155000 {NAME:slave_seq T:Transactions SCOPE:uvm_test_top.env.s_agt[0].sqr STREAM:2075}
  CREATE_STREAM @155000 {NAME:master_seq T:Transactions SCOPE:uvm_test_top.env.m_agt[0].sqr STREAM:2072}
  CREATE_STREAM @155000 {NAME:slave_seq T:Transactions SCOPE:uvm_test_top.env.s_agt[0].sqr STREAM:2075}
  CREATE_STREAM @155000 {NAME:master_seq T:Transactions SCOPE:uvm_test_top.env.m_agt[0].sqr STREAM:2072}
  CREATE_STREAM @155000 {NAME:slave_seq T:Transactions SCOPE:uvm_test_top.env.s_agt[0].sqr STREAM:2075}
  CREATE_STREAM @155000 {NAME:master_seq T:Transactions SCOPE:uvm_test_top.env.m_agt[0].sqr STREAM:2072}
  CREATE_STREAM @155000 {NAME:slave_seq T:Transactions SCOPE:uvm_test_top.env.s_agt[0].sqr STREAM:2075}
  CREATE_STREAM @155000 {NAME:master_seq T:Transactions SCOPE:uvm_test_top.env.m_agt[0].sqr STREAM:2072}
  CREATE_STREAM @155000 {NAME:slave_seq T:Transactions SCOPE:uvm_test_top.env.s_agt[0].sqr STREAM:2075}
  CREATE_STREAM @155000 {NAME:master_seq T:Transactions SCOPE:uvm_test_top.env.m_agt[0].sqr STREAM:2072}
  CREATE_STREAM @155000 {NAME:slave_seq T:Transactions SCOPE:uvm_test_top.env.s_agt[0].sqr STREAM:2075}
  CREATE_STREAM @155000 {NAME:master_seq T:Transactions SCOPE:uvm_test_top.env.m_agt[0].sqr STREAM:2072}
  CREATE_STREAM @155000 {NAME:slave_seq T:Transactions SCOPE:uvm_test_top.env.s_agt[0].sqr STREAM:2075}
  CREATE_STREAM @155000 {NAME:master_seq T:Transactions SCOPE:uvm_test_top.env.m_agt[0].sqr STREAM:2072}
  CREATE_STREAM @155000 {NAME:slave_seq T:Transactions SCOPE:uvm_test_top.env.s_agt[0].sqr STREAM:2075}
  CREATE_STREAM @155000 {NAME:master_seq T:Transactions SCOPE:uvm_test_top.env.m_agt[0].sqr STREAM:2072}
  CREATE_STREAM @155000 {NAME:slave_seq T:Transactions SCOPE:uvm_test_top.env.s_agt[0].sqr STREAM:2075}
  CREATE_STREAM @155000 {NAME:master_seq T:Transactions SCOPE:uvm_test_top.env.m_agt[0].sqr STREAM:2072}
  CREATE_STREAM @155000 {NAME:slave_seq T:Transactions SCOPE:uvm_test_top.env.s_agt[0].sqr STREAM:2075}
  CREATE_STREAM @155000 {NAME:master_seq T:Transactions SCOPE:uvm_test_top.env.m_agt[0].sqr STREAM:2072}
  CREATE_STREAM @155000 {NAME:slave_seq T:Transactions SCOPE:uvm_test_top.env.s_agt[0].sqr STREAM:2075}
  CREATE_STREAM @155000 {NAME:master_seq T:Transactions SCOPE:uvm_test_top.env.m_agt[0].sqr STREAM:2072}
  CREATE_STREAM @155000 {NAME:slave_seq T:Transactions SCOPE:uvm_test_top.env.s_agt[0].sqr STREAM:2075}
  CREATE_STREAM @155000 {NAME:master_seq T:Transactions SCOPE:uvm_test_top.env.m_agt[0].sqr STREAM:2072}
  CREATE_STREAM @155000 {NAME:slave_seq T:Transactions SCOPE:uvm_test_top.env.s_agt[0].sqr STREAM:2075}
  CREATE_STREAM @155000 {NAME:master_seq T:Transactions SCOPE:uvm_test_top.env.m_agt[0].sqr STREAM:2072}
  CREATE_STREAM @155000 {NAME:slave_seq T:Transactions SCOPE:uvm_test_top.env.s_agt[0].sqr STREAM:2075}
  CREATE_STREAM @155000 {NAME:master_seq T:Transactions SCOPE:uvm_test_top.env.m_agt[0].sqr STREAM:2072}
  CREATE_STREAM @155000 {NAME:slave_seq T:Transactions SCOPE:uvm_test_top.env.s_agt[0].sqr STREAM:2075}
  CREATE_STREAM @155000 {NAME:master_seq T:Transactions SCOPE:uvm_test_top.env.m_agt[0].sqr STREAM:2072}
  CREATE_STREAM @155000 {NAME:slave_seq T:Transactions SCOPE:uvm_test_top.env.s_agt[0].sqr STREAM:2075}
  CREATE_STREAM @155000 {NAME:master_seq T:Transactions SCOPE:uvm_test_top.env.m_agt[0].sqr STREAM:2072}
  CREATE_STREAM @155000 {NAME:slave_seq T:Transactions SCOPE:uvm_test_top.env.s_agt[0].sqr STREAM:2075}
  CREATE_STREAM @155000 {NAME:master_seq T:Transactions SCOPE:uvm_test_top.env.m_agt[0].sqr STREAM:2072}
  CREATE_STREAM @155000 {NAME:slave_seq T:Transactions SCOPE:uvm_test_top.env.s_agt[0].sqr STREAM:2075}
  CREATE_STREAM @155000 {NAME:master_seq T:Transactions SCOPE:uvm_test_top.env.m_agt[0].sqr STREAM:2072}
  CREATE_STREAM @155000 {NAME:slave_seq T:Transactions SCOPE:uvm_test_top.env.s_agt[0].sqr STREAM:2075}
  CREATE_STREAM @155000 {NAME:master_seq T:Transactions SCOPE:uvm_test_top.env.m_agt[0].sqr STREAM:2072}
  CREATE_STREAM @155000 {NAME:slave_seq T:Transactions SCOPE:uvm_test_top.env.s_agt[0].sqr STREAM:2075}
  CREATE_STREAM @155000 {NAME:master_seq T:Transactions SCOPE:uvm_test_top.env.m_agt[0].sqr STREAM:2072}
  CREATE_STREAM @155000 {NAME:slave_seq T:Transactions SCOPE:uvm_test_top.env.s_agt[0].sqr STREAM:2075}
  CREATE_STREAM @155000 {NAME:master_seq T:Transactions SCOPE:uvm_test_top.env.m_agt[0].sqr STREAM:2072}
  CREATE_STREAM @155000 {NAME:slave_seq T:Transactions SCOPE:uvm_test_top.env.s_agt[0].sqr STREAM:2075}
  CREATE_STREAM @155000 {NAME:master_seq T:Transactions SCOPE:uvm_test_top.env.m_agt[0].sqr STREAM:2072}
  CREATE_STREAM @155000 {NAME:slave_seq T:Transactions SCOPE:uvm_test_top.env.s_agt[0].sqr STREAM:2075}
  CREATE_STREAM @155000 {NAME:master_seq T:Transactions SCOPE:uvm_test_top.env.m_agt[0].sqr STREAM:2072}
  CREATE_STREAM @155000 {NAME:slave_seq T:Transactions SCOPE:uvm_test_top.env.s_agt[0].sqr STREAM:2075}
  CREATE_STREAM @155000 {NAME:master_seq T:Transactions SCOPE:uvm_test_top.env.m_agt[0].sqr STREAM:2072}
  CREATE_STREAM @155000 {NAME:slave_seq T:Transactions SCOPE:uvm_test_top.env.s_agt[0].sqr STREAM:2075}
  CREATE_STREAM @155000 {NAME:master_seq T:Transactions SCOPE:uvm_test_top.env.m_agt[0].sqr STREAM:2072}
  CREATE_STREAM @155000 {NAME:slave_seq T:Transactions SCOPE:uvm_test_top.env.s_agt[0].sqr STREAM:2075}
  CREATE_STREAM @155000 {NAME:master_seq T:Transactions SCOPE:uvm_test_top.env.m_agt[0].sqr STREAM:2072}
  CREATE_STREAM @155000 {NAME:slave_seq T:Transactions SCOPE:uvm_test_top.env.s_agt[0].sqr STREAM:2075}
  CREATE_STREAM @155000 {NAME:master_seq T:Transactions SCOPE:uvm_test_top.env.m_agt[0].sqr STREAM:2072}
  CREATE_STREAM @155000 {NAME:slave_seq T:Transactions SCOPE:uvm_test_top.env.s_agt[0].sqr STREAM:2075}
  CREATE_STREAM @155000 {NAME:master_seq T:Transactions SCOPE:uvm_test_top.env.m_agt[0].sqr STREAM:2072}
  CREATE_STREAM @155000 {NAME:slave_seq T:Transactions SCOPE:uvm_test_top.env.s_agt[0].sqr STREAM:2075}
  CREATE_STREAM @155000 {NAME:master_seq T:Transactions SCOPE:uvm_test_top.env.m_agt[0].sqr STREAM:2072}
  CREATE_STREAM @155000 {NAME:slave_seq T:Transactions SCOPE:uvm_test_top.env.s_agt[0].sqr STREAM:2075}
  CREATE_STREAM @155000 {NAME:master_seq T:Transactions SCOPE:uvm_test_top.env.m_agt[0].sqr STREAM:2072}
  CREATE_STREAM @155000 {NAME:slave_seq T:Transactions SCOPE:uvm_test_top.env.s_agt[0].sqr STREAM:2075}
  CREATE_STREAM @155000 {NAME:master_seq T:Transactions SCOPE:uvm_test_top.env.m_agt[0].sqr STREAM:2072}
  CREATE_STREAM @155000 {NAME:slave_seq T:Transactions SCOPE:uvm_test_top.env.s_agt[0].sqr STREAM:2075}
  CREATE_STREAM @155000 {NAME:master_seq T:Transactions SCOPE:uvm_test_top.env.m_agt[0].sqr STREAM:2072}
  CREATE_STREAM @155000 {NAME:slave_seq T:Transactions SCOPE:uvm_test_top.env.s_agt[0].sqr STREAM:2075}
  CREATE_STREAM @155000 {NAME:master_seq T:Transactions SCOPE:uvm_test_top.env.m_agt[0].sqr STREAM:2072}
  CREATE_STREAM @155000 {NAME:slave_seq T:Transactions SCOPE:uvm_test_top.env.s_agt[0].sqr STREAM:2075}
  CREATE_STREAM @155000 {NAME:master_seq T:Transactions SCOPE:uvm_test_top.env.m_agt[0].sqr STREAM:2072}
  CREATE_STREAM @155000 {NAME:slave_seq T:Transactions SCOPE:uvm_test_top.env.s_agt[0].sqr STREAM:2075}
  CREATE_STREAM @155000 {NAME:master_seq T:Transactions SCOPE:uvm_test_top.env.m_agt[0].sqr STREAM:2072}
  CREATE_STREAM @155000 {NAME:slave_seq T:Transactions SCOPE:uvm_test_top.env.s_agt[0].sqr STREAM:2075}
  CREATE_STREAM @155000 {NAME:master_seq T:Transactions SCOPE:uvm_test_top.env.m_agt[0].sqr STREAM:2072}
  CREATE_STREAM @155000 {NAME:slave_seq T:Transactions SCOPE:uvm_test_top.env.s_agt[0].sqr STREAM:2075}
  CREATE_STREAM @155000 {NAME:fixed_seq T:Transactions SCOPE:uvm_test_top.env.m_agt[0].sqr STREAM:2072}
  CREATE_STREAM @155000 {NAME:slave_seq T:Transactions SCOPE:uvm_test_top.env.s_agt[0].sqr STREAM:2075}
  CREATE_STREAM @155000 {NAME:fixed_seq T:Transactions SCOPE:uvm_test_top.env.m_agt[0].sqr STREAM:2072}
  CREATE_STREAM @155000 {NAME:slave_seq T:Transactions SCOPE:uvm_test_top.env.s_agt[0].sqr STREAM:2075}
  CREATE_STREAM @155000 {NAME:fixed_seq T:Transactions SCOPE:uvm_test_top.env.m_agt[0].sqr STREAM:2072}
  CREATE_STREAM @155000 {NAME:slave_seq T:Transactions SCOPE:uvm_test_top.env.s_agt[0].sqr STREAM:2075}
  CREATE_STREAM @155000 {NAME:fixed_seq T:Transactions SCOPE:uvm_test_top.env.m_agt[0].sqr STREAM:2072}
  CREATE_STREAM @155000 {NAME:slave_seq T:Transactions SCOPE:uvm_test_top.env.s_agt[0].sqr STREAM:2075}
  CREATE_STREAM @155000 {NAME:fixed_seq T:Transactions SCOPE:uvm_test_top.env.m_agt[0].sqr STREAM:2072}
  CREATE_STREAM @155000 {NAME:slave_seq T:Transactions SCOPE:uvm_test_top.env.s_agt[0].sqr STREAM:2075}
  CREATE_STREAM @155000 {NAME:fixed_seq T:Transactions SCOPE:uvm_test_top.env.m_agt[0].sqr STREAM:2072}
  CREATE_STREAM @155000 {NAME:slave_seq T:Transactions SCOPE:uvm_test_top.env.s_agt[0].sqr STREAM:2075}
  CREATE_STREAM @155000 {NAME:fixed_seq T:Transactions SCOPE:uvm_test_top.env.m_agt[0].sqr STREAM:2072}
  CREATE_STREAM @155000 {NAME:slave_seq T:Transactions SCOPE:uvm_test_top.env.s_agt[0].sqr STREAM:2075}
  CREATE_STREAM @155000 {NAME:fixed_seq T:Transactions SCOPE:uvm_test_top.env.m_agt[0].sqr STREAM:2072}
  CREATE_STREAM @155000 {NAME:slave_seq T:Transactions SCOPE:uvm_test_top.env.s_agt[0].sqr STREAM:2075}
  CREATE_STREAM @155000 {NAME:fixed_seq T:Transactions SCOPE:uvm_test_top.env.m_agt[0].sqr STREAM:2072}
  CREATE_STREAM @155000 {NAME:slave_seq T:Transactions SCOPE:uvm_test_top.env.s_agt[0].sqr STREAM:2075}
  CREATE_STREAM @155000 {NAME:fixed_seq T:Transactions SCOPE:uvm_test_top.env.m_agt[0].sqr STREAM:2072}
  CREATE_STREAM @155000 {NAME:slave_seq T:Transactions SCOPE:uvm_test_top.env.s_agt[0].sqr STREAM:2075}
  CREATE_STREAM @155000 {NAME:fixed_seq T:Transactions SCOPE:uvm_test_top.env.m_agt[0].sqr STREAM:2072}
  CREATE_STREAM @155000 {NAME:slave_seq T:Transactions SCOPE:uvm_test_top.env.s_agt[0].sqr STREAM:2075}
  CREATE_STREAM @155000 {NAME:fixed_seq T:Transactions SCOPE:uvm_test_top.env.m_agt[0].sqr STREAM:2072}
  CREATE_STREAM @155000 {NAME:slave_seq T:Transactions SCOPE:uvm_test_top.env.s_agt[0].sqr STREAM:2075}
  CREATE_STREAM @155000 {NAME:fixed_seq T:Transactions SCOPE:uvm_test_top.env.m_agt[0].sqr STREAM:2072}
  CREATE_STREAM @155000 {NAME:slave_seq T:Transactions SCOPE:uvm_test_top.env.s_agt[0].sqr STREAM:2075}
  CREATE_STREAM @155000 {NAME:fixed_seq T:Transactions SCOPE:uvm_test_top.env.m_agt[0].sqr STREAM:2072}
  CREATE_STREAM @155000 {NAME:slave_seq T:Transactions SCOPE:uvm_test_top.env.s_agt[0].sqr STREAM:2075}
  CREATE_STREAM @155000 {NAME:fixed_seq T:Transactions SCOPE:uvm_test_top.env.m_agt[0].sqr STREAM:2072}
  CREATE_STREAM @155000 {NAME:slave_seq T:Transactions SCOPE:uvm_test_top.env.s_agt[0].sqr STREAM:2075}
  CREATE_STREAM @155000 {NAME:fixed_seq T:Transactions SCOPE:uvm_test_top.env.m_agt[0].sqr STREAM:2072}
  CREATE_STREAM @155000 {NAME:slave_seq T:Transactions SCOPE:uvm_test_top.env.s_agt[0].sqr STREAM:2075}
  CREATE_STREAM @155000 {NAME:fixed_seq T:Transactions SCOPE:uvm_test_top.env.m_agt[0].sqr STREAM:2072}
  CREATE_STREAM @155000 {NAME:slave_seq T:Transactions SCOPE:uvm_test_top.env.s_agt[0].sqr STREAM:2075}
  CREATE_STREAM @155000 {NAME:fixed_seq T:Transactions SCOPE:uvm_test_top.env.m_agt[0].sqr STREAM:2072}
  CREATE_STREAM @155000 {NAME:slave_seq T:Transactions SCOPE:uvm_test_top.env.s_agt[0].sqr STREAM:2075}
  CREATE_STREAM @155000 {NAME:fixed_seq T:Transactions SCOPE:uvm_test_top.env.m_agt[0].sqr STREAM:2072}
  CREATE_STREAM @155000 {NAME:slave_seq T:Transactions SCOPE:uvm_test_top.env.s_agt[0].sqr STREAM:2075}
  CREATE_STREAM @155000 {NAME:slave_error_seq T:Transactions SCOPE:uvm_test_top.env.m_agt[0].sqr STREAM:2072}
  CREATE_STREAM @155000 {NAME:slave_seq T:Transactions SCOPE:uvm_test_top.env.s_agt[0].sqr STREAM:2075}
  CREATE_STREAM @155000 {NAME:slave_error_seq T:Transactions SCOPE:uvm_test_top.env.m_agt[0].sqr STREAM:2072}
  CREATE_STREAM @155000 {NAME:slave_seq T:Transactions SCOPE:uvm_test_top.env.s_agt[0].sqr STREAM:2075}
  CREATE_STREAM @155000 {NAME:slave_error_seq T:Transactions SCOPE:uvm_test_top.env.m_agt[0].sqr STREAM:2072}
  CREATE_STREAM @155000 {NAME:slave_seq T:Transactions SCOPE:uvm_test_top.env.s_agt[0].sqr STREAM:2075}
  CREATE_STREAM @155000 {NAME:slave_error_seq T:Transactions SCOPE:uvm_test_top.env.m_agt[0].sqr STREAM:2072}
  CREATE_STREAM @155000 {NAME:slave_seq T:Transactions SCOPE:uvm_test_top.env.s_agt[0].sqr STREAM:2075}
  CREATE_STREAM @155000 {NAME:slave_error_seq T:Transactions SCOPE:uvm_test_top.env.m_agt[0].sqr STREAM:2072}
  CREATE_STREAM @155000 {NAME:slave_seq T:Transactions SCOPE:uvm_test_top.env.s_agt[0].sqr STREAM:2075}
  CREATE_STREAM @155000 {NAME:slave_error_seq T:Transactions SCOPE:uvm_test_top.env.m_agt[0].sqr STREAM:2072}
  CREATE_STREAM @155000 {NAME:slave_seq T:Transactions SCOPE:uvm_test_top.env.s_agt[0].sqr STREAM:2075}
  CREATE_STREAM @155000 {NAME:slave_error_seq T:Transactions SCOPE:uvm_test_top.env.m_agt[0].sqr STREAM:2072}
  CREATE_STREAM @155000 {NAME:slave_seq T:Transactions SCOPE:uvm_test_top.env.s_agt[0].sqr STREAM:2075}
  CREATE_STREAM @155000 {NAME:slave_error_seq T:Transactions SCOPE:uvm_test_top.env.m_agt[0].sqr STREAM:2072}
  CREATE_STREAM @155000 {NAME:slave_seq T:Transactions SCOPE:uvm_test_top.env.s_agt[0].sqr STREAM:2075}
  CREATE_STREAM @155000 {NAME:slave_error_seq T:Transactions SCOPE:uvm_test_top.env.m_agt[0].sqr STREAM:2072}
  CREATE_STREAM @155000 {NAME:slave_seq T:Transactions SCOPE:uvm_test_top.env.s_agt[0].sqr STREAM:2075}
  CREATE_STREAM @155000 {NAME:slave_error_seq T:Transactions SCOPE:uvm_test_top.env.m_agt[0].sqr STREAM:2072}
  CREATE_STREAM @155000 {NAME:slave_seq T:Transactions SCOPE:uvm_test_top.env.s_agt[0].sqr STREAM:2075}
  CREATE_STREAM @155000 {NAME:slave_error_seq T:Transactions SCOPE:uvm_test_top.env.m_agt[0].sqr STREAM:2072}
  CREATE_STREAM @155000 {NAME:slave_seq T:Transactions SCOPE:uvm_test_top.env.s_agt[0].sqr STREAM:2075}
  CREATE_STREAM @155000 {NAME:slave_error_seq T:Transactions SCOPE:uvm_test_top.env.m_agt[0].sqr STREAM:2072}
  CREATE_STREAM @155000 {NAME:slave_seq T:Transactions SCOPE:uvm_test_top.env.s_agt[0].sqr STREAM:2075}
  CREATE_STREAM @155000 {NAME:slave_error_seq T:Transactions SCOPE:uvm_test_top.env.m_agt[0].sqr STREAM:2072}
  CREATE_STREAM @155000 {NAME:slave_seq T:Transactions SCOPE:uvm_test_top.env.s_agt[0].sqr STREAM:2075}
  CREATE_STREAM @155000 {NAME:slave_error_seq T:Transactions SCOPE:uvm_test_top.env.m_agt[0].sqr STREAM:2072}
  CREATE_STREAM @155000 {NAME:slave_seq T:Transactions SCOPE:uvm_test_top.env.s_agt[0].sqr STREAM:2075}
  CREATE_STREAM @155000 {NAME:slave_error_seq T:Transactions SCOPE:uvm_test_top.env.m_agt[0].sqr STREAM:2072}
  CREATE_STREAM @155000 {NAME:slave_seq T:Transactions SCOPE:uvm_test_top.env.s_agt[0].sqr STREAM:2075}
  CREATE_STREAM @155000 {NAME:slave_error_seq T:Transactions SCOPE:uvm_test_top.env.m_agt[0].sqr STREAM:2072}
  CREATE_STREAM @155000 {NAME:slave_seq T:Transactions SCOPE:uvm_test_top.env.s_agt[0].sqr STREAM:2075}
  CREATE_STREAM @155000 {NAME:slave_error_seq T:Transactions SCOPE:uvm_test_top.env.m_agt[0].sqr STREAM:2072}
  CREATE_STREAM @155000 {NAME:slave_seq T:Transactions SCOPE:uvm_test_top.env.s_agt[0].sqr STREAM:2075}
  CREATE_STREAM @155000 {NAME:slave_error_seq T:Transactions SCOPE:uvm_test_top.env.m_agt[0].sqr STREAM:2072}
  CREATE_STREAM @155000 {NAME:slave_seq T:Transactions SCOPE:uvm_test_top.env.s_agt[0].sqr STREAM:2075}
  CREATE_STREAM @155000 {NAME:master_seq T:Transactions SCOPE:uvm_test_top.env.m_agt[0].sqr STREAM:2072}
  CREATE_STREAM @155000 {NAME:slave_seq T:Transactions SCOPE:uvm_test_top.env.s_agt[0].sqr STREAM:2075}
  CREATE_STREAM @155000 {NAME:master_seq T:Transactions SCOPE:uvm_test_top.env.m_agt[0].sqr STREAM:2072}
  CREATE_STREAM @155000 {NAME:slave_seq T:Transactions SCOPE:uvm_test_top.env.s_agt[0].sqr STREAM:2075}
  CREATE_STREAM @155000 {NAME:master_seq T:Transactions SCOPE:uvm_test_top.env.m_agt[0].sqr STREAM:2072}
  CREATE_STREAM @155000 {NAME:slave_seq T:Transactions SCOPE:uvm_test_top.env.s_agt[0].sqr STREAM:2075}
  CREATE_STREAM @155000 {NAME:master_seq T:Transactions SCOPE:uvm_test_top.env.m_agt[0].sqr STREAM:2072}
  CREATE_STREAM @155000 {NAME:slave_seq T:Transactions SCOPE:uvm_test_top.env.s_agt[0].sqr STREAM:2075}
  CREATE_STREAM @155000 {NAME:master_seq T:Transactions SCOPE:uvm_test_top.env.m_agt[0].sqr STREAM:2072}
  CREATE_STREAM @155000 {NAME:slave_seq T:Transactions SCOPE:uvm_test_top.env.s_agt[0].sqr STREAM:2075}
  CREATE_STREAM @155000 {NAME:master_seq T:Transactions SCOPE:uvm_test_top.env.m_agt[0].sqr STREAM:2072}
  CREATE_STREAM @155000 {NAME:slave_seq T:Transactions SCOPE:uvm_test_top.env.s_agt[0].sqr STREAM:2075}
  CREATE_STREAM @155000 {NAME:master_seq T:Transactions SCOPE:uvm_test_top.env.m_agt[0].sqr STREAM:2072}
  CREATE_STREAM @155000 {NAME:slave_seq T:Transactions SCOPE:uvm_test_top.env.s_agt[0].sqr STREAM:2075}
  CREATE_STREAM @155000 {NAME:master_seq T:Transactions SCOPE:uvm_test_top.env.m_agt[0].sqr STREAM:2072}
  CREATE_STREAM @155000 {NAME:slave_seq T:Transactions SCOPE:uvm_test_top.env.s_agt[0].sqr STREAM:2075}
  CREATE_STREAM @155000 {NAME:master_seq T:Transactions SCOPE:uvm_test_top.env.m_agt[0].sqr STREAM:2072}
  CREATE_STREAM @155000 {NAME:slave_seq T:Transactions SCOPE:uvm_test_top.env.s_agt[0].sqr STREAM:2075}
  CREATE_STREAM @155000 {NAME:master_seq T:Transactions SCOPE:uvm_test_top.env.m_agt[0].sqr STREAM:2072}
  CREATE_STREAM @155000 {NAME:slave_seq T:Transactions SCOPE:uvm_test_top.env.s_agt[0].sqr STREAM:2075}
  CREATE_STREAM @155000 {NAME:master_seq T:Transactions SCOPE:uvm_test_top.env.m_agt[0].sqr STREAM:2072}
  CREATE_STREAM @155000 {NAME:slave_seq T:Transactions SCOPE:uvm_test_top.env.s_agt[0].sqr STREAM:2075}
  CREATE_STREAM @155000 {NAME:fixed_seq T:Transactions SCOPE:uvm_test_top.env.m_agt[0].sqr STREAM:2072}
  CREATE_STREAM @155000 {NAME:slave_seq T:Transactions SCOPE:uvm_test_top.env.s_agt[0].sqr STREAM:2075}
  CREATE_STREAM @155000 {NAME:vseq T:Transactions SCOPE:uvm_test_top.env.v_seqr STREAM:2075}
  CREATE_STREAM @155000 {NAME:slave_resp_seq T:Transactions SCOPE:uvm_test_top.env.s_agt[0].sqr STREAM:2152}
  CREATE_STREAM @155000 {NAME:master_reg_seq T:Transactions SCOPE:uvm_test_top.env.m_agt[0].sqr STREAM:2157}
  CREATE_STREAM @155000 {NAME:fixed_seq T:Transactions SCOPE:uvm_test_top.env.m_agt[0].sqr STREAM:2072}
  CREATE_STREAM @155000 {NAME:slave_seq T:Transactions SCOPE:uvm_test_top.env.s_agt[0].sqr STREAM:2075}
  CREATE_STREAM @155000 {NAME:fixed_seq T:Transactions SCOPE:uvm_test_top.env.m_agt[0].sqr STREAM:2072}
  CREATE_STREAM @155000 {NAME:slave_seq T:Transactions SCOPE:uvm_test_top.env.s_agt[0].sqr STREAM:2075}
  CREATE_STREAM @155000 {NAME:master_seq T:Transactions SCOPE:uvm_test_top.env.m_agt[0].sqr STREAM:2072}
  CREATE_STREAM @155000 {NAME:slave_seq T:Transactions SCOPE:uvm_test_top.env.s_agt[0].sqr STREAM:2075}
  CREATE_STREAM @155000 {NAME:master_seq T:Transactions SCOPE:uvm_test_top.env.m_agt[0].sqr STREAM:2072}
  CREATE_STREAM @155000 {NAME:slave_seq T:Transactions SCOPE:uvm_test_top.env.s_agt[0].sqr STREAM:2075}
  CREATE_STREAM @155000 {NAME:master_seq T:Transactions SCOPE:uvm_test_top.env.m_agt[0].sqr STREAM:2072}
  CREATE_STREAM @155000 {NAME:slave_seq T:Transactions SCOPE:uvm_test_top.env.s_agt[0].sqr STREAM:2075}
  CREATE_STREAM @155000 {NAME:master_seq T:Transactions SCOPE:uvm_test_top.env.m_agt[0].sqr STREAM:2072}
  CREATE_STREAM @155000 {NAME:slave_seq T:Transactions SCOPE:uvm_test_top.env.s_agt[0].sqr STREAM:2075}
  CREATE_STREAM @155000 {NAME:master_seq T:Transactions SCOPE:uvm_test_top.env.m_agt[0].sqr STREAM:2072}
  CREATE_STREAM @155000 {NAME:slave_seq T:Transactions SCOPE:uvm_test_top.env.s_agt[0].sqr STREAM:2075}
  CREATE_STREAM @155000 {NAME:master_seq T:Transactions SCOPE:uvm_test_top.env.m_agt[0].sqr STREAM:2072}
  CREATE_STREAM @155000 {NAME:slave_seq T:Transactions SCOPE:uvm_test_top.env.s_agt[0].sqr STREAM:2075}
  CREATE_STREAM @155000 {NAME:master_seq T:Transactions SCOPE:uvm_test_top.env.m_agt[0].sqr STREAM:2072}
  CREATE_STREAM @155000 {NAME:slave_seq T:Transactions SCOPE:uvm_test_top.env.s_agt[0].sqr STREAM:2075}
  CREATE_STREAM @155000 {NAME:master_seq T:Transactions SCOPE:uvm_test_top.env.m_agt[0].sqr STREAM:2072}
  CREATE_STREAM @155000 {NAME:slave_seq T:Transactions SCOPE:uvm_test_top.env.s_agt[0].sqr STREAM:2075}
  CREATE_STREAM @155000 {NAME:master_seq T:Transactions SCOPE:uvm_test_top.env.m_agt[0].sqr STREAM:2072}
  CREATE_STREAM @155000 {NAME:slave_seq T:Transactions SCOPE:uvm_test_top.env.s_agt[0].sqr STREAM:2075}
  CREATE_STREAM @155000 {NAME:master_seq T:Transactions SCOPE:uvm_test_top.env.m_agt[0].sqr STREAM:2072}
  CREATE_STREAM @155000 {NAME:slave_seq T:Transactions SCOPE:uvm_test_top.env.s_agt[0].sqr STREAM:2075}
  CREATE_STREAM @155000 {NAME:master_seq T:Transactions SCOPE:uvm_test_top.env.m_agt[0].sqr STREAM:2072}
  CREATE_STREAM @155000 {NAME:slave_seq T:Transactions SCOPE:uvm_test_top.env.s_agt[0].sqr STREAM:2075}
  CREATE_STREAM @155000 {NAME:master_seq T:Transactions SCOPE:uvm_test_top.env.m_agt[0].sqr STREAM:2072}
  CREATE_STREAM @155000 {NAME:slave_seq T:Transactions SCOPE:uvm_test_top.env.s_agt[0].sqr STREAM:2075}
  CREATE_STREAM @155000 {NAME:master_seq T:Transactions SCOPE:uvm_test_top.env.m_agt[0].sqr STREAM:2072}
  CREATE_STREAM @155000 {NAME:slave_seq T:Transactions SCOPE:uvm_test_top.env.s_agt[0].sqr STREAM:2075}
  CREATE_STREAM @155000 {NAME:master_seq T:Transactions SCOPE:uvm_test_top.env.m_agt[0].sqr STREAM:2072}
  CREATE_STREAM @155000 {NAME:slave_seq T:Transactions SCOPE:uvm_test_top.env.s_agt[0].sqr STREAM:2075}
  CREATE_STREAM @155000 {NAME:master_seq T:Transactions SCOPE:uvm_test_top.env.m_agt[0].sqr STREAM:2072}
  CREATE_STREAM @155000 {NAME:slave_seq T:Transactions SCOPE:uvm_test_top.env.s_agt[0].sqr STREAM:2075}
  CREATE_STREAM @155000 {NAME:master_seq T:Transactions SCOPE:uvm_test_top.env.m_agt[0].sqr STREAM:2072}
  CREATE_STREAM @155000 {NAME:slave_seq T:Transactions SCOPE:uvm_test_top.env.s_agt[0].sqr STREAM:2075}
  CREATE_STREAM @155000 {NAME:master_seq T:Transactions SCOPE:uvm_test_top.env.m_agt[0].sqr STREAM:2072}
  CREATE_STREAM @155000 {NAME:slave_seq T:Transactions SCOPE:uvm_test_top.env.s_agt[0].sqr STREAM:2075}
  CREATE_STREAM @155000 {NAME:master_seq T:Transactions SCOPE:uvm_test_top.env.m_agt[0].sqr STREAM:2072}
  CREATE_STREAM @155000 {NAME:slave_seq T:Transactions SCOPE:uvm_test_top.env.s_agt[0].sqr STREAM:2075}
  CREATE_STREAM @155000 {NAME:master_seq T:Transactions SCOPE:uvm_test_top.env.m_agt[0].sqr STREAM:2072}
  CREATE_STREAM @155000 {NAME:slave_seq T:Transactions SCOPE:uvm_test_top.env.s_agt[0].sqr STREAM:2075}
  CREATE_STREAM @155000 {NAME:master_seq T:Transactions SCOPE:uvm_test_top.env.m_agt[0].sqr STREAM:2072}
  CREATE_STREAM @155000 {NAME:slave_seq T:Transactions SCOPE:uvm_test_top.env.s_agt[0].sqr STREAM:2075}
  CREATE_STREAM @155000 {NAME:master_seq T:Transactions SCOPE:uvm_test_top.env.m_agt[0].sqr STREAM:2072}
  CREATE_STREAM @155000 {NAME:slave_seq T:Transactions SCOPE:uvm_test_top.env.s_agt[0].sqr STREAM:2075}
  CREATE_STREAM @155000 {NAME:master_seq T:Transactions SCOPE:uvm_test_top.env.m_agt[0].sqr STREAM:2072}
  CREATE_STREAM @155000 {NAME:slave_seq T:Transactions SCOPE:uvm_test_top.env.s_agt[0].sqr STREAM:2075}
  CREATE_STREAM @155000 {NAME:master_seq T:Transactions SCOPE:uvm_test_top.env.m_agt[0].sqr STREAM:2072}
  CREATE_STREAM @155000 {NAME:slave_seq T:Transactions SCOPE:uvm_test_top.env.s_agt[0].sqr STREAM:2075}
  CREATE_STREAM @155000 {NAME:master_seq T:Transactions SCOPE:uvm_test_top.env.m_agt[0].sqr STREAM:2072}
  CREATE_STREAM @155000 {NAME:slave_seq T:Transactions SCOPE:uvm_test_top.env.s_agt[0].sqr STREAM:2075}
  CREATE_STREAM @155000 {NAME:master_seq T:Transactions SCOPE:uvm_test_top.env.m_agt[0].sqr STREAM:2072}
  CREATE_STREAM @155000 {NAME:slave_seq T:Transactions SCOPE:uvm_test_top.env.s_agt[0].sqr STREAM:2075}
  CREATE_STREAM @155000 {NAME:master_seq T:Transactions SCOPE:uvm_test_top.env.m_agt[0].sqr STREAM:2072}
  CREATE_STREAM @155000 {NAME:slave_seq T:Transactions SCOPE:uvm_test_top.env.s_agt[0].sqr STREAM:2075}
  CREATE_STREAM @155000 {NAME:master_seq T:Transactions SCOPE:uvm_test_top.env.m_agt[0].sqr STREAM:2072}
  CREATE_STREAM @155000 {NAME:slave_seq T:Transactions SCOPE:uvm_test_top.env.s_agt[0].sqr STREAM:2075}
  CREATE_STREAM @155000 {NAME:master_seq T:Transactions SCOPE:uvm_test_top.env.m_agt[0].sqr STREAM:2072}
  CREATE_STREAM @155000 {NAME:slave_seq T:Transactions SCOPE:uvm_test_top.env.s_agt[0].sqr STREAM:2075}
  CREATE_STREAM @155000 {NAME:master_seq T:Transactions SCOPE:uvm_test_top.env.m_agt[0].sqr STREAM:2072}
  CREATE_STREAM @155000 {NAME:slave_seq T:Transactions SCOPE:uvm_test_top.env.s_agt[0].sqr STREAM:2075}
  CREATE_STREAM @155000 {NAME:master_seq T:Transactions SCOPE:uvm_test_top.env.m_agt[0].sqr STREAM:2072}
  CREATE_STREAM @155000 {NAME:slave_seq T:Transactions SCOPE:uvm_test_top.env.s_agt[0].sqr STREAM:2075}
  CREATE_STREAM @155000 {NAME:master_seq T:Transactions SCOPE:uvm_test_top.env.m_agt[0].sqr STREAM:2072}
  CREATE_STREAM @155000 {NAME:slave_seq T:Transactions SCOPE:uvm_test_top.env.s_agt[0].sqr STREAM:2075}
  CREATE_STREAM @155000 {NAME:master_seq T:Transactions SCOPE:uvm_test_top.env.m_agt[0].sqr STREAM:2072}
  CREATE_STREAM @155000 {NAME:slave_seq T:Transactions SCOPE:uvm_test_top.env.s_agt[0].sqr STREAM:2075}
  CREATE_STREAM @155000 {NAME:master_seq T:Transactions SCOPE:uvm_test_top.env.m_agt[0].sqr STREAM:2072}
  CREATE_STREAM @155000 {NAME:slave_seq T:Transactions SCOPE:uvm_test_top.env.s_agt[0].sqr STREAM:2075}
  CREATE_STREAM @155000 {NAME:master_seq T:Transactions SCOPE:uvm_test_top.env.m_agt[0].sqr STREAM:2072}
  CREATE_STREAM @155000 {NAME:slave_seq T:Transactions SCOPE:uvm_test_top.env.s_agt[0].sqr STREAM:2075}
  CREATE_STREAM @155000 {NAME:master_seq T:Transactions SCOPE:uvm_test_top.env.m_agt[0].sqr STREAM:2072}
  CREATE_STREAM @155000 {NAME:slave_seq T:Transactions SCOPE:uvm_test_top.env.s_agt[0].sqr STREAM:2075}
  CREATE_STREAM @155000 {NAME:master_seq T:Transactions SCOPE:uvm_test_top.env.m_agt[0].sqr STREAM:2072}
  CREATE_STREAM @155000 {NAME:slave_seq T:Transactions SCOPE:uvm_test_top.env.s_agt[0].sqr STREAM:2075}
  CREATE_STREAM @155000 {NAME:master_seq T:Transactions SCOPE:uvm_test_top.env.m_agt[0].sqr STREAM:2072}
  CREATE_STREAM @155000 {NAME:slave_seq T:Transactions SCOPE:uvm_test_top.env.s_agt[0].sqr STREAM:2075}
  CREATE_STREAM @155000 {NAME:master_seq T:Transactions SCOPE:uvm_test_top.env.m_agt[0].sqr STREAM:2072}
  CREATE_STREAM @155000 {NAME:slave_seq T:Transactions SCOPE:uvm_test_top.env.s_agt[0].sqr STREAM:2075}
  CREATE_STREAM @155000 {NAME:fixed_seq T:Transactions SCOPE:uvm_test_top.env.m_agt[0].sqr STREAM:2072}
  CREATE_STREAM @155000 {NAME:slave_seq T:Transactions SCOPE:uvm_test_top.env.s_agt[0].sqr STREAM:2075}
  CREATE_STREAM @155000 {NAME:master_seq T:Transactions SCOPE:uvm_test_top.env.m_agt[0].sqr STREAM:2072}
  CREATE_STREAM @155000 {NAME:slave_seq T:Transactions SCOPE:uvm_test_top.env.s_agt[0].sqr STREAM:2075}
  CREATE_STREAM @155000 {NAME:master_seq T:Transactions SCOPE:uvm_test_top.env.m_agt[0].sqr STREAM:2072}
  CREATE_STREAM @155000 {NAME:slave_seq T:Transactions SCOPE:uvm_test_top.env.s_agt[0].sqr STREAM:2075}
  CREATE_STREAM @155000 {NAME:master_seq T:Transactions SCOPE:uvm_test_top.env.m_agt[0].sqr STREAM:2072}
  CREATE_STREAM @155000 {NAME:slave_seq T:Transactions SCOPE:uvm_test_top.env.s_agt[0].sqr STREAM:2075}
  CREATE_STREAM @155000 {NAME:master_seq T:Transactions SCOPE:uvm_test_top.env.m_agt[0].sqr STREAM:2072}
  CREATE_STREAM @155000 {NAME:slave_seq T:Transactions SCOPE:uvm_test_top.env.s_agt[0].sqr STREAM:2075}
  CREATE_STREAM @155000 {NAME:master_seq T:Transactions SCOPE:uvm_test_top.env.m_agt[0].sqr STREAM:2072}
  CREATE_STREAM @155000 {NAME:slave_seq T:Transactions SCOPE:uvm_test_top.env.s_agt[0].sqr STREAM:2075}
  CREATE_STREAM @155000 {NAME:master_seq T:Transactions SCOPE:uvm_test_top.env.m_agt[0].sqr STREAM:2072}
  CREATE_STREAM @155000 {NAME:slave_seq T:Transactions SCOPE:uvm_test_top.env.s_agt[0].sqr STREAM:2075}
  CREATE_STREAM @155000 {NAME:master_seq T:Transactions SCOPE:uvm_test_top.env.m_agt[0].sqr STREAM:2072}
  CREATE_STREAM @155000 {NAME:slave_seq T:Transactions SCOPE:uvm_test_top.env.s_agt[0].sqr STREAM:2075}
  CREATE_STREAM @155000 {NAME:master_seq T:Transactions SCOPE:uvm_test_top.env.m_agt[0].sqr STREAM:2072}
  CREATE_STREAM @155000 {NAME:slave_seq T:Transactions SCOPE:uvm_test_top.env.s_agt[0].sqr STREAM:2075}
  CREATE_STREAM @155000 {NAME:master_seq T:Transactions SCOPE:uvm_test_top.env.m_agt[0].sqr STREAM:2072}
  CREATE_STREAM @155000 {NAME:slave_seq T:Transactions SCOPE:uvm_test_top.env.s_agt[0].sqr STREAM:2075}
  CREATE_STREAM @155000 {NAME:master_seq T:Transactions SCOPE:uvm_test_top.env.m_agt[0].sqr STREAM:2075}
  CREATE_STREAM @155000 {NAME:slave_seq T:Transactions SCOPE:uvm_test_top.env.s_agt[0].sqr STREAM:2078}
  CREATE_STREAM @155000 {NAME:interrupt_seq T:Transactions SCOPE:uvm_test_top.env.m_agt[0].sqr STREAM:2081}
  CREATE_STREAM @155000 {NAME:master_seq T:Transactions SCOPE:uvm_test_top.env.m_agt[0].sqr STREAM:2075}
  CREATE_STREAM @155000 {NAME:slave_seq T:Transactions SCOPE:uvm_test_top.env.s_agt[0].sqr STREAM:2078}
  CREATE_STREAM @1635000 {NAME:interrupt_seq T:Transactions SCOPE:uvm_test_top.env.m_agt[0].sqr STREAM:2478}
  CREATE_STREAM @155000 {NAME:slave_seq T:Transactions SCOPE:uvm_test_top.env.s_agt[0].sqr STREAM:2075}
  CREATE_STREAM @155000 {NAME:interrupt_seq T:Transactions SCOPE:uvm_test_top.env.m_agt[0].sqr STREAM:2078}
  CREATE_STREAM @155000 {NAME:slave_seq T:Transactions SCOPE:uvm_test_top.env.s_agt[0].sqr STREAM:2075}
  CREATE_STREAM @155000 {NAME:master_seq T:Transactions SCOPE:uvm_test_top.env.m_agt[0].sqr STREAM:2078}
  CREATE_STREAM @155000 {NAME:master_seq T:Transactions SCOPE:uvm_test_top.env.m_agt[0].sqr STREAM:2075}
  CREATE_STREAM @155000 {NAME:slave_seq T:Transactions SCOPE:uvm_test_top.env.s_agt[0].sqr STREAM:2078}
  CREATE_STREAM @155000 {NAME:interrupt_seq T:Transactions SCOPE:uvm_test_top.env.m_agt[0].sqr STREAM:2081}
  CREATE_STREAM @155000 {NAME:master_seq T:Transactions SCOPE:uvm_test_top.env.m_agt[0].sqr STREAM:2075}
  CREATE_STREAM @155000 {NAME:slave_seq T:Transactions SCOPE:uvm_test_top.env.s_agt[0].sqr STREAM:2078}
  CREATE_STREAM @155000 {NAME:interrupt_seq T:Transactions SCOPE:uvm_test_top.env.m_agt[0].sqr STREAM:2081}
  CREATE_STREAM @155000 {NAME:master_seq T:Transactions SCOPE:uvm_test_top.env.m_agt[0].sqr STREAM:2075}
  CREATE_STREAM @155000 {NAME:slave_seq T:Transactions SCOPE:uvm_test_top.env.s_agt[0].sqr STREAM:2078}
  CREATE_STREAM @1805000 {NAME:interrupt_seq T:Transactions SCOPE:uvm_test_top.env.m_agt[0].sqr STREAM:2635}
  CREATE_STREAM @155000 {NAME:master_seq T:Transactions SCOPE:uvm_test_top.env.m_agt[0].sqr STREAM:2075}
  CREATE_STREAM @155000 {NAME:slave_seq T:Transactions SCOPE:uvm_test_top.env.s_agt[0].sqr STREAM:2078}
  CREATE_STREAM @155000 {NAME:interrupt_seq T:Transactions SCOPE:uvm_test_top.env.m_agt[0].sqr STREAM:2081}
  CREATE_STREAM @155000 {NAME:master_seq T:Transactions SCOPE:uvm_test_top.env.m_agt[0].sqr STREAM:2075}
  CREATE_STREAM @155000 {NAME:slave_seq T:Transactions SCOPE:uvm_test_top.env.s_agt[0].sqr STREAM:2078}
  CREATE_STREAM @155000 {NAME:interrupt_seq T:Transactions SCOPE:uvm_test_top.env.m_agt[0].sqr STREAM:2075}
  CREATE_STREAM @155000 {NAME:master_seq T:Transactions SCOPE:uvm_test_top.env.m_agt[0].sqr STREAM:2078}
  CREATE_STREAM @155000 {NAME:slave_seq T:Transactions SCOPE:uvm_test_top.env.s_agt[0].sqr STREAM:2080}
  CREATE_STREAM @155000 {NAME:master_seq T:Transactions SCOPE:uvm_test_top.env.m_agt[0].sqr STREAM:2075}
  CREATE_STREAM @155000 {NAME:slave_seq T:Transactions SCOPE:uvm_test_top.env.s_agt[0].sqr STREAM:2078}
  CREATE_STREAM @1805000 {NAME:interrupt_seq T:Transactions SCOPE:uvm_test_top.env.m_agt[0].sqr STREAM:2635}
  CREATE_STREAM @155000 {NAME:master_seq T:Transactions SCOPE:uvm_test_top.env.m_agt[0].sqr STREAM:2075}
  CREATE_STREAM @155000 {NAME:slave_seq T:Transactions SCOPE:uvm_test_top.env.s_agt[0].sqr STREAM:2078}
  CREATE_STREAM @1805000 {NAME:interrupt_seq T:Transactions SCOPE:uvm_test_top.env.m_agt[0].sqr STREAM:2635}
  CREATE_STREAM @155000 {NAME:master_seq T:Transactions SCOPE:uvm_test_top.env.m_agt[0].sqr STREAM:2075}
  CREATE_STREAM @155000 {NAME:slave_seq T:Transactions SCOPE:uvm_test_top.env.s_agt[0].sqr STREAM:2078}
  CREATE_STREAM @155000 {NAME:interrupt_seq T:Transactions SCOPE:uvm_test_top.env.m_agt[0].sqr STREAM:2081}
  CREATE_STREAM @155000 {NAME:master_seq T:Transactions SCOPE:uvm_test_top.env.m_agt[0].sqr STREAM:2075}
  CREATE_STREAM @155000 {NAME:interrupt_seq T:Transactions SCOPE:uvm_test_top.env.m_agt[0].sqr STREAM:2078}
  CREATE_STREAM @155000 {NAME:slave_seq T:Transactions SCOPE:uvm_test_top.env.s_agt[0].sqr STREAM:2080}
  CREATE_STREAM @155000 {NAME:slave_seq T:Transactions SCOPE:uvm_test_top.env.s_agt[0].sqr STREAM:2075}
  CREATE_STREAM @155000 {NAME:interrupt_seq T:Transactions SCOPE:uvm_test_top.env.m_agt[0].sqr STREAM:2078}
  CREATE_STREAM @155000 {NAME:master_seq T:Transactions SCOPE:uvm_test_top.env.m_agt[0].sqr STREAM:2075}
  CREATE_STREAM @155000 {NAME:interrupt_seq T:Transactions SCOPE:uvm_test_top.env.m_agt[0].sqr STREAM:2078}
  CREATE_STREAM @155000 {NAME:slave_seq T:Transactions SCOPE:uvm_test_top.env.s_agt[0].sqr STREAM:2080}
  CREATE_STREAM @155000 {NAME:master_seq T:Transactions SCOPE:uvm_test_top.env.m_agt[0].sqr STREAM:2075}
  CREATE_STREAM @155000 {NAME:interrupt_seq T:Transactions SCOPE:uvm_test_top.env.m_agt[0].sqr STREAM:2078}
  CREATE_STREAM @155000 {NAME:slave_seq T:Transactions SCOPE:uvm_test_top.env.s_agt[0].sqr STREAM:2080}
  CREATE_STREAM @155000 {NAME:master_seq T:Transactions SCOPE:uvm_test_top.env.m_agt[0].sqr STREAM:2075}
  CREATE_STREAM @155000 {NAME:interrupt_seq T:Transactions SCOPE:uvm_test_top.env.m_agt[0].sqr STREAM:2078}
  CREATE_STREAM @155000 {NAME:slave_seq T:Transactions SCOPE:uvm_test_top.env.s_agt[0].sqr STREAM:2080}
  CREATE_STREAM @155000 {NAME:fixed_seq T:Transactions SCOPE:uvm_test_top.env.m_agt[0].sqr STREAM:2075}
  CREATE_STREAM @155000 {NAME:interrupt_seq T:Transactions SCOPE:uvm_test_top.env.m_agt[0].sqr STREAM:2078}
  CREATE_STREAM @155000 {NAME:slave_seq T:Transactions SCOPE:uvm_test_top.env.s_agt[0].sqr STREAM:2080}
  CREATE_STREAM @155000 {NAME:master_seq T:Transactions SCOPE:uvm_test_top.env.m_agt[0].sqr STREAM:2075}
  CREATE_STREAM @155000 {NAME:interrupt_seq T:Transactions SCOPE:uvm_test_top.env.m_agt[0].sqr STREAM:2078}
  CREATE_STREAM @155000 {NAME:slave_seq T:Transactions SCOPE:uvm_test_top.env.s_agt[0].sqr STREAM:2080}
  CREATE_STREAM @155000 {NAME:master_seq T:Transactions SCOPE:uvm_test_top.env.m_agt[0].sqr STREAM:2075}
  CREATE_STREAM @155000 {NAME:interrupt_seq T:Transactions SCOPE:uvm_test_top.env.m_agt[0].sqr STREAM:2078}
  CREATE_STREAM @155000 {NAME:slave_seq T:Transactions SCOPE:uvm_test_top.env.s_agt[0].sqr STREAM:2080}
  CREATE_STREAM @155000 {NAME:master_seq T:Transactions SCOPE:uvm_test_top.env.m_agt[0].sqr STREAM:2075}
  CREATE_STREAM @155000 {NAME:interrupt_seq T:Transactions SCOPE:uvm_test_top.env.m_agt[0].sqr STREAM:2078}
  CREATE_STREAM @155000 {NAME:slave_seq T:Transactions SCOPE:uvm_test_top.env.s_agt[0].sqr STREAM:2080}
  CREATE_STREAM @155000 {NAME:master_seq T:Transactions SCOPE:uvm_test_top.env.m_agt[0].sqr STREAM:2075}
  CREATE_STREAM @155000 {NAME:interrupt_seq T:Transactions SCOPE:uvm_test_top.env.m_agt[0].sqr STREAM:2078}
  CREATE_STREAM @155000 {NAME:slave_seq T:Transactions SCOPE:uvm_test_top.env.s_agt[0].sqr STREAM:2080}
  CREATE_STREAM @155000 {NAME:master_seq T:Transactions SCOPE:uvm_test_top.env.m_agt[0].sqr STREAM:2075}
  CREATE_STREAM @155000 {NAME:interrupt_seq T:Transactions SCOPE:uvm_test_top.env.m_agt[0].sqr STREAM:2078}
  CREATE_STREAM @155000 {NAME:slave_seq T:Transactions SCOPE:uvm_test_top.env.s_agt[0].sqr STREAM:2080}
  CREATE_STREAM @155000 {NAME:master_seq T:Transactions SCOPE:uvm_test_top.env.m_agt[0].sqr STREAM:2075}
  CREATE_STREAM @155000 {NAME:interrupt_seq T:Transactions SCOPE:uvm_test_top.env.m_agt[0].sqr STREAM:2078}
  CREATE_STREAM @155000 {NAME:slave_seq T:Transactions SCOPE:uvm_test_top.env.s_agt[0].sqr STREAM:2080}
  CREATE_STREAM @155000 {NAME:master_seq T:Transactions SCOPE:uvm_test_top.env.m_agt[0].sqr STREAM:2075}
  CREATE_STREAM @155000 {NAME:interrupt_seq T:Transactions SCOPE:uvm_test_top.env.m_agt[0].sqr STREAM:2078}
  CREATE_STREAM @155000 {NAME:slave_seq T:Transactions SCOPE:uvm_test_top.env.s_agt[0].sqr STREAM:2080}
  CREATE_STREAM @155000 {NAME:master_seq T:Transactions SCOPE:uvm_test_top.env.m_agt[0].sqr STREAM:2075}
  CREATE_STREAM @155000 {NAME:interrupt_seq T:Transactions SCOPE:uvm_test_top.env.m_agt[0].sqr STREAM:2078}
  CREATE_STREAM @155000 {NAME:slave_seq T:Transactions SCOPE:uvm_test_top.env.s_agt[0].sqr STREAM:2080}
  CREATE_STREAM @155000 {NAME:master_seq T:Transactions SCOPE:uvm_test_top.env.m_agt[0].sqr STREAM:2075}
  CREATE_STREAM @155000 {NAME:interrupt_seq T:Transactions SCOPE:uvm_test_top.env.m_agt[0].sqr STREAM:2078}
  CREATE_STREAM @155000 {NAME:slave_seq T:Transactions SCOPE:uvm_test_top.env.s_agt[0].sqr STREAM:2080}
  CREATE_STREAM @155000 {NAME:master_seq T:Transactions SCOPE:uvm_test_top.env.m_agt[0].sqr STREAM:2075}
  CREATE_STREAM @155000 {NAME:interrupt_seq T:Transactions SCOPE:uvm_test_top.env.m_agt[0].sqr STREAM:2078}
  CREATE_STREAM @155000 {NAME:slave_seq T:Transactions SCOPE:uvm_test_top.env.s_agt[0].sqr STREAM:2080}
  CREATE_STREAM @155000 {NAME:master_seq T:Transactions SCOPE:uvm_test_top.env.m_agt[0].sqr STREAM:2075}
  CREATE_STREAM @155000 {NAME:interrupt_seq T:Transactions SCOPE:uvm_test_top.env.m_agt[0].sqr STREAM:2078}
  CREATE_STREAM @155000 {NAME:slave_seq T:Transactions SCOPE:uvm_test_top.env.s_agt[0].sqr STREAM:2080}
  CREATE_STREAM @155000 {NAME:vseq T:Transactions SCOPE:uvm_test_top.env.v_seqr STREAM:2075}
  CREATE_STREAM @155000 {NAME:slave_resp_seq T:Transactions SCOPE:uvm_test_top.env.s_agt[0].sqr STREAM:2152}
  CREATE_STREAM @155000 {NAME:master_reg_seq T:Transactions SCOPE:uvm_test_top.env.m_agt[0].sqr STREAM:2157}
  CREATE_STREAM @155000 {NAME:vseq T:Transactions SCOPE:uvm_test_top.env.v_seqr STREAM:2075}
  CREATE_STREAM @155000 {NAME:slave_resp_seq T:Transactions SCOPE:uvm_test_top.env.s_agt[0].sqr STREAM:2157}
  CREATE_STREAM @155000 {NAME:master_reg_seq T:Transactions SCOPE:uvm_test_top.env.m_agt[0].sqr STREAM:2162}
  CREATE_STREAM @155000 {NAME:interrupt_seq T:Transactions SCOPE:uvm_test_top.env.m_agt[0].sqr STREAM:2167}
  CREATE_STREAM @155000 {NAME:vseq T:Transactions SCOPE:uvm_test_top.env.v_seqr STREAM:2075}
  CREATE_STREAM @155000 {NAME:master_reg_seq T:Transactions SCOPE:uvm_test_top.env.m_agt[0].sqr STREAM:2155}
  CREATE_STREAM @155000 {NAME:interrupt_seq T:Transactions SCOPE:uvm_test_top.env.m_agt[0].sqr STREAM:2160}
  CREATE_STREAM @155000 {NAME:slave_resp_seq T:Transactions SCOPE:uvm_test_top.env.s_agt[0].sqr STREAM:2164}
  CREATE_STREAM @155000 {NAME:vseq T:Transactions SCOPE:uvm_test_top.env.v_seqr STREAM:2075}
  CREATE_STREAM @155000 {NAME:master_reg_seq T:Transactions SCOPE:uvm_test_top.env.m_agt[0].sqr STREAM:2157}
  CREATE_STREAM @155000 {NAME:interrupt_seq T:Transactions SCOPE:uvm_test_top.env.m_agt[0].sqr STREAM:2162}
  CREATE_STREAM @155000 {NAME:slave_resp_seq T:Transactions SCOPE:uvm_test_top.env.s_agt[0].sqr STREAM:2166}
  CREATE_STREAM @155000 {NAME:vseq T:Transactions SCOPE:uvm_test_top.env.v_seqr STREAM:2075}
  CREATE_STREAM @155000 {NAME:interrupt_seq T:Transactions SCOPE:uvm_test_top.env.m_agt[0].sqr STREAM:2157}
  CREATE_STREAM @155000 {NAME:slave_resp_seq T:Transactions SCOPE:uvm_test_top.env.s_agt[0].sqr STREAM:2160}
  CREATE_STREAM @155000 {NAME:master_reg_seq T:Transactions SCOPE:uvm_test_top.env.m_agt[0].sqr STREAM:2165}
  CREATE_STREAM @155000 {NAME:vseq T:Transactions SCOPE:uvm_test_top.env.v_seqr STREAM:2075}
  CREATE_STREAM @155000 {NAME:interrupt_seq T:Transactions SCOPE:uvm_test_top.env.m_agt[0].sqr STREAM:2155}
  CREATE_STREAM @155000 {NAME:slave_resp_seq T:Transactions SCOPE:uvm_test_top.env.s_agt[0].sqr STREAM:2160}
  CREATE_STREAM @155000 {NAME:master_reg_seq T:Transactions SCOPE:uvm_test_top.env.m_agt[0].sqr STREAM:2165}
  CREATE_STREAM @155000 {NAME:vseq T:Transactions SCOPE:uvm_test_top.env.v_seqr STREAM:2075}
  CREATE_STREAM @155000 {NAME:slave_resp_seq T:Transactions SCOPE:uvm_test_top.env.s_agt[0].sqr STREAM:2155}
  CREATE_STREAM @155000 {NAME:master_reg_seq T:Transactions SCOPE:uvm_test_top.env.m_agt[0].sqr STREAM:2160}
  CREATE_STREAM @155000 {NAME:interrupt_seq T:Transactions SCOPE:uvm_test_top.env.m_agt[0].sqr STREAM:2165}
  CREATE_STREAM @155000 {NAME:vseq T:Transactions SCOPE:uvm_test_top.env.v_seqr STREAM:2075}
  CREATE_STREAM @155000 {NAME:slave_resp_seq T:Transactions SCOPE:uvm_test_top.env.s_agt[0].sqr STREAM:2155}
  CREATE_STREAM @155000 {NAME:master_reg_seq T:Transactions SCOPE:uvm_test_top.env.m_agt[0].sqr STREAM:2160}
  CREATE_STREAM @1805000 {NAME:interrupt_seq T:Transactions SCOPE:uvm_test_top.env.m_agt[0].sqr STREAM:2685}
  CREATE_STREAM @155000 {NAME:vseq T:Transactions SCOPE:uvm_test_top.env.v_seqr STREAM:2075}
  CREATE_STREAM @155000 {NAME:slave_resp_seq T:Transactions SCOPE:uvm_test_top.env.s_agt[0].sqr STREAM:2155}
  CREATE_STREAM @155000 {NAME:master_reg_seq T:Transactions SCOPE:uvm_test_top.env.m_agt[0].sqr STREAM:2160}
  CREATE_STREAM @1805000 {NAME:interrupt_seq T:Transactions SCOPE:uvm_test_top.env.m_agt[0].sqr STREAM:2685}
  CREATE_STREAM @155000 {NAME:vseq T:Transactions SCOPE:uvm_test_top.env.v_seqr STREAM:2075}
  CREATE_STREAM @155000 {NAME:slave_resp_seq T:Transactions SCOPE:uvm_test_top.env.s_agt[0].sqr STREAM:2157}
  CREATE_STREAM @155000 {NAME:master_reg_seq T:Transactions SCOPE:uvm_test_top.env.m_agt[0].sqr STREAM:2162}
  CREATE_STREAM @155000 {NAME:vseq T:Transactions SCOPE:uvm_test_top.env.v_seqr STREAM:2075}
  CREATE_STREAM @155000 {NAME:slave_resp_seq T:Transactions SCOPE:uvm_test_top.env.s_agt[0].sqr STREAM:2155}
  CREATE_STREAM @155000 {NAME:master_reg_seq T:Transactions SCOPE:uvm_test_top.env.m_agt[0].sqr STREAM:2160}
  CREATE_STREAM @1805000 {NAME:interrupt_seq T:Transactions SCOPE:uvm_test_top.env.m_agt[0].sqr STREAM:2685}
  CREATE_STREAM @155000 {NAME:master_seq T:Transactions SCOPE:uvm_test_top.env.m_agt[0].sqr STREAM:2075}
  CREATE_STREAM @155000 {NAME:interrupt_seq T:Transactions SCOPE:uvm_test_top.env.m_agt[0].sqr STREAM:2078}
  CREATE_STREAM @155000 {NAME:slave_seq T:Transactions SCOPE:uvm_test_top.env.s_agt[0].sqr STREAM:2080}
  CREATE_STREAM @155000 {NAME:vseq T:Transactions SCOPE:uvm_test_top.env.v_seqr STREAM:2075}
  CREATE_STREAM @155000 {NAME:slave_resp_seq T:Transactions SCOPE:uvm_test_top.env.s_agt[0].sqr STREAM:2155}
  CREATE_STREAM @155000 {NAME:master_reg_seq T:Transactions SCOPE:uvm_test_top.env.m_agt[0].sqr STREAM:2160}
  CREATE_STREAM @1805000 {NAME:interrupt_seq T:Transactions SCOPE:uvm_test_top.env.m_agt[0].sqr STREAM:2685}
  CREATE_STREAM @155000 {NAME:master_seq T:Transactions SCOPE:uvm_test_top.env.m_agt[0].sqr STREAM:2075}
  CREATE_STREAM @155000 {NAME:interrupt_seq T:Transactions SCOPE:uvm_test_top.env.m_agt[0].sqr STREAM:2078}
  CREATE_STREAM @155000 {NAME:slave_seq T:Transactions SCOPE:uvm_test_top.env.s_agt[0].sqr STREAM:2080}
  CREATE_STREAM @155000 {NAME:master_seq T:Transactions SCOPE:uvm_test_top.env.m_agt[0].sqr STREAM:2075}
  CREATE_STREAM @155000 {NAME:interrupt_seq T:Transactions SCOPE:uvm_test_top.env.m_agt[0].sqr STREAM:2078}
  CREATE_STREAM @155000 {NAME:slave_seq T:Transactions SCOPE:uvm_test_top.env.s_agt[0].sqr STREAM:2080}
  CREATE_STREAM @155000 {NAME:master_seq T:Transactions SCOPE:uvm_test_top.env.m_agt[0].sqr STREAM:2075}
  CREATE_STREAM @155000 {NAME:interrupt_seq T:Transactions SCOPE:uvm_test_top.env.m_agt[0].sqr STREAM:2078}
  CREATE_STREAM @155000 {NAME:slave_seq T:Transactions SCOPE:uvm_test_top.env.s_agt[0].sqr STREAM:2080}
  CREATE_STREAM @155000 {NAME:master_seq T:Transactions SCOPE:uvm_test_top.env.m_agt[0].sqr STREAM:2075}
  CREATE_STREAM @155000 {NAME:interrupt_seq T:Transactions SCOPE:uvm_test_top.env.m_agt[0].sqr STREAM:2078}
  CREATE_STREAM @155000 {NAME:slave_seq T:Transactions SCOPE:uvm_test_top.env.s_agt[0].sqr STREAM:2080}
  CREATE_STREAM @155000 {NAME:master_seq T:Transactions SCOPE:uvm_test_top.env.m_agt[0].sqr STREAM:2075}
  CREATE_STREAM @155000 {NAME:interrupt_seq T:Transactions SCOPE:uvm_test_top.env.m_agt[0].sqr STREAM:2078}
  CREATE_STREAM @155000 {NAME:slave_seq T:Transactions SCOPE:uvm_test_top.env.s_agt[0].sqr STREAM:2080}
  CREATE_STREAM @155000 {NAME:master_seq T:Transactions SCOPE:uvm_test_top.env.m_agt[0].sqr STREAM:2075}
  CREATE_STREAM @155000 {NAME:interrupt_seq T:Transactions SCOPE:uvm_test_top.env.m_agt[0].sqr STREAM:2078}
  CREATE_STREAM @155000 {NAME:slave_seq T:Transactions SCOPE:uvm_test_top.env.s_agt[0].sqr STREAM:2080}
  CREATE_STREAM @155000 {NAME:master_seq T:Transactions SCOPE:uvm_test_top.env.m_agt[0].sqr STREAM:2075}
  CREATE_STREAM @155000 {NAME:interrupt_seq T:Transactions SCOPE:uvm_test_top.env.m_agt[0].sqr STREAM:2078}
  CREATE_STREAM @155000 {NAME:slave_seq T:Transactions SCOPE:uvm_test_top.env.s_agt[0].sqr STREAM:2080}
  CREATE_STREAM @155000 {NAME:master_seq T:Transactions SCOPE:uvm_test_top.env.m_agt[0].sqr STREAM:2075}
  CREATE_STREAM @155000 {NAME:interrupt_seq T:Transactions SCOPE:uvm_test_top.env.m_agt[0].sqr STREAM:2078}
  CREATE_STREAM @155000 {NAME:slave_seq T:Transactions SCOPE:uvm_test_top.env.s_agt[0].sqr STREAM:2080}
  CREATE_STREAM @155000 {NAME:master_seq T:Transactions SCOPE:uvm_test_top.env.m_agt[0].sqr STREAM:2075}
  CREATE_STREAM @155000 {NAME:interrupt_seq T:Transactions SCOPE:uvm_test_top.env.m_agt[0].sqr STREAM:2078}
  CREATE_STREAM @155000 {NAME:slave_seq T:Transactions SCOPE:uvm_test_top.env.s_agt[0].sqr STREAM:2080}
  CREATE_STREAM @155000 {NAME:master_seq T:Transactions SCOPE:uvm_test_top.env.m_agt[0].sqr STREAM:2075}
  CREATE_STREAM @155000 {NAME:interrupt_seq T:Transactions SCOPE:uvm_test_top.env.m_agt[0].sqr STREAM:2078}
  CREATE_STREAM @155000 {NAME:slave_seq T:Transactions SCOPE:uvm_test_top.env.s_agt[0].sqr STREAM:2080}
  CREATE_STREAM @155000 {NAME:master_seq T:Transactions SCOPE:uvm_test_top.env.m_agt[0].sqr STREAM:2075}
  CREATE_STREAM @155000 {NAME:interrupt_seq T:Transactions SCOPE:uvm_test_top.env.m_agt[0].sqr STREAM:2078}
  CREATE_STREAM @155000 {NAME:slave_seq T:Transactions SCOPE:uvm_test_top.env.s_agt[0].sqr STREAM:2080}
  CREATE_STREAM @155000 {NAME:master_seq T:Transactions SCOPE:uvm_test_top.env.m_agt[0].sqr STREAM:2075}
  CREATE_STREAM @155000 {NAME:interrupt_seq T:Transactions SCOPE:uvm_test_top.env.m_agt[0].sqr STREAM:2078}
  CREATE_STREAM @155000 {NAME:slave_seq T:Transactions SCOPE:uvm_test_top.env.s_agt[0].sqr STREAM:2080}
  CREATE_STREAM @155000 {NAME:master_seq T:Transactions SCOPE:uvm_test_top.env.m_agt[0].sqr STREAM:2075}
  CREATE_STREAM @155000 {NAME:interrupt_seq T:Transactions SCOPE:uvm_test_top.env.m_agt[0].sqr STREAM:2078}
  CREATE_STREAM @155000 {NAME:slave_seq T:Transactions SCOPE:uvm_test_top.env.s_agt[0].sqr STREAM:2080}
  CREATE_STREAM @155000 {NAME:master_seq T:Transactions SCOPE:uvm_test_top.env.m_agt[0].sqr STREAM:2075}
  CREATE_STREAM @155000 {NAME:interrupt_seq T:Transactions SCOPE:uvm_test_top.env.m_agt[0].sqr STREAM:2078}
  CREATE_STREAM @155000 {NAME:slave_seq T:Transactions SCOPE:uvm_test_top.env.s_agt[0].sqr STREAM:2080}
  CREATE_STREAM @155000 {NAME:master_seq T:Transactions SCOPE:uvm_test_top.env.m_agt[0].sqr STREAM:2075}
  CREATE_STREAM @155000 {NAME:interrupt_seq T:Transactions SCOPE:uvm_test_top.env.m_agt[0].sqr STREAM:2078}
  CREATE_STREAM @155000 {NAME:slave_seq T:Transactions SCOPE:uvm_test_top.env.s_agt[0].sqr STREAM:2080}
  CREATE_STREAM @155000 {NAME:master_seq T:Transactions SCOPE:uvm_test_top.env.m_agt[0].sqr STREAM:2202}
  CREATE_STREAM @155000 {NAME:interrupt_seq T:Transactions SCOPE:uvm_test_top.env.m_agt[0].sqr STREAM:2205}
  CREATE_STREAM @155000 {NAME:slave_seq T:Transactions SCOPE:uvm_test_top.env.s_agt[0].sqr STREAM:2207}
  CREATE_STREAM @155000 {NAME:master_seq T:Transactions SCOPE:uvm_test_top.env.m_agt[0].sqr STREAM:2202}
  CREATE_STREAM @155000 {NAME:interrupt_seq T:Transactions SCOPE:uvm_test_top.env.m_agt[0].sqr STREAM:2205}
  CREATE_STREAM @155000 {NAME:slave_seq T:Transactions SCOPE:uvm_test_top.env.s_agt[0].sqr STREAM:2207}
  CREATE_STREAM @155000 {NAME:master_seq T:Transactions SCOPE:uvm_test_top.env.m_agt[0].sqr STREAM:2202}
  CREATE_STREAM @155000 {NAME:interrupt_seq T:Transactions SCOPE:uvm_test_top.env.m_agt[0].sqr STREAM:2205}
  CREATE_STREAM @155000 {NAME:slave_seq T:Transactions SCOPE:uvm_test_top.env.s_agt[0].sqr STREAM:2207}
  CREATE_STREAM @155000 {NAME:master_seq T:Transactions SCOPE:uvm_test_top.env.m_agt[0].sqr STREAM:2202}
  CREATE_STREAM @155000 {NAME:interrupt_seq T:Transactions SCOPE:uvm_test_top.env.m_agt[0].sqr STREAM:2205}
  CREATE_STREAM @155000 {NAME:slave_seq T:Transactions SCOPE:uvm_test_top.env.s_agt[0].sqr STREAM:2207}
  CREATE_STREAM @155000 {NAME:master_seq T:Transactions SCOPE:uvm_test_top.env.m_agt[0].sqr STREAM:2202}
  CREATE_STREAM @155000 {NAME:interrupt_seq T:Transactions SCOPE:uvm_test_top.env.m_agt[0].sqr STREAM:2205}
  CREATE_STREAM @155000 {NAME:slave_seq T:Transactions SCOPE:uvm_test_top.env.s_agt[0].sqr STREAM:2207}
  CREATE_STREAM @155000 {NAME:master_seq T:Transactions SCOPE:uvm_test_top.env.m_agt[0].sqr STREAM:2202}
  CREATE_STREAM @155000 {NAME:interrupt_seq T:Transactions SCOPE:uvm_test_top.env.m_agt[0].sqr STREAM:2205}
  CREATE_STREAM @155000 {NAME:slave_seq T:Transactions SCOPE:uvm_test_top.env.s_agt[0].sqr STREAM:2207}
  CREATE_STREAM @155000 {NAME:master_seq T:Transactions SCOPE:uvm_test_top.env.m_agt[0].sqr STREAM:2202}
  CREATE_STREAM @155000 {NAME:interrupt_seq T:Transactions SCOPE:uvm_test_top.env.m_agt[0].sqr STREAM:2205}
  CREATE_STREAM @155000 {NAME:slave_seq T:Transactions SCOPE:uvm_test_top.env.s_agt[0].sqr STREAM:2207}
  CREATE_STREAM @155000 {NAME:master_seq T:Transactions SCOPE:uvm_test_top.env.m_agt[0].sqr STREAM:2202}
  CREATE_STREAM @155000 {NAME:interrupt_seq T:Transactions SCOPE:uvm_test_top.env.m_agt[0].sqr STREAM:2205}
  CREATE_STREAM @155000 {NAME:slave_seq T:Transactions SCOPE:uvm_test_top.env.s_agt[0].sqr STREAM:2207}
  CREATE_STREAM @155000 {NAME:master_seq T:Transactions SCOPE:uvm_test_top.env.m_agt[0].sqr STREAM:2202}
  CREATE_STREAM @155000 {NAME:interrupt_seq T:Transactions SCOPE:uvm_test_top.env.m_agt[0].sqr STREAM:2205}
  CREATE_STREAM @155000 {NAME:slave_seq T:Transactions SCOPE:uvm_test_top.env.s_agt[0].sqr STREAM:2207}
  CREATE_STREAM @155000 {NAME:master_seq T:Transactions SCOPE:uvm_test_top.env.m_agt[0].sqr STREAM:2202}
  CREATE_STREAM @155000 {NAME:interrupt_seq T:Transactions SCOPE:uvm_test_top.env.m_agt[0].sqr STREAM:2205}
  CREATE_STREAM @155000 {NAME:slave_seq T:Transactions SCOPE:uvm_test_top.env.s_agt[0].sqr STREAM:2207}
  CREATE_STREAM @155000 {NAME:master_seq T:Transactions SCOPE:uvm_test_top.env.m_agt[0].sqr STREAM:2202}
  CREATE_STREAM @155000 {NAME:interrupt_seq T:Transactions SCOPE:uvm_test_top.env.m_agt[0].sqr STREAM:2205}
  CREATE_STREAM @155000 {NAME:slave_seq T:Transactions SCOPE:uvm_test_top.env.s_agt[0].sqr STREAM:2207}
  CREATE_STREAM @155000 {NAME:master_seq T:Transactions SCOPE:uvm_test_top.env.m_agt[0].sqr STREAM:2202}
  CREATE_STREAM @155000 {NAME:interrupt_seq T:Transactions SCOPE:uvm_test_top.env.m_agt[0].sqr STREAM:2205}
  CREATE_STREAM @155000 {NAME:slave_seq T:Transactions SCOPE:uvm_test_top.env.s_agt[0].sqr STREAM:2207}
  CREATE_STREAM @155000 {NAME:master_seq T:Transactions SCOPE:uvm_test_top.env.m_agt[0].sqr STREAM:2202}
  CREATE_STREAM @155000 {NAME:interrupt_seq T:Transactions SCOPE:uvm_test_top.env.m_agt[0].sqr STREAM:2205}
  CREATE_STREAM @155000 {NAME:slave_seq T:Transactions SCOPE:uvm_test_top.env.s_agt[0].sqr STREAM:2207}
  CREATE_STREAM @155000 {NAME:master_seq T:Transactions SCOPE:uvm_test_top.env.m_agt[0].sqr STREAM:2202}
  CREATE_STREAM @155000 {NAME:interrupt_seq T:Transactions SCOPE:uvm_test_top.env.m_agt[0].sqr STREAM:2205}
  CREATE_STREAM @155000 {NAME:slave_seq T:Transactions SCOPE:uvm_test_top.env.s_agt[0].sqr STREAM:2207}
  CREATE_STREAM @155000 {NAME:master_seq T:Transactions SCOPE:uvm_test_top.env.m_agt[0].sqr STREAM:2202}
  CREATE_STREAM @155000 {NAME:interrupt_seq T:Transactions SCOPE:uvm_test_top.env.m_agt[0].sqr STREAM:2205}
  CREATE_STREAM @155000 {NAME:slave_seq T:Transactions SCOPE:uvm_test_top.env.s_agt[0].sqr STREAM:2207}
  CREATE_STREAM @155000 {NAME:master_seq T:Transactions SCOPE:uvm_test_top.env.m_agt[0].sqr STREAM:2202}
  CREATE_STREAM @155000 {NAME:interrupt_seq T:Transactions SCOPE:uvm_test_top.env.m_agt[0].sqr STREAM:2205}
  CREATE_STREAM @155000 {NAME:slave_seq T:Transactions SCOPE:uvm_test_top.env.s_agt[0].sqr STREAM:2207}
  CREATE_STREAM @155000 {NAME:master_seq T:Transactions SCOPE:uvm_test_top.env.m_agt[0].sqr STREAM:2202}
  CREATE_STREAM @155000 {NAME:interrupt_seq T:Transactions SCOPE:uvm_test_top.env.m_agt[0].sqr STREAM:2205}
  CREATE_STREAM @155000 {NAME:slave_seq T:Transactions SCOPE:uvm_test_top.env.s_agt[0].sqr STREAM:2207}
  CREATE_STREAM @155000 {NAME:master_seq T:Transactions SCOPE:uvm_test_top.env.m_agt[0].sqr STREAM:2202}
  CREATE_STREAM @155000 {NAME:interrupt_seq T:Transactions SCOPE:uvm_test_top.env.m_agt[0].sqr STREAM:2205}
  CREATE_STREAM @155000 {NAME:slave_seq T:Transactions SCOPE:uvm_test_top.env.s_agt[0].sqr STREAM:2207}
  CREATE_STREAM @155000 {NAME:master_seq T:Transactions SCOPE:uvm_test_top.env.m_agt[0].sqr STREAM:2202}
  CREATE_STREAM @155000 {NAME:interrupt_seq T:Transactions SCOPE:uvm_test_top.env.m_agt[0].sqr STREAM:2205}
  CREATE_STREAM @155000 {NAME:slave_seq T:Transactions SCOPE:uvm_test_top.env.s_agt[0].sqr STREAM:2207}
  CREATE_STREAM @155000 {NAME:master_seq T:Transactions SCOPE:uvm_test_top.env.m_agt[0].sqr STREAM:2202}
  CREATE_STREAM @155000 {NAME:interrupt_seq T:Transactions SCOPE:uvm_test_top.env.m_agt[0].sqr STREAM:2205}
  CREATE_STREAM @155000 {NAME:slave_seq T:Transactions SCOPE:uvm_test_top.env.s_agt[0].sqr STREAM:2207}
  CREATE_STREAM @155000 {NAME:master_seq T:Transactions SCOPE:uvm_test_top.env.m_agt[0].sqr STREAM:2202}
  CREATE_STREAM @155000 {NAME:interrupt_seq T:Transactions SCOPE:uvm_test_top.env.m_agt[0].sqr STREAM:2205}
  CREATE_STREAM @155000 {NAME:slave_seq T:Transactions SCOPE:uvm_test_top.env.s_agt[0].sqr STREAM:2207}
  CREATE_STREAM @155000 {NAME:master_seq T:Transactions SCOPE:uvm_test_top.env.m_agt[0].sqr STREAM:2202}
  CREATE_STREAM @155000 {NAME:interrupt_seq T:Transactions SCOPE:uvm_test_top.env.m_agt[0].sqr STREAM:2205}
  CREATE_STREAM @155000 {NAME:slave_seq T:Transactions SCOPE:uvm_test_top.env.s_agt[0].sqr STREAM:2207}
  CREATE_STREAM @155000 {NAME:master_seq T:Transactions SCOPE:uvm_test_top.env.m_agt[0].sqr STREAM:2202}
  CREATE_STREAM @155000 {NAME:interrupt_seq T:Transactions SCOPE:uvm_test_top.env.m_agt[0].sqr STREAM:2205}
  CREATE_STREAM @155000 {NAME:slave_seq T:Transactions SCOPE:uvm_test_top.env.s_agt[0].sqr STREAM:2207}
  CREATE_STREAM @155000 {NAME:master_seq T:Transactions SCOPE:uvm_test_top.env.m_agt[0].sqr STREAM:2204}
  CREATE_STREAM @155000 {NAME:interrupt_seq T:Transactions SCOPE:uvm_test_top.env.m_agt[0].sqr STREAM:2207}
  CREATE_STREAM @155000 {NAME:slave_seq T:Transactions SCOPE:uvm_test_top.env.s_agt[0].sqr STREAM:2209}
  CREATE_STREAM @155000 {NAME:master_seq T:Transactions SCOPE:uvm_test_top.env.m_agt[0].sqr STREAM:2204}
  CREATE_STREAM @155000 {NAME:interrupt_seq T:Transactions SCOPE:uvm_test_top.env.m_agt[0].sqr STREAM:2207}
  CREATE_STREAM @155000 {NAME:slave_seq T:Transactions SCOPE:uvm_test_top.env.s_agt[0].sqr STREAM:2209}
  CREATE_STREAM @155000 {NAME:master_seq T:Transactions SCOPE:uvm_test_top.env.m_agt[0].sqr STREAM:2204}
  CREATE_STREAM @155000 {NAME:interrupt_seq T:Transactions SCOPE:uvm_test_top.env.m_agt[0].sqr STREAM:2207}
  CREATE_STREAM @155000 {NAME:slave_seq T:Transactions SCOPE:uvm_test_top.env.s_agt[0].sqr STREAM:2209}
  CREATE_STREAM @155000 {NAME:master_seq T:Transactions SCOPE:uvm_test_top.env.m_agt[0].sqr STREAM:2204}
  CREATE_STREAM @155000 {NAME:interrupt_seq T:Transactions SCOPE:uvm_test_top.env.m_agt[0].sqr STREAM:2207}
  CREATE_STREAM @155000 {NAME:slave_seq T:Transactions SCOPE:uvm_test_top.env.s_agt[0].sqr STREAM:2209}
  CREATE_STREAM @155000 {NAME:master_seq T:Transactions SCOPE:uvm_test_top.env.m_agt[0].sqr STREAM:2204}
  CREATE_STREAM @155000 {NAME:interrupt_seq T:Transactions SCOPE:uvm_test_top.env.m_agt[0].sqr STREAM:2207}
  CREATE_STREAM @155000 {NAME:slave_seq T:Transactions SCOPE:uvm_test_top.env.s_agt[0].sqr STREAM:2209}
  CREATE_STREAM @155000 {NAME:master_seq T:Transactions SCOPE:uvm_test_top.env.m_agt[0].sqr STREAM:2204}
  CREATE_STREAM @155000 {NAME:interrupt_seq T:Transactions SCOPE:uvm_test_top.env.m_agt[0].sqr STREAM:2207}
  CREATE_STREAM @155000 {NAME:slave_seq T:Transactions SCOPE:uvm_test_top.env.s_agt[0].sqr STREAM:2209}
  CREATE_STREAM @155000 {NAME:master_seq T:Transactions SCOPE:uvm_test_top.env.m_agt[0].sqr STREAM:2204}
  CREATE_STREAM @155000 {NAME:interrupt_seq T:Transactions SCOPE:uvm_test_top.env.m_agt[0].sqr STREAM:2207}
  CREATE_STREAM @155000 {NAME:slave_seq T:Transactions SCOPE:uvm_test_top.env.s_agt[0].sqr STREAM:2209}
  CREATE_STREAM @155000 {NAME:master_seq T:Transactions SCOPE:uvm_test_top.env.m_agt[0].sqr STREAM:2204}
  CREATE_STREAM @155000 {NAME:interrupt_seq T:Transactions SCOPE:uvm_test_top.env.m_agt[0].sqr STREAM:2207}
  CREATE_STREAM @155000 {NAME:slave_seq T:Transactions SCOPE:uvm_test_top.env.s_agt[0].sqr STREAM:2209}
  CREATE_STREAM @155000 {NAME:master_seq T:Transactions SCOPE:uvm_test_top.env.m_agt[0].sqr STREAM:2204}
  CREATE_STREAM @155000 {NAME:interrupt_seq T:Transactions SCOPE:uvm_test_top.env.m_agt[0].sqr STREAM:2207}
  CREATE_STREAM @155000 {NAME:slave_seq T:Transactions SCOPE:uvm_test_top.env.s_agt[0].sqr STREAM:2209}
  CREATE_STREAM @155000 {NAME:master_seq T:Transactions SCOPE:uvm_test_top.env.m_agt[0].sqr STREAM:2204}
  CREATE_STREAM @155000 {NAME:interrupt_seq T:Transactions SCOPE:uvm_test_top.env.m_agt[0].sqr STREAM:2207}
  CREATE_STREAM @155000 {NAME:slave_seq T:Transactions SCOPE:uvm_test_top.env.s_agt[0].sqr STREAM:2209}
  CREATE_STREAM @155000 {NAME:master_seq T:Transactions SCOPE:uvm_test_top.env.m_agt[0].sqr STREAM:2204}
  CREATE_STREAM @155000 {NAME:interrupt_seq T:Transactions SCOPE:uvm_test_top.env.m_agt[0].sqr STREAM:2207}
  CREATE_STREAM @155000 {NAME:slave_seq T:Transactions SCOPE:uvm_test_top.env.s_agt[0].sqr STREAM:2209}
  CREATE_STREAM @155000 {NAME:master_seq T:Transactions SCOPE:uvm_test_top.env.m_agt[0].sqr STREAM:2204}
  CREATE_STREAM @155000 {NAME:interrupt_seq T:Transactions SCOPE:uvm_test_top.env.m_agt[0].sqr STREAM:2207}
  CREATE_STREAM @155000 {NAME:slave_seq T:Transactions SCOPE:uvm_test_top.env.s_agt[0].sqr STREAM:2209}
  CREATE_STREAM @155000 {NAME:master_seq T:Transactions SCOPE:uvm_test_top.env.m_agt[0].sqr STREAM:2204}
  CREATE_STREAM @155000 {NAME:interrupt_seq T:Transactions SCOPE:uvm_test_top.env.m_agt[0].sqr STREAM:2207}
  CREATE_STREAM @155000 {NAME:slave_seq T:Transactions SCOPE:uvm_test_top.env.s_agt[0].sqr STREAM:2209}
  CREATE_STREAM @155000 {NAME:master_seq T:Transactions SCOPE:uvm_test_top.env.m_agt[0].sqr STREAM:2204}
  CREATE_STREAM @155000 {NAME:interrupt_seq T:Transactions SCOPE:uvm_test_top.env.m_agt[0].sqr STREAM:2207}
  CREATE_STREAM @155000 {NAME:slave_seq T:Transactions SCOPE:uvm_test_top.env.s_agt[0].sqr STREAM:2209}
  CREATE_STREAM @155000 {NAME:master_seq T:Transactions SCOPE:uvm_test_top.env.m_agt[0].sqr STREAM:2204}
  CREATE_STREAM @155000 {NAME:interrupt_seq T:Transactions SCOPE:uvm_test_top.env.m_agt[0].sqr STREAM:2207}
  CREATE_STREAM @155000 {NAME:slave_seq T:Transactions SCOPE:uvm_test_top.env.s_agt[0].sqr STREAM:2209}
  CREATE_STREAM @155000 {NAME:master_seq T:Transactions SCOPE:uvm_test_top.env.m_agt[0].sqr STREAM:2204}
  CREATE_STREAM @155000 {NAME:interrupt_seq T:Transactions SCOPE:uvm_test_top.env.m_agt[0].sqr STREAM:2207}
  CREATE_STREAM @155000 {NAME:slave_seq T:Transactions SCOPE:uvm_test_top.env.s_agt[0].sqr STREAM:2209}
  CREATE_STREAM @155000 {NAME:master_seq T:Transactions SCOPE:uvm_test_top.env.m_agt[0].sqr STREAM:2204}
  CREATE_STREAM @155000 {NAME:interrupt_seq T:Transactions SCOPE:uvm_test_top.env.m_agt[0].sqr STREAM:2207}
  CREATE_STREAM @155000 {NAME:slave_seq T:Transactions SCOPE:uvm_test_top.env.s_agt[0].sqr STREAM:2209}
  CREATE_STREAM @155000 {NAME:master_seq T:Transactions SCOPE:uvm_test_top.env.m_agt[0].sqr STREAM:2204}
  CREATE_STREAM @155000 {NAME:interrupt_seq T:Transactions SCOPE:uvm_test_top.env.m_agt[0].sqr STREAM:2207}
  CREATE_STREAM @155000 {NAME:slave_seq T:Transactions SCOPE:uvm_test_top.env.s_agt[0].sqr STREAM:2209}
  CREATE_STREAM @155000 {NAME:master_seq T:Transactions SCOPE:uvm_test_top.env.m_agt[0].sqr STREAM:2204}
  CREATE_STREAM @155000 {NAME:interrupt_seq T:Transactions SCOPE:uvm_test_top.env.m_agt[0].sqr STREAM:2207}
  CREATE_STREAM @155000 {NAME:slave_seq T:Transactions SCOPE:uvm_test_top.env.s_agt[0].sqr STREAM:2209}
  CREATE_STREAM @155000 {NAME:master_seq T:Transactions SCOPE:uvm_test_top.env.m_agt[0].sqr STREAM:2204}
  CREATE_STREAM @155000 {NAME:interrupt_seq T:Transactions SCOPE:uvm_test_top.env.m_agt[0].sqr STREAM:2207}
  CREATE_STREAM @155000 {NAME:slave_seq T:Transactions SCOPE:uvm_test_top.env.s_agt[0].sqr STREAM:2209}
  CREATE_STREAM @155000 {NAME:master_seq T:Transactions SCOPE:uvm_test_top.env.m_agt[0].sqr STREAM:2202}
  CREATE_STREAM @155000 {NAME:interrupt_seq T:Transactions SCOPE:uvm_test_top.env.m_agt[0].sqr STREAM:2205}
  CREATE_STREAM @155000 {NAME:slave_seq T:Transactions SCOPE:uvm_test_top.env.s_agt[0].sqr STREAM:2207}
  CREATE_STREAM @155000 {NAME:master_seq T:Transactions SCOPE:uvm_test_top.env.m_agt[0].sqr STREAM:2202}
  CREATE_STREAM @155000 {NAME:interrupt_seq T:Transactions SCOPE:uvm_test_top.env.m_agt[0].sqr STREAM:2205}
  CREATE_STREAM @155000 {NAME:slave_seq T:Transactions SCOPE:uvm_test_top.env.s_agt[0].sqr STREAM:2207}
  CREATE_STREAM @155000 {NAME:master_seq T:Transactions SCOPE:uvm_test_top.env.m_agt[0].sqr STREAM:2202}
  CREATE_STREAM @155000 {NAME:interrupt_seq T:Transactions SCOPE:uvm_test_top.env.m_agt[0].sqr STREAM:2205}
  CREATE_STREAM @155000 {NAME:slave_seq T:Transactions SCOPE:uvm_test_top.env.s_agt[0].sqr STREAM:2207}
  CREATE_STREAM @155000 {NAME:master_seq T:Transactions SCOPE:uvm_test_top.env.m_agt[0].sqr STREAM:2202}
  CREATE_STREAM @155000 {NAME:interrupt_seq T:Transactions SCOPE:uvm_test_top.env.m_agt[0].sqr STREAM:2205}
  CREATE_STREAM @155000 {NAME:slave_seq T:Transactions SCOPE:uvm_test_top.env.s_agt[0].sqr STREAM:2207}
  CREATE_STREAM @155000 {NAME:master_seq T:Transactions SCOPE:uvm_test_top.env.m_agt[0].sqr STREAM:2202}
  CREATE_STREAM @155000 {NAME:interrupt_seq T:Transactions SCOPE:uvm_test_top.env.m_agt[0].sqr STREAM:2205}
  CREATE_STREAM @155000 {NAME:slave_seq T:Transactions SCOPE:uvm_test_top.env.s_agt[0].sqr STREAM:2207}
  CREATE_STREAM @155000 {NAME:master_seq T:Transactions SCOPE:uvm_test_top.env.m_agt[0].sqr STREAM:2202}
  CREATE_STREAM @155000 {NAME:interrupt_seq T:Transactions SCOPE:uvm_test_top.env.m_agt[0].sqr STREAM:2205}
  CREATE_STREAM @155000 {NAME:slave_seq T:Transactions SCOPE:uvm_test_top.env.s_agt[0].sqr STREAM:2207}
  CREATE_STREAM @155000 {NAME:master_seq T:Transactions SCOPE:uvm_test_top.env.m_agt[0].sqr STREAM:2202}
  CREATE_STREAM @155000 {NAME:interrupt_seq T:Transactions SCOPE:uvm_test_top.env.m_agt[0].sqr STREAM:2205}
  CREATE_STREAM @155000 {NAME:slave_seq T:Transactions SCOPE:uvm_test_top.env.s_agt[0].sqr STREAM:2207}
  CREATE_STREAM @155000 {NAME:master_seq T:Transactions SCOPE:uvm_test_top.env.m_agt[0].sqr STREAM:2202}
  CREATE_STREAM @155000 {NAME:interrupt_seq T:Transactions SCOPE:uvm_test_top.env.m_agt[0].sqr STREAM:2205}
  CREATE_STREAM @155000 {NAME:slave_seq T:Transactions SCOPE:uvm_test_top.env.s_agt[0].sqr STREAM:2207}
  CREATE_STREAM @155000 {NAME:master_seq T:Transactions SCOPE:uvm_test_top.env.m_agt[0].sqr STREAM:2202}
  CREATE_STREAM @155000 {NAME:interrupt_seq T:Transactions SCOPE:uvm_test_top.env.m_agt[0].sqr STREAM:2205}
  CREATE_STREAM @155000 {NAME:slave_seq T:Transactions SCOPE:uvm_test_top.env.s_agt[0].sqr STREAM:2207}
  CREATE_STREAM @155000 {NAME:master_seq T:Transactions SCOPE:uvm_test_top.env.m_agt[0].sqr STREAM:2202}
  CREATE_STREAM @155000 {NAME:interrupt_seq T:Transactions SCOPE:uvm_test_top.env.m_agt[0].sqr STREAM:2205}
  CREATE_STREAM @155000 {NAME:slave_seq T:Transactions SCOPE:uvm_test_top.env.s_agt[0].sqr STREAM:2207}
  CREATE_STREAM @155000 {NAME:master_seq T:Transactions SCOPE:uvm_test_top.env.m_agt[0].sqr STREAM:2202}
  CREATE_STREAM @155000 {NAME:interrupt_seq T:Transactions SCOPE:uvm_test_top.env.m_agt[0].sqr STREAM:2205}
  CREATE_STREAM @155000 {NAME:slave_seq T:Transactions SCOPE:uvm_test_top.env.s_agt[0].sqr STREAM:2207}
  CREATE_STREAM @155000 {NAME:master_seq T:Transactions SCOPE:uvm_test_top.env.m_agt[0].sqr STREAM:2202}
  CREATE_STREAM @155000 {NAME:interrupt_seq T:Transactions SCOPE:uvm_test_top.env.m_agt[0].sqr STREAM:2205}
  CREATE_STREAM @155000 {NAME:slave_seq T:Transactions SCOPE:uvm_test_top.env.s_agt[0].sqr STREAM:2207}
  CREATE_STREAM @155000 {NAME:master_seq T:Transactions SCOPE:uvm_test_top.env.m_agt[0].sqr STREAM:2202}
  CREATE_STREAM @155000 {NAME:interrupt_seq T:Transactions SCOPE:uvm_test_top.env.m_agt[0].sqr STREAM:2205}
  CREATE_STREAM @155000 {NAME:slave_seq T:Transactions SCOPE:uvm_test_top.env.s_agt[0].sqr STREAM:2207}
  CREATE_STREAM @155000 {NAME:master_seq T:Transactions SCOPE:uvm_test_top.env.m_agt[0].sqr STREAM:2202}
  CREATE_STREAM @155000 {NAME:interrupt_seq T:Transactions SCOPE:uvm_test_top.env.m_agt[0].sqr STREAM:2205}
  CREATE_STREAM @155000 {NAME:slave_seq T:Transactions SCOPE:uvm_test_top.env.s_agt[0].sqr STREAM:2207}
  CREATE_STREAM @155000 {NAME:master_seq T:Transactions SCOPE:uvm_test_top.env.m_agt[0].sqr STREAM:2202}
  CREATE_STREAM @155000 {NAME:interrupt_seq T:Transactions SCOPE:uvm_test_top.env.m_agt[0].sqr STREAM:2205}
  CREATE_STREAM @155000 {NAME:slave_seq T:Transactions SCOPE:uvm_test_top.env.s_agt[0].sqr STREAM:2207}
  CREATE_STREAM @155000 {NAME:master_seq T:Transactions SCOPE:uvm_test_top.env.m_agt[0].sqr STREAM:2202}
  CREATE_STREAM @155000 {NAME:interrupt_seq T:Transactions SCOPE:uvm_test_top.env.m_agt[0].sqr STREAM:2205}
  CREATE_STREAM @155000 {NAME:slave_seq T:Transactions SCOPE:uvm_test_top.env.s_agt[0].sqr STREAM:2207}
  CREATE_STREAM @155000 {NAME:master_seq T:Transactions SCOPE:uvm_test_top.env.m_agt[0].sqr STREAM:2202}
  CREATE_STREAM @155000 {NAME:interrupt_seq T:Transactions SCOPE:uvm_test_top.env.m_agt[0].sqr STREAM:2205}
  CREATE_STREAM @155000 {NAME:slave_seq T:Transactions SCOPE:uvm_test_top.env.s_agt[0].sqr STREAM:2207}
  CREATE_STREAM @155000 {NAME:master_seq T:Transactions SCOPE:uvm_test_top.env.m_agt[0].sqr STREAM:2202}
  CREATE_STREAM @155000 {NAME:interrupt_seq T:Transactions SCOPE:uvm_test_top.env.m_agt[0].sqr STREAM:2205}
  CREATE_STREAM @155000 {NAME:slave_seq T:Transactions SCOPE:uvm_test_top.env.s_agt[0].sqr STREAM:2207}
  CREATE_STREAM @155000 {NAME:master_seq T:Transactions SCOPE:uvm_test_top.env.m_agt[0].sqr STREAM:2202}
  CREATE_STREAM @155000 {NAME:interrupt_seq T:Transactions SCOPE:uvm_test_top.env.m_agt[0].sqr STREAM:2205}
  CREATE_STREAM @155000 {NAME:slave_seq T:Transactions SCOPE:uvm_test_top.env.s_agt[0].sqr STREAM:2207}
  CREATE_STREAM @155000 {NAME:master_seq T:Transactions SCOPE:uvm_test_top.env.m_agt[0].sqr STREAM:2202}
  CREATE_STREAM @155000 {NAME:interrupt_seq T:Transactions SCOPE:uvm_test_top.env.m_agt[0].sqr STREAM:2205}
  CREATE_STREAM @155000 {NAME:slave_seq T:Transactions SCOPE:uvm_test_top.env.s_agt[0].sqr STREAM:2207}
  CREATE_STREAM @155000 {NAME:master_seq T:Transactions SCOPE:uvm_test_top.env.m_agt[0].sqr STREAM:2202}
  CREATE_STREAM @155000 {NAME:interrupt_seq T:Transactions SCOPE:uvm_test_top.env.m_agt[0].sqr STREAM:2205}
  CREATE_STREAM @155000 {NAME:slave_seq T:Transactions SCOPE:uvm_test_top.env.s_agt[0].sqr STREAM:2207}
  CREATE_STREAM @155000 {NAME:master_seq T:Transactions SCOPE:uvm_test_top.env.m_agt[0].sqr STREAM:2202}
  CREATE_STREAM @155000 {NAME:interrupt_seq T:Transactions SCOPE:uvm_test_top.env.m_agt[0].sqr STREAM:2205}
  CREATE_STREAM @155000 {NAME:slave_seq T:Transactions SCOPE:uvm_test_top.env.s_agt[0].sqr STREAM:2207}
  CREATE_STREAM @155000 {NAME:master_seq T:Transactions SCOPE:uvm_test_top.env.m_agt[0].sqr STREAM:2202}
  CREATE_STREAM @155000 {NAME:interrupt_seq T:Transactions SCOPE:uvm_test_top.env.m_agt[0].sqr STREAM:2205}
  CREATE_STREAM @155000 {NAME:slave_seq T:Transactions SCOPE:uvm_test_top.env.s_agt[0].sqr STREAM:2207}
  CREATE_STREAM @155000 {NAME:master_seq T:Transactions SCOPE:uvm_test_top.env.m_agt[0].sqr STREAM:2202}
  CREATE_STREAM @155000 {NAME:interrupt_seq T:Transactions SCOPE:uvm_test_top.env.m_agt[0].sqr STREAM:2205}
  CREATE_STREAM @155000 {NAME:slave_seq T:Transactions SCOPE:uvm_test_top.env.s_agt[0].sqr STREAM:2207}
  CREATE_STREAM @155000 {NAME:master_seq T:Transactions SCOPE:uvm_test_top.env.m_agt[0].sqr STREAM:2202}
  CREATE_STREAM @155000 {NAME:interrupt_seq T:Transactions SCOPE:uvm_test_top.env.m_agt[0].sqr STREAM:2205}
  CREATE_STREAM @155000 {NAME:slave_seq T:Transactions SCOPE:uvm_test_top.env.s_agt[0].sqr STREAM:2207}
  CREATE_STREAM @155000 {NAME:master_seq T:Transactions SCOPE:uvm_test_top.env.m_agt[0].sqr STREAM:2202}
  CREATE_STREAM @155000 {NAME:interrupt_seq T:Transactions SCOPE:uvm_test_top.env.m_agt[0].sqr STREAM:2205}
  CREATE_STREAM @155000 {NAME:slave_seq T:Transactions SCOPE:uvm_test_top.env.s_agt[0].sqr STREAM:2207}
  CREATE_STREAM @155000 {NAME:master_seq T:Transactions SCOPE:uvm_test_top.env.m_agt[0].sqr STREAM:2202}
  CREATE_STREAM @155000 {NAME:interrupt_seq T:Transactions SCOPE:uvm_test_top.env.m_agt[0].sqr STREAM:2205}
  CREATE_STREAM @155000 {NAME:slave_seq T:Transactions SCOPE:uvm_test_top.env.s_agt[0].sqr STREAM:2207}
  CREATE_STREAM @155000 {NAME:master_seq T:Transactions SCOPE:uvm_test_top.env.m_agt[0].sqr STREAM:2202}
  CREATE_STREAM @155000 {NAME:interrupt_seq T:Transactions SCOPE:uvm_test_top.env.m_agt[0].sqr STREAM:2205}
  CREATE_STREAM @155000 {NAME:slave_seq T:Transactions SCOPE:uvm_test_top.env.s_agt[0].sqr STREAM:2207}
  CREATE_STREAM @155000 {NAME:master_seq T:Transactions SCOPE:uvm_test_top.env.m_agt[0].sqr STREAM:2202}
  CREATE_STREAM @155000 {NAME:interrupt_seq T:Transactions SCOPE:uvm_test_top.env.m_agt[0].sqr STREAM:2205}
  CREATE_STREAM @155000 {NAME:slave_seq T:Transactions SCOPE:uvm_test_top.env.s_agt[0].sqr STREAM:2207}
  CREATE_STREAM @155000 {NAME:master_seq T:Transactions SCOPE:uvm_test_top.env.m_agt[0].sqr STREAM:2202}
  CREATE_STREAM @155000 {NAME:interrupt_seq T:Transactions SCOPE:uvm_test_top.env.m_agt[0].sqr STREAM:2205}
  CREATE_STREAM @155000 {NAME:slave_seq T:Transactions SCOPE:uvm_test_top.env.s_agt[0].sqr STREAM:2207}
  CREATE_STREAM @155000 {NAME:master_seq T:Transactions SCOPE:uvm_test_top.env.m_agt[0].sqr STREAM:2197}
  CREATE_STREAM @155000 {NAME:interrupt_seq T:Transactions SCOPE:uvm_test_top.env.m_agt[0].sqr STREAM:2200}
  CREATE_STREAM @155000 {NAME:slave_seq T:Transactions SCOPE:uvm_test_top.env.s_agt[0].sqr STREAM:2202}
  CREATE_STREAM @155000 {NAME:vseq T:Transactions SCOPE:uvm_test_top.env.v_seqr STREAM:2197}
  CREATE_STREAM @155000 {NAME:slave_resp_seq T:Transactions SCOPE:uvm_test_top.env.s_agt[0].sqr STREAM:2277}
  CREATE_STREAM @155000 {NAME:master_reg_seq T:Transactions SCOPE:uvm_test_top.env.m_agt[0].sqr STREAM:2282}
  CREATE_STREAM @1805000 {NAME:interrupt_seq T:Transactions SCOPE:uvm_test_top.env.m_agt[0].sqr STREAM:2822}
  CREATE_STREAM @155000 {NAME:vseq T:Transactions SCOPE:uvm_test_top.env.v_seqr STREAM:2197}
  CREATE_STREAM @155000 {NAME:slave_resp_seq T:Transactions SCOPE:uvm_test_top.env.s_agt[0].sqr STREAM:2277}
  CREATE_STREAM @155000 {NAME:master_reg_seq T:Transactions SCOPE:uvm_test_top.env.m_agt[0].sqr STREAM:2282}
  CREATE_STREAM @1805000 {NAME:interrupt_seq T:Transactions SCOPE:uvm_test_top.env.m_agt[0].sqr STREAM:2836}
  CREATE_STREAM @155000 {NAME:vseq T:Transactions SCOPE:uvm_test_top.env.v_seqr STREAM:2197}
  CREATE_STREAM @155000 {NAME:slave_resp_seq T:Transactions SCOPE:uvm_test_top.env.s_agt[0].sqr STREAM:2277}
  CREATE_STREAM @155000 {NAME:master_reg_seq T:Transactions SCOPE:uvm_test_top.env.m_agt[0].sqr STREAM:2282}
  CREATE_STREAM @1805000 {NAME:interrupt_seq T:Transactions SCOPE:uvm_test_top.env.m_agt[0].sqr STREAM:2838}
  CREATE_STREAM @155000 {NAME:vseq T:Transactions SCOPE:uvm_test_top.env.v_seqr STREAM:2197}
  CREATE_STREAM @155000 {NAME:slave_resp_seq T:Transactions SCOPE:uvm_test_top.env.s_agt[0].sqr STREAM:2277}
  CREATE_STREAM @155000 {NAME:master_reg_seq T:Transactions SCOPE:uvm_test_top.env.m_agt[0].sqr STREAM:2282}
  CREATE_STREAM @1805000 {NAME:interrupt_seq T:Transactions SCOPE:uvm_test_top.env.m_agt[0].sqr STREAM:2842}
  CREATE_STREAM @155000 {NAME:vseq T:Transactions SCOPE:uvm_test_top.env.v_seqr STREAM:2197}
  CREATE_STREAM @155000 {NAME:slave_resp_seq T:Transactions SCOPE:uvm_test_top.env.s_agt[0].sqr STREAM:2277}
  CREATE_STREAM @155000 {NAME:master_reg_seq T:Transactions SCOPE:uvm_test_top.env.m_agt[0].sqr STREAM:2282}
  CREATE_STREAM @1805000 {NAME:interrupt_seq T:Transactions SCOPE:uvm_test_top.env.m_agt[0].sqr STREAM:2842}
  CREATE_STREAM @155000 {NAME:vseq T:Transactions SCOPE:uvm_test_top.env.v_seqr STREAM:2197}
  CREATE_STREAM @155000 {NAME:slave_resp_seq T:Transactions SCOPE:uvm_test_top.env.s_agt[0].sqr STREAM:2277}
  CREATE_STREAM @155000 {NAME:master_reg_seq T:Transactions SCOPE:uvm_test_top.env.m_agt[0].sqr STREAM:2282}
  CREATE_STREAM @1805000 {NAME:interrupt_seq T:Transactions SCOPE:uvm_test_top.env.m_agt[0].sqr STREAM:2842}
  CREATE_STREAM @155000 {NAME:vseq T:Transactions SCOPE:uvm_test_top.env.v_seqr STREAM:2197}
  CREATE_STREAM @155000 {NAME:slave_resp_seq T:Transactions SCOPE:uvm_test_top.env.s_agt[0].sqr STREAM:2277}
  CREATE_STREAM @155000 {NAME:master_reg_seq T:Transactions SCOPE:uvm_test_top.env.m_agt[0].sqr STREAM:2282}
  CREATE_STREAM @1805000 {NAME:interrupt_seq T:Transactions SCOPE:uvm_test_top.env.m_agt[0].sqr STREAM:2842}
  CREATE_STREAM @155000 {NAME:vseq T:Transactions SCOPE:uvm_test_top.env.v_seqr STREAM:2197}
  CREATE_STREAM @155000 {NAME:slave_resp_seq T:Transactions SCOPE:uvm_test_top.env.s_agt[0].sqr STREAM:2277}
  CREATE_STREAM @155000 {NAME:master_reg_seq T:Transactions SCOPE:uvm_test_top.env.m_agt[0].sqr STREAM:2282}
  CREATE_STREAM @1805000 {NAME:interrupt_seq T:Transactions SCOPE:uvm_test_top.env.m_agt[0].sqr STREAM:2812}
  CREATE_STREAM @155000 {NAME:vseq T:Transactions SCOPE:uvm_test_top.env.v_seqr STREAM:2197}
  CREATE_STREAM @155000 {NAME:slave_resp_seq T:Transactions SCOPE:uvm_test_top.env.s_agt[0].sqr STREAM:2277}
  CREATE_STREAM @155000 {NAME:master_reg_seq T:Transactions SCOPE:uvm_test_top.env.m_agt[0].sqr STREAM:2282}
  CREATE_STREAM @1805000 {NAME:interrupt_seq T:Transactions SCOPE:uvm_test_top.env.m_agt[0].sqr STREAM:2812}
  CREATE_STREAM @155000 {NAME:vseq T:Transactions SCOPE:uvm_test_top.env.v_seqr STREAM:2197}
  CREATE_STREAM @155000 {NAME:slave_resp_seq T:Transactions SCOPE:uvm_test_top.env.s_agt[0].sqr STREAM:2277}
  CREATE_STREAM @155000 {NAME:master_reg_seq T:Transactions SCOPE:uvm_test_top.env.m_agt[0].sqr STREAM:2282}
  CREATE_STREAM @1805000 {NAME:interrupt_seq T:Transactions SCOPE:uvm_test_top.env.m_agt[0].sqr STREAM:2812}
  CREATE_STREAM @155000 {NAME:vseq T:Transactions SCOPE:uvm_test_top.env.v_seqr STREAM:2197}
  CREATE_STREAM @155000 {NAME:slave_resp_seq T:Transactions SCOPE:uvm_test_top.env.s_agt[0].sqr STREAM:2277}
  CREATE_STREAM @155000 {NAME:master_reg_seq T:Transactions SCOPE:uvm_test_top.env.m_agt[0].sqr STREAM:2282}
  CREATE_STREAM @1805000 {NAME:interrupt_seq T:Transactions SCOPE:uvm_test_top.env.m_agt[0].sqr STREAM:2821}
  CREATE_STREAM @155000 {NAME:vseq T:Transactions SCOPE:uvm_test_top.env.v_seqr STREAM:2197}
  CREATE_STREAM @155000 {NAME:slave_resp_seq T:Transactions SCOPE:uvm_test_top.env.s_agt[0].sqr STREAM:2277}
  CREATE_STREAM @155000 {NAME:master_reg_seq T:Transactions SCOPE:uvm_test_top.env.m_agt[0].sqr STREAM:2282}
  CREATE_STREAM @1805000 {NAME:interrupt_seq T:Transactions SCOPE:uvm_test_top.env.m_agt[0].sqr STREAM:2822}
  CREATE_STREAM @155000 {NAME:vseq T:Transactions SCOPE:uvm_test_top.env.v_seqr STREAM:2197}
  CREATE_STREAM @155000 {NAME:slave_resp_seq T:Transactions SCOPE:uvm_test_top.env.s_agt[0].sqr STREAM:2277}
  CREATE_STREAM @155000 {NAME:master_reg_seq T:Transactions SCOPE:uvm_test_top.env.m_agt[0].sqr STREAM:2282}
  CREATE_STREAM @1805000 {NAME:interrupt_seq T:Transactions SCOPE:uvm_test_top.env.m_agt[0].sqr STREAM:2814}
  CREATE_STREAM @155000 {NAME:vseq T:Transactions SCOPE:uvm_test_top.env.v_seqr STREAM:2197}
  CREATE_STREAM @155000 {NAME:slave_resp_seq T:Transactions SCOPE:uvm_test_top.env.s_agt[0].sqr STREAM:2277}
  CREATE_STREAM @155000 {NAME:master_reg_seq T:Transactions SCOPE:uvm_test_top.env.m_agt[0].sqr STREAM:2282}
  CREATE_STREAM @1805000 {NAME:interrupt_seq T:Transactions SCOPE:uvm_test_top.env.m_agt[0].sqr STREAM:2816}
  CREATE_STREAM @155000 {NAME:vseq T:Transactions SCOPE:uvm_test_top.env.v_seqr STREAM:2197}
  CREATE_STREAM @155000 {NAME:slave_resp_seq T:Transactions SCOPE:uvm_test_top.env.s_agt[0].sqr STREAM:2277}
  CREATE_STREAM @155000 {NAME:master_reg_seq T:Transactions SCOPE:uvm_test_top.env.m_agt[0].sqr STREAM:2282}
  CREATE_STREAM @1805000 {NAME:interrupt_seq T:Transactions SCOPE:uvm_test_top.env.m_agt[0].sqr STREAM:2816}
  CREATE_STREAM @155000 {NAME:vseq T:Transactions SCOPE:uvm_test_top.env.v_seqr STREAM:2197}
  CREATE_STREAM @155000 {NAME:slave_resp_seq T:Transactions SCOPE:uvm_test_top.env.s_agt[0].sqr STREAM:2277}
  CREATE_STREAM @155000 {NAME:master_reg_seq T:Transactions SCOPE:uvm_test_top.env.m_agt[0].sqr STREAM:2282}
  CREATE_STREAM @1805000 {NAME:interrupt_seq T:Transactions SCOPE:uvm_test_top.env.m_agt[0].sqr STREAM:2816}
  CREATE_STREAM @155000 {NAME:vseq T:Transactions SCOPE:uvm_test_top.env.v_seqr STREAM:2197}
  CREATE_STREAM @155000 {NAME:slave_resp_seq T:Transactions SCOPE:uvm_test_top.env.s_agt[0].sqr STREAM:2277}
  CREATE_STREAM @155000 {NAME:master_reg_seq T:Transactions SCOPE:uvm_test_top.env.m_agt[0].sqr STREAM:2282}
  CREATE_STREAM @1805000 {NAME:interrupt_seq T:Transactions SCOPE:uvm_test_top.env.m_agt[0].sqr STREAM:2816}
  CREATE_STREAM @155000 {NAME:vseq T:Transactions SCOPE:uvm_test_top.env.v_seqr STREAM:2197}
  CREATE_STREAM @155000 {NAME:slave_resp_seq T:Transactions SCOPE:uvm_test_top.env.s_agt[0].sqr STREAM:2277}
  CREATE_STREAM @155000 {NAME:master_reg_seq T:Transactions SCOPE:uvm_test_top.env.m_agt[0].sqr STREAM:2282}
  CREATE_STREAM @1805000 {NAME:interrupt_seq T:Transactions SCOPE:uvm_test_top.env.m_agt[0].sqr STREAM:2854}
  CREATE_STREAM @155000 {NAME:vseq T:Transactions SCOPE:uvm_test_top.env.v_seqr STREAM:2197}
  CREATE_STREAM @155000 {NAME:slave_resp_seq T:Transactions SCOPE:uvm_test_top.env.s_agt[0].sqr STREAM:2277}
  CREATE_STREAM @155000 {NAME:master_reg_seq T:Transactions SCOPE:uvm_test_top.env.m_agt[0].sqr STREAM:2282}
  CREATE_STREAM @1805000 {NAME:interrupt_seq T:Transactions SCOPE:uvm_test_top.env.m_agt[0].sqr STREAM:2854}
  CREATE_STREAM @155000 {NAME:vseq T:Transactions SCOPE:uvm_test_top.env.v_seqr STREAM:2197}
  CREATE_STREAM @155000 {NAME:slave_resp_seq T:Transactions SCOPE:uvm_test_top.env.s_agt[0].sqr STREAM:2277}
  CREATE_STREAM @155000 {NAME:master_reg_seq T:Transactions SCOPE:uvm_test_top.env.m_agt[0].sqr STREAM:2282}
  CREATE_STREAM @1805000 {NAME:interrupt_seq T:Transactions SCOPE:uvm_test_top.env.m_agt[0].sqr STREAM:2852}
  CREATE_STREAM @155000 {NAME:vseq T:Transactions SCOPE:uvm_test_top.env.v_seqr STREAM:2197}
  CREATE_STREAM @155000 {NAME:slave_resp_seq T:Transactions SCOPE:uvm_test_top.env.s_agt[0].sqr STREAM:2277}
  CREATE_STREAM @155000 {NAME:master_reg_seq T:Transactions SCOPE:uvm_test_top.env.m_agt[0].sqr STREAM:2282}
  CREATE_STREAM @1805000 {NAME:interrupt_seq T:Transactions SCOPE:uvm_test_top.env.m_agt[0].sqr STREAM:2852}
  CREATE_STREAM @155000 {NAME:vseq T:Transactions SCOPE:uvm_test_top.env.v_seqr STREAM:2197}
  CREATE_STREAM @155000 {NAME:slave_resp_seq T:Transactions SCOPE:uvm_test_top.env.s_agt[0].sqr STREAM:2277}
  CREATE_STREAM @155000 {NAME:master_reg_seq T:Transactions SCOPE:uvm_test_top.env.m_agt[0].sqr STREAM:2282}
  CREATE_STREAM @1805000 {NAME:interrupt_seq T:Transactions SCOPE:uvm_test_top.env.m_agt[0].sqr STREAM:2852}
  CREATE_STREAM @155000 {NAME:vseq T:Transactions SCOPE:uvm_test_top.env.v_seqr STREAM:2197}
  CREATE_STREAM @155000 {NAME:slave_resp_seq T:Transactions SCOPE:uvm_test_top.env.s_agt[0].sqr STREAM:2277}
  CREATE_STREAM @155000 {NAME:master_reg_seq T:Transactions SCOPE:uvm_test_top.env.m_agt[0].sqr STREAM:2282}
  CREATE_STREAM @1805000 {NAME:interrupt_seq T:Transactions SCOPE:uvm_test_top.env.m_agt[0].sqr STREAM:2816}
  CREATE_STREAM @155000 {NAME:vseq T:Transactions SCOPE:uvm_test_top.env.v_seqr STREAM:2197}
  CREATE_STREAM @155000 {NAME:slave_resp_seq T:Transactions SCOPE:uvm_test_top.env.s_agt[0].sqr STREAM:2277}
  CREATE_STREAM @155000 {NAME:master_reg_seq T:Transactions SCOPE:uvm_test_top.env.m_agt[0].sqr STREAM:2282}
  CREATE_STREAM @1805000 {NAME:interrupt_seq T:Transactions SCOPE:uvm_test_top.env.m_agt[0].sqr STREAM:2816}
  CREATE_STREAM @155000 {NAME:vseq T:Transactions SCOPE:uvm_test_top.env.v_seqr STREAM:2197}
  CREATE_STREAM @155000 {NAME:slave_resp_seq T:Transactions SCOPE:uvm_test_top.env.s_agt[0].sqr STREAM:2277}
  CREATE_STREAM @155000 {NAME:master_reg_seq T:Transactions SCOPE:uvm_test_top.env.m_agt[0].sqr STREAM:2282}
  CREATE_STREAM @1805000 {NAME:interrupt_seq T:Transactions SCOPE:uvm_test_top.env.m_agt[0].sqr STREAM:2816}
  CREATE_STREAM @155000 {NAME:vseq T:Transactions SCOPE:uvm_test_top.env.v_seqr STREAM:2197}
  CREATE_STREAM @155000 {NAME:slave_resp_seq T:Transactions SCOPE:uvm_test_top.env.s_agt[0].sqr STREAM:2277}
  CREATE_STREAM @155000 {NAME:master_reg_seq T:Transactions SCOPE:uvm_test_top.env.m_agt[0].sqr STREAM:2282}
  CREATE_STREAM @1805000 {NAME:interrupt_seq T:Transactions SCOPE:uvm_test_top.env.m_agt[0].sqr STREAM:2854}
  CREATE_STREAM @155000 {NAME:vseq T:Transactions SCOPE:uvm_test_top.env.v_seqr STREAM:2197}
  CREATE_STREAM @155000 {NAME:slave_resp_seq T:Transactions SCOPE:uvm_test_top.env.s_agt[0].sqr STREAM:2277}
  CREATE_STREAM @155000 {NAME:master_reg_seq T:Transactions SCOPE:uvm_test_top.env.m_agt[0].sqr STREAM:2282}
  CREATE_STREAM @1805000 {NAME:interrupt_seq T:Transactions SCOPE:uvm_test_top.env.m_agt[0].sqr STREAM:2854}
  CREATE_STREAM @155000 {NAME:vseq T:Transactions SCOPE:uvm_test_top.env.v_seqr STREAM:2197}
  CREATE_STREAM @155000 {NAME:slave_resp_seq T:Transactions SCOPE:uvm_test_top.env.s_agt[0].sqr STREAM:2277}
  CREATE_STREAM @155000 {NAME:master_reg_seq T:Transactions SCOPE:uvm_test_top.env.m_agt[0].sqr STREAM:2282}
  CREATE_STREAM @1805000 {NAME:interrupt_seq T:Transactions SCOPE:uvm_test_top.env.m_agt[0].sqr STREAM:2856}
  CREATE_STREAM @155000 {NAME:vseq T:Transactions SCOPE:uvm_test_top.env.v_seqr STREAM:2197}
  CREATE_STREAM @155000 {NAME:slave_resp_seq T:Transactions SCOPE:uvm_test_top.env.s_agt[0].sqr STREAM:2277}
  CREATE_STREAM @155000 {NAME:master_reg_seq T:Transactions SCOPE:uvm_test_top.env.m_agt[0].sqr STREAM:2282}
  CREATE_STREAM @1805000 {NAME:interrupt_seq T:Transactions SCOPE:uvm_test_top.env.m_agt[0].sqr STREAM:2856}
  CREATE_STREAM @155000 {NAME:vseq T:Transactions SCOPE:uvm_test_top.env.v_seqr STREAM:2197}
  CREATE_STREAM @155000 {NAME:slave_resp_seq T:Transactions SCOPE:uvm_test_top.env.s_agt[0].sqr STREAM:2277}
  CREATE_STREAM @155000 {NAME:master_reg_seq T:Transactions SCOPE:uvm_test_top.env.m_agt[0].sqr STREAM:2282}
  CREATE_STREAM @1805000 {NAME:interrupt_seq T:Transactions SCOPE:uvm_test_top.env.m_agt[0].sqr STREAM:2834}
  CREATE_STREAM @155000 {NAME:vseq T:Transactions SCOPE:uvm_test_top.env.v_seqr STREAM:2197}
  CREATE_STREAM @155000 {NAME:slave_resp_seq T:Transactions SCOPE:uvm_test_top.env.s_agt[0].sqr STREAM:2277}
  CREATE_STREAM @155000 {NAME:master_reg_seq T:Transactions SCOPE:uvm_test_top.env.m_agt[0].sqr STREAM:2282}
  CREATE_STREAM @1805000 {NAME:interrupt_seq T:Transactions SCOPE:uvm_test_top.env.m_agt[0].sqr STREAM:2832}
  CREATE_STREAM @155000 {NAME:vseq T:Transactions SCOPE:uvm_test_top.env.v_seqr STREAM:2197}
  CREATE_STREAM @155000 {NAME:slave_resp_seq T:Transactions SCOPE:uvm_test_top.env.s_agt[0].sqr STREAM:2277}
  CREATE_STREAM @155000 {NAME:master_reg_seq T:Transactions SCOPE:uvm_test_top.env.m_agt[0].sqr STREAM:2282}
  CREATE_STREAM @1805000 {NAME:interrupt_seq T:Transactions SCOPE:uvm_test_top.env.m_agt[0].sqr STREAM:2832}
  CREATE_STREAM @155000 {NAME:vseq T:Transactions SCOPE:uvm_test_top.env.v_seqr STREAM:2197}
  CREATE_STREAM @155000 {NAME:slave_resp_seq T:Transactions SCOPE:uvm_test_top.env.s_agt[0].sqr STREAM:2277}
  CREATE_STREAM @155000 {NAME:master_reg_seq T:Transactions SCOPE:uvm_test_top.env.m_agt[0].sqr STREAM:2282}
  CREATE_STREAM @1805000 {NAME:interrupt_seq T:Transactions SCOPE:uvm_test_top.env.m_agt[0].sqr STREAM:2834}
  CREATE_STREAM @155000 {NAME:vseq T:Transactions SCOPE:uvm_test_top.env.v_seqr STREAM:2197}
  CREATE_STREAM @155000 {NAME:slave_resp_seq T:Transactions SCOPE:uvm_test_top.env.s_agt[0].sqr STREAM:2277}
  CREATE_STREAM @155000 {NAME:master_reg_seq T:Transactions SCOPE:uvm_test_top.env.m_agt[0].sqr STREAM:2282}
  CREATE_STREAM @1805000 {NAME:interrupt_seq T:Transactions SCOPE:uvm_test_top.env.m_agt[0].sqr STREAM:2856}
  CREATE_STREAM @155000 {NAME:vseq T:Transactions SCOPE:uvm_test_top.env.v_seqr STREAM:2197}
  CREATE_STREAM @155000 {NAME:slave_resp_seq T:Transactions SCOPE:uvm_test_top.env.s_agt[0].sqr STREAM:2277}
  CREATE_STREAM @155000 {NAME:master_reg_seq T:Transactions SCOPE:uvm_test_top.env.m_agt[0].sqr STREAM:2282}
  CREATE_STREAM @1805000 {NAME:interrupt_seq T:Transactions SCOPE:uvm_test_top.env.m_agt[0].sqr STREAM:3426}
  CREATE_STREAM @155000 {NAME:vseq T:Transactions SCOPE:uvm_test_top.env.v_seqr STREAM:2197}
  CREATE_STREAM @155000 {NAME:slave_resp_seq T:Transactions SCOPE:uvm_test_top.env.s_agt[0].sqr STREAM:2277}
  CREATE_STREAM @155000 {NAME:master_reg_seq T:Transactions SCOPE:uvm_test_top.env.m_agt[0].sqr STREAM:2282}
  CREATE_STREAM @1805000 {NAME:interrupt_seq T:Transactions SCOPE:uvm_test_top.env.m_agt[0].sqr STREAM:2944}
  CREATE_STREAM @155000 {NAME:vseq T:Transactions SCOPE:uvm_test_top.env.v_seqr STREAM:2197}
  CREATE_STREAM @155000 {NAME:slave_resp_seq T:Transactions SCOPE:uvm_test_top.env.s_agt[0].sqr STREAM:2277}
  CREATE_STREAM @155000 {NAME:master_reg_seq T:Transactions SCOPE:uvm_test_top.env.m_agt[0].sqr STREAM:2282}
  CREATE_STREAM @1805000 {NAME:interrupt_seq T:Transactions SCOPE:uvm_test_top.env.m_agt[0].sqr STREAM:3424}
  CREATE_STREAM @155000 {NAME:vseq T:Transactions SCOPE:uvm_test_top.env.v_seqr STREAM:2197}
  CREATE_STREAM @155000 {NAME:slave_resp_seq T:Transactions SCOPE:uvm_test_top.env.s_agt[0].sqr STREAM:2277}
  CREATE_STREAM @155000 {NAME:master_reg_seq T:Transactions SCOPE:uvm_test_top.env.m_agt[0].sqr STREAM:2282}
  CREATE_STREAM @1805000 {NAME:interrupt_seq T:Transactions SCOPE:uvm_test_top.env.m_agt[0].sqr STREAM:3424}
  CREATE_STREAM @155000 {NAME:vseq T:Transactions SCOPE:uvm_test_top.env.v_seqr STREAM:2197}
  CREATE_STREAM @155000 {NAME:slave_resp_seq T:Transactions SCOPE:uvm_test_top.env.s_agt[0].sqr STREAM:2277}
  CREATE_STREAM @155000 {NAME:master_reg_seq T:Transactions SCOPE:uvm_test_top.env.m_agt[0].sqr STREAM:2282}
  CREATE_STREAM @1805000 {NAME:interrupt_seq T:Transactions SCOPE:uvm_test_top.env.m_agt[0].sqr STREAM:3426}
  CREATE_STREAM @155000 {NAME:vseq T:Transactions SCOPE:uvm_test_top.env.v_seqr STREAM:2197}
  CREATE_STREAM @155000 {NAME:slave_resp_seq T:Transactions SCOPE:uvm_test_top.env.s_agt[0].sqr STREAM:2277}
  CREATE_STREAM @155000 {NAME:master_reg_seq T:Transactions SCOPE:uvm_test_top.env.m_agt[0].sqr STREAM:2282}
  CREATE_STREAM @1805000 {NAME:interrupt_seq T:Transactions SCOPE:uvm_test_top.env.m_agt[0].sqr STREAM:3426}
  CREATE_STREAM @155000 {NAME:vseq T:Transactions SCOPE:uvm_test_top.env.v_seqr STREAM:2197}
  CREATE_STREAM @155000 {NAME:slave_resp_seq T:Transactions SCOPE:uvm_test_top.env.s_agt[0].sqr STREAM:2277}
  CREATE_STREAM @155000 {NAME:master_reg_seq T:Transactions SCOPE:uvm_test_top.env.m_agt[0].sqr STREAM:2282}
  CREATE_STREAM @1805000 {NAME:interrupt_seq T:Transactions SCOPE:uvm_test_top.env.m_agt[0].sqr STREAM:3426}
  CREATE_STREAM @155000 {NAME:master_seq T:Transactions SCOPE:uvm_test_top.env.m_agt[0].sqr STREAM:2197}
  CREATE_STREAM @155000 {NAME:interrupt_seq T:Transactions SCOPE:uvm_test_top.env.m_agt[0].sqr STREAM:2200}
  CREATE_STREAM @155000 {NAME:slave_seq T:Transactions SCOPE:uvm_test_top.env.s_agt[0].sqr STREAM:2202}
  CREATE_STREAM @155000 {NAME:master_seq T:Transactions SCOPE:uvm_test_top.env.m_agt[0].sqr STREAM:2197}
  CREATE_STREAM @155000 {NAME:interrupt_seq T:Transactions SCOPE:uvm_test_top.env.m_agt[0].sqr STREAM:2200}
  CREATE_STREAM @155000 {NAME:slave_seq T:Transactions SCOPE:uvm_test_top.env.s_agt[0].sqr STREAM:2202}
  CREATE_STREAM @155000 {NAME:vseq T:Transactions SCOPE:uvm_test_top.env.v_seqr STREAM:2197}
  CREATE_STREAM @155000 {NAME:slave_resp_seq T:Transactions SCOPE:uvm_test_top.env.s_agt[0].sqr STREAM:2277}
  CREATE_STREAM @155000 {NAME:master_reg_seq T:Transactions SCOPE:uvm_test_top.env.m_agt[0].sqr STREAM:2282}
  CREATE_STREAM @1805000 {NAME:interrupt_seq T:Transactions SCOPE:uvm_test_top.env.m_agt[0].sqr STREAM:3426}
  CREATE_STREAM @155000 {NAME:vseq T:Transactions SCOPE:uvm_test_top.env.v_seqr STREAM:2197}
  CREATE_STREAM @155000 {NAME:slave_resp_seq T:Transactions SCOPE:uvm_test_top.env.s_agt[0].sqr STREAM:2277}
  CREATE_STREAM @155000 {NAME:master_reg_seq T:Transactions SCOPE:uvm_test_top.env.m_agt[0].sqr STREAM:2282}
  CREATE_STREAM @1805000 {NAME:interrupt_seq T:Transactions SCOPE:uvm_test_top.env.m_agt[0].sqr STREAM:3426}
  CREATE_STREAM @155000 {NAME:vseq T:Transactions SCOPE:uvm_test_top.env.v_seqr STREAM:2197}
  CREATE_STREAM @155000 {NAME:slave_resp_seq T:Transactions SCOPE:uvm_test_top.env.s_agt[0].sqr STREAM:2277}
  CREATE_STREAM @155000 {NAME:master_reg_seq T:Transactions SCOPE:uvm_test_top.env.m_agt[0].sqr STREAM:2282}
  CREATE_STREAM @1805000 {NAME:interrupt_seq T:Transactions SCOPE:uvm_test_top.env.m_agt[0].sqr STREAM:3426}
  CREATE_STREAM @155000 {NAME:vseq T:Transactions SCOPE:uvm_test_top.env.v_seqr STREAM:2197}
  CREATE_STREAM @155000 {NAME:slave_resp_seq T:Transactions SCOPE:uvm_test_top.env.s_agt[0].sqr STREAM:2277}
  CREATE_STREAM @155000 {NAME:master_reg_seq T:Transactions SCOPE:uvm_test_top.env.m_agt[0].sqr STREAM:2282}
  CREATE_STREAM @1805000 {NAME:interrupt_seq T:Transactions SCOPE:uvm_test_top.env.m_agt[0].sqr STREAM:3426}
  CREATE_STREAM @155000 {NAME:vseq T:Transactions SCOPE:uvm_test_top.env.v_seqr STREAM:2197}
  CREATE_STREAM @155000 {NAME:slave_resp_seq T:Transactions SCOPE:uvm_test_top.env.s_agt[0].sqr STREAM:2277}
  CREATE_STREAM @155000 {NAME:master_reg_seq T:Transactions SCOPE:uvm_test_top.env.m_agt[0].sqr STREAM:2282}
  CREATE_STREAM @1805000 {NAME:interrupt_seq T:Transactions SCOPE:uvm_test_top.env.m_agt[0].sqr STREAM:3426}
  CREATE_STREAM @155000 {NAME:vseq T:Transactions SCOPE:uvm_test_top.env.v_seqr STREAM:2197}
  CREATE_STREAM @155000 {NAME:slave_resp_seq T:Transactions SCOPE:uvm_test_top.env.s_agt[0].sqr STREAM:2277}
  CREATE_STREAM @155000 {NAME:master_reg_seq T:Transactions SCOPE:uvm_test_top.env.m_agt[0].sqr STREAM:2282}
  CREATE_STREAM @1805000 {NAME:interrupt_seq T:Transactions SCOPE:uvm_test_top.env.m_agt[0].sqr STREAM:3426}
  CREATE_STREAM @155000 {NAME:vseq T:Transactions SCOPE:uvm_test_top.env.v_seqr STREAM:2197}
  CREATE_STREAM @155000 {NAME:slave_resp_seq T:Transactions SCOPE:uvm_test_top.env.s_agt[0].sqr STREAM:2277}
  CREATE_STREAM @155000 {NAME:master_reg_seq T:Transactions SCOPE:uvm_test_top.env.m_agt[0].sqr STREAM:2282}
  CREATE_STREAM @1805000 {NAME:interrupt_seq T:Transactions SCOPE:uvm_test_top.env.m_agt[0].sqr STREAM:3426}
  CREATE_STREAM @155000 {NAME:vseq T:Transactions SCOPE:uvm_test_top.env.v_seqr STREAM:2197}
  CREATE_STREAM @155000 {NAME:slave_resp_seq T:Transactions SCOPE:uvm_test_top.env.s_agt[0].sqr STREAM:2277}
  CREATE_STREAM @155000 {NAME:master_reg_seq T:Transactions SCOPE:uvm_test_top.env.m_agt[0].sqr STREAM:2282}
  CREATE_STREAM @1805000 {NAME:interrupt_seq T:Transactions SCOPE:uvm_test_top.env.m_agt[0].sqr STREAM:3426}
  CREATE_STREAM @155000 {NAME:vseq T:Transactions SCOPE:uvm_test_top.env.v_seqr STREAM:2197}
  CREATE_STREAM @155000 {NAME:slave_resp_seq T:Transactions SCOPE:uvm_test_top.env.s_agt[0].sqr STREAM:2277}
  CREATE_STREAM @155000 {NAME:master_reg_seq T:Transactions SCOPE:uvm_test_top.env.m_agt[0].sqr STREAM:2282}
  CREATE_STREAM @1805000 {NAME:interrupt_seq T:Transactions SCOPE:uvm_test_top.env.m_agt[0].sqr STREAM:3426}
  CREATE_STREAM @155000 {NAME:vseq T:Transactions SCOPE:uvm_test_top.env.v_seqr STREAM:2197}
  CREATE_STREAM @155000 {NAME:slave_resp_seq T:Transactions SCOPE:uvm_test_top.env.s_agt[0].sqr STREAM:2277}
  CREATE_STREAM @155000 {NAME:master_reg_seq T:Transactions SCOPE:uvm_test_top.env.m_agt[0].sqr STREAM:2282}
  CREATE_STREAM @1805000 {NAME:interrupt_seq T:Transactions SCOPE:uvm_test_top.env.m_agt[0].sqr STREAM:12546}
  CREATE_STREAM @155000 {NAME:vseq T:Transactions SCOPE:uvm_test_top.env.v_seqr STREAM:2197}
  CREATE_STREAM @155000 {NAME:slave_resp_seq T:Transactions SCOPE:uvm_test_top.env.s_agt[0].sqr STREAM:2277}
  CREATE_STREAM @155000 {NAME:master_reg_seq T:Transactions SCOPE:uvm_test_top.env.m_agt[0].sqr STREAM:2282}
  CREATE_STREAM @1805000 {NAME:interrupt_seq T:Transactions SCOPE:uvm_test_top.env.m_agt[0].sqr STREAM:2821}
  CREATE_STREAM @155000 {NAME:master_seq T:Transactions SCOPE:uvm_test_top.env.m_agt[0].sqr STREAM:2197}
  CREATE_STREAM @155000 {NAME:interrupt_seq T:Transactions SCOPE:uvm_test_top.env.m_agt[0].sqr STREAM:2200}
  CREATE_STREAM @155000 {NAME:slave_seq T:Transactions SCOPE:uvm_test_top.env.s_agt[0].sqr STREAM:2202}
  CREATE_STREAM @155000 {NAME:master_seq T:Transactions SCOPE:uvm_test_top.env.m_agt[0].sqr STREAM:2197}
  CREATE_STREAM @155000 {NAME:interrupt_seq T:Transactions SCOPE:uvm_test_top.env.m_agt[0].sqr STREAM:2200}
  CREATE_STREAM @155000 {NAME:slave_seq T:Transactions SCOPE:uvm_test_top.env.s_agt[0].sqr STREAM:2202}
  CREATE_STREAM @155000 {NAME:master_seq T:Transactions SCOPE:uvm_test_top.env.m_agt[0].sqr STREAM:2197}
  CREATE_STREAM @155000 {NAME:interrupt_seq T:Transactions SCOPE:uvm_test_top.env.m_agt[0].sqr STREAM:2200}
  CREATE_STREAM @155000 {NAME:slave_seq T:Transactions SCOPE:uvm_test_top.env.s_agt[0].sqr STREAM:2202}
  CREATE_STREAM @155000 {NAME:master_seq T:Transactions SCOPE:uvm_test_top.env.m_agt[0].sqr STREAM:2197}
  CREATE_STREAM @155000 {NAME:interrupt_seq T:Transactions SCOPE:uvm_test_top.env.m_agt[0].sqr STREAM:2200}
  CREATE_STREAM @155000 {NAME:slave_seq T:Transactions SCOPE:uvm_test_top.env.s_agt[0].sqr STREAM:2202}
  CREATE_STREAM @155000 {NAME:master_seq T:Transactions SCOPE:uvm_test_top.env.m_agt[0].sqr STREAM:2197}
  CREATE_STREAM @155000 {NAME:interrupt_seq T:Transactions SCOPE:uvm_test_top.env.m_agt[0].sqr STREAM:2200}
  CREATE_STREAM @155000 {NAME:slave_seq T:Transactions SCOPE:uvm_test_top.env.s_agt[0].sqr STREAM:2202}
  CREATE_STREAM @155000 {NAME:master_seq T:Transactions SCOPE:uvm_test_top.env.m_agt[0].sqr STREAM:2197}
  CREATE_STREAM @155000 {NAME:interrupt_seq T:Transactions SCOPE:uvm_test_top.env.m_agt[0].sqr STREAM:2200}
  CREATE_STREAM @155000 {NAME:slave_seq T:Transactions SCOPE:uvm_test_top.env.s_agt[0].sqr STREAM:2202}
  CREATE_STREAM @155000 {NAME:master_seq T:Transactions SCOPE:uvm_test_top.env.m_agt[0].sqr STREAM:2197}
  CREATE_STREAM @155000 {NAME:interrupt_seq T:Transactions SCOPE:uvm_test_top.env.m_agt[0].sqr STREAM:2200}
  CREATE_STREAM @155000 {NAME:slave_seq T:Transactions SCOPE:uvm_test_top.env.s_agt[0].sqr STREAM:2202}
  CREATE_STREAM @155000 {NAME:master_seq T:Transactions SCOPE:uvm_test_top.env.m_agt[0].sqr STREAM:2197}
  CREATE_STREAM @155000 {NAME:interrupt_seq T:Transactions SCOPE:uvm_test_top.env.m_agt[0].sqr STREAM:2200}
  CREATE_STREAM @155000 {NAME:slave_seq T:Transactions SCOPE:uvm_test_top.env.s_agt[0].sqr STREAM:2202}
  CREATE_STREAM @155000 {NAME:master_seq T:Transactions SCOPE:uvm_test_top.env.m_agt[0].sqr STREAM:2197}
  CREATE_STREAM @155000 {NAME:interrupt_seq T:Transactions SCOPE:uvm_test_top.env.m_agt[0].sqr STREAM:2200}
  CREATE_STREAM @155000 {NAME:slave_seq T:Transactions SCOPE:uvm_test_top.env.s_agt[0].sqr STREAM:2202}
  CREATE_STREAM @155000 {NAME:master_seq T:Transactions SCOPE:uvm_test_top.env.m_agt[0].sqr STREAM:2197}
  CREATE_STREAM @155000 {NAME:interrupt_seq T:Transactions SCOPE:uvm_test_top.env.m_agt[0].sqr STREAM:2200}
  CREATE_STREAM @155000 {NAME:slave_seq T:Transactions SCOPE:uvm_test_top.env.s_agt[0].sqr STREAM:2202}
  CREATE_STREAM @155000 {NAME:master_seq T:Transactions SCOPE:uvm_test_top.env.m_agt[0].sqr STREAM:2197}
  CREATE_STREAM @155000 {NAME:interrupt_seq T:Transactions SCOPE:uvm_test_top.env.m_agt[0].sqr STREAM:2200}
  CREATE_STREAM @155000 {NAME:slave_seq T:Transactions SCOPE:uvm_test_top.env.s_agt[0].sqr STREAM:2202}
  CREATE_STREAM @155000 {NAME:master_seq T:Transactions SCOPE:uvm_test_top.env.m_agt[0].sqr STREAM:2197}
  CREATE_STREAM @155000 {NAME:interrupt_seq T:Transactions SCOPE:uvm_test_top.env.m_agt[0].sqr STREAM:2200}
  CREATE_STREAM @155000 {NAME:slave_seq T:Transactions SCOPE:uvm_test_top.env.s_agt[0].sqr STREAM:2202}
  CREATE_STREAM @155000 {NAME:master_seq T:Transactions SCOPE:uvm_test_top.env.m_agt[0].sqr STREAM:2197}
  CREATE_STREAM @155000 {NAME:interrupt_seq T:Transactions SCOPE:uvm_test_top.env.m_agt[0].sqr STREAM:2200}
  CREATE_STREAM @155000 {NAME:slave_seq T:Transactions SCOPE:uvm_test_top.env.s_agt[0].sqr STREAM:2202}
  CREATE_STREAM @155000 {NAME:master_seq T:Transactions SCOPE:uvm_test_top.env.m_agt[0].sqr STREAM:2197}
  CREATE_STREAM @155000 {NAME:interrupt_seq T:Transactions SCOPE:uvm_test_top.env.m_agt[0].sqr STREAM:2200}
  CREATE_STREAM @155000 {NAME:slave_seq T:Transactions SCOPE:uvm_test_top.env.s_agt[0].sqr STREAM:2202}
  CREATE_STREAM @155000 {NAME:master_seq T:Transactions SCOPE:uvm_test_top.env.m_agt[0].sqr STREAM:2197}
  CREATE_STREAM @155000 {NAME:interrupt_seq T:Transactions SCOPE:uvm_test_top.env.m_agt[0].sqr STREAM:2200}
  CREATE_STREAM @155000 {NAME:slave_seq T:Transactions SCOPE:uvm_test_top.env.s_agt[0].sqr STREAM:2202}
  CREATE_STREAM @155000 {NAME:master_seq T:Transactions SCOPE:uvm_test_top.env.m_agt[0].sqr STREAM:2197}
  CREATE_STREAM @155000 {NAME:interrupt_seq T:Transactions SCOPE:uvm_test_top.env.m_agt[0].sqr STREAM:2200}
  CREATE_STREAM @155000 {NAME:slave_seq T:Transactions SCOPE:uvm_test_top.env.s_agt[0].sqr STREAM:2202}
  CREATE_STREAM @155000 {NAME:master_seq T:Transactions SCOPE:uvm_test_top.env.m_agt[0].sqr STREAM:2197}
  CREATE_STREAM @155000 {NAME:interrupt_seq T:Transactions SCOPE:uvm_test_top.env.m_agt[0].sqr STREAM:2200}
  CREATE_STREAM @155000 {NAME:slave_seq T:Transactions SCOPE:uvm_test_top.env.s_agt[0].sqr STREAM:2202}
  CREATE_STREAM @155000 {NAME:master_seq T:Transactions SCOPE:uvm_test_top.env.m_agt[0].sqr STREAM:2197}
  CREATE_STREAM @155000 {NAME:interrupt_seq T:Transactions SCOPE:uvm_test_top.env.m_agt[0].sqr STREAM:2200}
  CREATE_STREAM @155000 {NAME:slave_seq T:Transactions SCOPE:uvm_test_top.env.s_agt[0].sqr STREAM:2202}
  CREATE_STREAM @155000 {NAME:master_seq T:Transactions SCOPE:uvm_test_top.env.m_agt[0].sqr STREAM:2197}
  CREATE_STREAM @155000 {NAME:interrupt_seq T:Transactions SCOPE:uvm_test_top.env.m_agt[0].sqr STREAM:2200}
  CREATE_STREAM @155000 {NAME:slave_seq T:Transactions SCOPE:uvm_test_top.env.s_agt[0].sqr STREAM:2202}
  CREATE_STREAM @155000 {NAME:master_seq T:Transactions SCOPE:uvm_test_top.env.m_agt[0].sqr STREAM:2197}
  CREATE_STREAM @155000 {NAME:interrupt_seq T:Transactions SCOPE:uvm_test_top.env.m_agt[0].sqr STREAM:2200}
  CREATE_STREAM @155000 {NAME:slave_seq T:Transactions SCOPE:uvm_test_top.env.s_agt[0].sqr STREAM:2202}
  CREATE_STREAM @155000 {NAME:master_seq T:Transactions SCOPE:uvm_test_top.env.m_agt[0].sqr STREAM:2197}
  CREATE_STREAM @155000 {NAME:interrupt_seq T:Transactions SCOPE:uvm_test_top.env.m_agt[0].sqr STREAM:2200}
  CREATE_STREAM @155000 {NAME:slave_seq T:Transactions SCOPE:uvm_test_top.env.s_agt[0].sqr STREAM:2202}
  CREATE_STREAM @155000 {NAME:master_seq T:Transactions SCOPE:uvm_test_top.env.m_agt[0].sqr STREAM:2197}
  CREATE_STREAM @155000 {NAME:interrupt_seq T:Transactions SCOPE:uvm_test_top.env.m_agt[0].sqr STREAM:2200}
  CREATE_STREAM @155000 {NAME:slave_seq T:Transactions SCOPE:uvm_test_top.env.s_agt[0].sqr STREAM:2202}
  CREATE_STREAM @155000 {NAME:master_seq T:Transactions SCOPE:uvm_test_top.env.m_agt[0].sqr STREAM:2197}
  CREATE_STREAM @155000 {NAME:interrupt_seq T:Transactions SCOPE:uvm_test_top.env.m_agt[0].sqr STREAM:2200}
  CREATE_STREAM @155000 {NAME:slave_seq T:Transactions SCOPE:uvm_test_top.env.s_agt[0].sqr STREAM:2202}
  CREATE_STREAM @155000 {NAME:master_seq T:Transactions SCOPE:uvm_test_top.env.m_agt[0].sqr STREAM:2197}
  CREATE_STREAM @155000 {NAME:interrupt_seq T:Transactions SCOPE:uvm_test_top.env.m_agt[0].sqr STREAM:2200}
  CREATE_STREAM @155000 {NAME:slave_seq T:Transactions SCOPE:uvm_test_top.env.s_agt[0].sqr STREAM:2202}
  CREATE_STREAM @155000 {NAME:master_seq T:Transactions SCOPE:uvm_test_top.env.m_agt[0].sqr STREAM:2197}
  CREATE_STREAM @155000 {NAME:interrupt_seq T:Transactions SCOPE:uvm_test_top.env.m_agt[0].sqr STREAM:2200}
  CREATE_STREAM @155000 {NAME:slave_seq T:Transactions SCOPE:uvm_test_top.env.s_agt[0].sqr STREAM:2202}
  CREATE_STREAM @155000 {NAME:master_seq T:Transactions SCOPE:uvm_test_top.env.m_agt[0].sqr STREAM:2197}
  CREATE_STREAM @155000 {NAME:interrupt_seq T:Transactions SCOPE:uvm_test_top.env.m_agt[0].sqr STREAM:2200}
  CREATE_STREAM @155000 {NAME:slave_seq T:Transactions SCOPE:uvm_test_top.env.s_agt[0].sqr STREAM:2202}
  CREATE_STREAM @155000 {NAME:master_seq T:Transactions SCOPE:uvm_test_top.env.m_agt[0].sqr STREAM:2197}
  CREATE_STREAM @155000 {NAME:interrupt_seq T:Transactions SCOPE:uvm_test_top.env.m_agt[0].sqr STREAM:2200}
  CREATE_STREAM @155000 {NAME:slave_seq T:Transactions SCOPE:uvm_test_top.env.s_agt[0].sqr STREAM:2202}
  CREATE_STREAM @155000 {NAME:master_seq T:Transactions SCOPE:uvm_test_top.env.m_agt[0].sqr STREAM:2197}
  CREATE_STREAM @155000 {NAME:interrupt_seq T:Transactions SCOPE:uvm_test_top.env.m_agt[0].sqr STREAM:2200}
  CREATE_STREAM @155000 {NAME:slave_seq T:Transactions SCOPE:uvm_test_top.env.s_agt[0].sqr STREAM:2202}
  CREATE_STREAM @155000 {NAME:master_seq T:Transactions SCOPE:uvm_test_top.env.m_agt[0].sqr STREAM:2197}
  CREATE_STREAM @155000 {NAME:interrupt_seq T:Transactions SCOPE:uvm_test_top.env.m_agt[0].sqr STREAM:2200}
  CREATE_STREAM @155000 {NAME:slave_seq T:Transactions SCOPE:uvm_test_top.env.s_agt[0].sqr STREAM:2202}
  CREATE_STREAM @155000 {NAME:master_seq T:Transactions SCOPE:uvm_test_top.env.m_agt[0].sqr STREAM:2197}
  CREATE_STREAM @155000 {NAME:interrupt_seq T:Transactions SCOPE:uvm_test_top.env.m_agt[0].sqr STREAM:2200}
  CREATE_STREAM @155000 {NAME:slave_seq T:Transactions SCOPE:uvm_test_top.env.s_agt[0].sqr STREAM:2202}
  CREATE_STREAM @155000 {NAME:master_seq T:Transactions SCOPE:uvm_test_top.env.m_agt[0].sqr STREAM:2197}
  CREATE_STREAM @155000 {NAME:interrupt_seq T:Transactions SCOPE:uvm_test_top.env.m_agt[0].sqr STREAM:2200}
  CREATE_STREAM @155000 {NAME:slave_seq T:Transactions SCOPE:uvm_test_top.env.s_agt[0].sqr STREAM:2202}
  CREATE_STREAM @155000 {NAME:master_seq T:Transactions SCOPE:uvm_test_top.env.m_agt[0].sqr STREAM:2197}
  CREATE_STREAM @155000 {NAME:interrupt_seq T:Transactions SCOPE:uvm_test_top.env.m_agt[0].sqr STREAM:2200}
  CREATE_STREAM @155000 {NAME:slave_seq T:Transactions SCOPE:uvm_test_top.env.s_agt[0].sqr STREAM:2202}
  CREATE_STREAM @155000 {NAME:master_seq T:Transactions SCOPE:uvm_test_top.env.m_agt[0].sqr STREAM:2197}
  CREATE_STREAM @155000 {NAME:interrupt_seq T:Transactions SCOPE:uvm_test_top.env.m_agt[0].sqr STREAM:2200}
  CREATE_STREAM @155000 {NAME:slave_seq T:Transactions SCOPE:uvm_test_top.env.s_agt[0].sqr STREAM:2202}
  CREATE_STREAM @155000 {NAME:master_seq T:Transactions SCOPE:uvm_test_top.env.m_agt[0].sqr STREAM:2197}
  CREATE_STREAM @155000 {NAME:interrupt_seq T:Transactions SCOPE:uvm_test_top.env.m_agt[0].sqr STREAM:2200}
  CREATE_STREAM @155000 {NAME:slave_seq T:Transactions SCOPE:uvm_test_top.env.s_agt[0].sqr STREAM:2202}
  CREATE_STREAM @155000 {NAME:master_seq T:Transactions SCOPE:uvm_test_top.env.m_agt[0].sqr STREAM:2197}
  CREATE_STREAM @155000 {NAME:interrupt_seq T:Transactions SCOPE:uvm_test_top.env.m_agt[0].sqr STREAM:2200}
  CREATE_STREAM @155000 {NAME:slave_seq T:Transactions SCOPE:uvm_test_top.env.s_agt[0].sqr STREAM:2202}
  CREATE_STREAM @155000 {NAME:master_seq T:Transactions SCOPE:uvm_test_top.env.m_agt[0].sqr STREAM:2217}
  CREATE_STREAM @155000 {NAME:interrupt_seq T:Transactions SCOPE:uvm_test_top.env.m_agt[0].sqr STREAM:2220}
  CREATE_STREAM @155000 {NAME:slave_seq T:Transactions SCOPE:uvm_test_top.env.s_agt[0].sqr STREAM:2222}
  CREATE_STREAM @155000 {NAME:master_seq T:Transactions SCOPE:uvm_test_top.env.m_agt[0].sqr STREAM:2217}
  CREATE_STREAM @155000 {NAME:interrupt_seq T:Transactions SCOPE:uvm_test_top.env.m_agt[0].sqr STREAM:2220}
  CREATE_STREAM @155000 {NAME:slave_seq T:Transactions SCOPE:uvm_test_top.env.s_agt[0].sqr STREAM:2222}
  CREATE_STREAM @155000 {NAME:master_seq T:Transactions SCOPE:uvm_test_top.env.m_agt[0].sqr STREAM:2217}
  CREATE_STREAM @155000 {NAME:interrupt_seq T:Transactions SCOPE:uvm_test_top.env.m_agt[0].sqr STREAM:2220}
  CREATE_STREAM @155000 {NAME:slave_seq T:Transactions SCOPE:uvm_test_top.env.s_agt[0].sqr STREAM:2222}
  CREATE_STREAM @155000 {NAME:master_seq T:Transactions SCOPE:uvm_test_top.env.m_agt[0].sqr STREAM:2217}
  CREATE_STREAM @155000 {NAME:interrupt_seq T:Transactions SCOPE:uvm_test_top.env.m_agt[0].sqr STREAM:2220}
  CREATE_STREAM @155000 {NAME:slave_seq T:Transactions SCOPE:uvm_test_top.env.s_agt[0].sqr STREAM:2222}
  CREATE_STREAM @155000 {NAME:master_seq T:Transactions SCOPE:uvm_test_top.env.m_agt[0].sqr STREAM:2217}
  CREATE_STREAM @155000 {NAME:interrupt_seq T:Transactions SCOPE:uvm_test_top.env.m_agt[0].sqr STREAM:2220}
  CREATE_STREAM @155000 {NAME:slave_seq T:Transactions SCOPE:uvm_test_top.env.s_agt[0].sqr STREAM:2222}
  CREATE_STREAM @155000 {NAME:master_seq T:Transactions SCOPE:uvm_test_top.env.m_agt[0].sqr STREAM:2217}
  CREATE_STREAM @155000 {NAME:interrupt_seq T:Transactions SCOPE:uvm_test_top.env.m_agt[0].sqr STREAM:2220}
  CREATE_STREAM @155000 {NAME:slave_seq T:Transactions SCOPE:uvm_test_top.env.s_agt[0].sqr STREAM:2222}
  CREATE_STREAM @155000 {NAME:master_seq T:Transactions SCOPE:uvm_test_top.env.m_agt[0].sqr STREAM:2217}
  CREATE_STREAM @155000 {NAME:interrupt_seq T:Transactions SCOPE:uvm_test_top.env.m_agt[0].sqr STREAM:2220}
  CREATE_STREAM @155000 {NAME:slave_seq T:Transactions SCOPE:uvm_test_top.env.s_agt[0].sqr STREAM:2222}
  CREATE_STREAM @155000 {NAME:master_seq T:Transactions SCOPE:uvm_test_top.env.m_agt[0].sqr STREAM:2217}
  CREATE_STREAM @155000 {NAME:interrupt_seq T:Transactions SCOPE:uvm_test_top.env.m_agt[0].sqr STREAM:2220}
  CREATE_STREAM @155000 {NAME:slave_seq T:Transactions SCOPE:uvm_test_top.env.s_agt[0].sqr STREAM:2222}
  CREATE_STREAM @155000 {NAME:master_seq T:Transactions SCOPE:uvm_test_top.env.m_agt[0].sqr STREAM:2217}
  CREATE_STREAM @155000 {NAME:interrupt_seq T:Transactions SCOPE:uvm_test_top.env.m_agt[0].sqr STREAM:2220}
  CREATE_STREAM @155000 {NAME:slave_seq T:Transactions SCOPE:uvm_test_top.env.s_agt[0].sqr STREAM:2222}
  CREATE_STREAM @155000 {NAME:master_seq T:Transactions SCOPE:uvm_test_top.env.m_agt[0].sqr STREAM:2217}
  CREATE_STREAM @155000 {NAME:interrupt_seq T:Transactions SCOPE:uvm_test_top.env.m_agt[0].sqr STREAM:2220}
  CREATE_STREAM @155000 {NAME:slave_seq T:Transactions SCOPE:uvm_test_top.env.s_agt[0].sqr STREAM:2222}
  CREATE_STREAM @155000 {NAME:master_seq T:Transactions SCOPE:uvm_test_top.env.m_agt[0].sqr STREAM:2217}
  CREATE_STREAM @155000 {NAME:interrupt_seq T:Transactions SCOPE:uvm_test_top.env.m_agt[0].sqr STREAM:2220}
  CREATE_STREAM @155000 {NAME:slave_seq T:Transactions SCOPE:uvm_test_top.env.s_agt[0].sqr STREAM:2222}
  CREATE_STREAM @155000 {NAME:master_seq T:Transactions SCOPE:uvm_test_top.env.m_agt[0].sqr STREAM:2217}
  CREATE_STREAM @155000 {NAME:interrupt_seq T:Transactions SCOPE:uvm_test_top.env.m_agt[0].sqr STREAM:2220}
  CREATE_STREAM @155000 {NAME:slave_seq T:Transactions SCOPE:uvm_test_top.env.s_agt[0].sqr STREAM:2222}
  CREATE_STREAM @155000 {NAME:master_seq T:Transactions SCOPE:uvm_test_top.env.m_agt[0].sqr STREAM:2197}
  CREATE_STREAM @155000 {NAME:interrupt_seq T:Transactions SCOPE:uvm_test_top.env.m_agt[0].sqr STREAM:2200}
  CREATE_STREAM @155000 {NAME:slave_seq T:Transactions SCOPE:uvm_test_top.env.s_agt[0].sqr STREAM:2202}
  CREATE_STREAM @155000 {NAME:master_seq T:Transactions SCOPE:uvm_test_top.env.m_agt[0].sqr STREAM:2217}
  CREATE_STREAM @155000 {NAME:interrupt_seq T:Transactions SCOPE:uvm_test_top.env.m_agt[0].sqr STREAM:2220}
  CREATE_STREAM @155000 {NAME:slave_seq T:Transactions SCOPE:uvm_test_top.env.s_agt[0].sqr STREAM:2222}
  CREATE_STREAM @155000 {NAME:master_seq T:Transactions SCOPE:uvm_test_top.env.m_agt[0].sqr STREAM:2217}
  CREATE_STREAM @155000 {NAME:interrupt_seq T:Transactions SCOPE:uvm_test_top.env.m_agt[0].sqr STREAM:2220}
  CREATE_STREAM @155000 {NAME:slave_seq T:Transactions SCOPE:uvm_test_top.env.s_agt[0].sqr STREAM:2222}
  CREATE_STREAM @155000 {NAME:master_seq T:Transactions SCOPE:uvm_test_top.env.m_agt[0].sqr STREAM:2217}
  CREATE_STREAM @155000 {NAME:interrupt_seq T:Transactions SCOPE:uvm_test_top.env.m_agt[0].sqr STREAM:2220}
  CREATE_STREAM @155000 {NAME:slave_seq T:Transactions SCOPE:uvm_test_top.env.s_agt[0].sqr STREAM:2222}
  CREATE_STREAM @155000 {NAME:master_seq T:Transactions SCOPE:uvm_test_top.env.m_agt[0].sqr STREAM:2217}
  CREATE_STREAM @155000 {NAME:interrupt_seq T:Transactions SCOPE:uvm_test_top.env.m_agt[0].sqr STREAM:2220}
  CREATE_STREAM @155000 {NAME:slave_seq T:Transactions SCOPE:uvm_test_top.env.s_agt[0].sqr STREAM:2222}
  CREATE_STREAM @155000 {NAME:master_seq T:Transactions SCOPE:uvm_test_top.env.m_agt[0].sqr STREAM:2217}
  CREATE_STREAM @155000 {NAME:interrupt_seq T:Transactions SCOPE:uvm_test_top.env.m_agt[0].sqr STREAM:2220}
  CREATE_STREAM @155000 {NAME:slave_seq T:Transactions SCOPE:uvm_test_top.env.s_agt[0].sqr STREAM:2222}
  CREATE_STREAM @155000 {NAME:master_seq T:Transactions SCOPE:uvm_test_top.env.m_agt[0].sqr STREAM:2217}
  CREATE_STREAM @155000 {NAME:interrupt_seq T:Transactions SCOPE:uvm_test_top.env.m_agt[0].sqr STREAM:2220}
  CREATE_STREAM @155000 {NAME:slave_seq T:Transactions SCOPE:uvm_test_top.env.s_agt[0].sqr STREAM:2222}
  CREATE_STREAM @155000 {NAME:master_seq T:Transactions SCOPE:uvm_test_top.env.m_agt[0].sqr STREAM:2217}
  CREATE_STREAM @155000 {NAME:interrupt_seq T:Transactions SCOPE:uvm_test_top.env.m_agt[0].sqr STREAM:2220}
  CREATE_STREAM @155000 {NAME:slave_seq T:Transactions SCOPE:uvm_test_top.env.s_agt[0].sqr STREAM:2222}
  CREATE_STREAM @155000 {NAME:master_seq T:Transactions SCOPE:uvm_test_top.env.m_agt[0].sqr STREAM:2217}
  CREATE_STREAM @155000 {NAME:interrupt_seq T:Transactions SCOPE:uvm_test_top.env.m_agt[0].sqr STREAM:2220}
  CREATE_STREAM @155000 {NAME:slave_seq T:Transactions SCOPE:uvm_test_top.env.s_agt[0].sqr STREAM:2222}
  CREATE_STREAM @155000 {NAME:master_seq T:Transactions SCOPE:uvm_test_top.env.m_agt[0].sqr STREAM:2217}
  CREATE_STREAM @155000 {NAME:interrupt_seq T:Transactions SCOPE:uvm_test_top.env.m_agt[0].sqr STREAM:2220}
  CREATE_STREAM @155000 {NAME:slave_seq T:Transactions SCOPE:uvm_test_top.env.s_agt[0].sqr STREAM:2222}
  CREATE_STREAM @155000 {NAME:master_seq T:Transactions SCOPE:uvm_test_top.env.m_agt[0].sqr STREAM:2217}
  CREATE_STREAM @155000 {NAME:interrupt_seq T:Transactions SCOPE:uvm_test_top.env.m_agt[0].sqr STREAM:2220}
  CREATE_STREAM @155000 {NAME:slave_seq T:Transactions SCOPE:uvm_test_top.env.s_agt[0].sqr STREAM:2222}
  CREATE_STREAM @155000 {NAME:master_seq T:Transactions SCOPE:uvm_test_top.env.m_agt[0].sqr STREAM:2217}
  CREATE_STREAM @155000 {NAME:interrupt_seq T:Transactions SCOPE:uvm_test_top.env.m_agt[0].sqr STREAM:2220}
  CREATE_STREAM @155000 {NAME:slave_seq T:Transactions SCOPE:uvm_test_top.env.s_agt[0].sqr STREAM:2222}
  CREATE_STREAM @155000 {NAME:master_seq T:Transactions SCOPE:uvm_test_top.env.m_agt[0].sqr STREAM:2217}
  CREATE_STREAM @155000 {NAME:interrupt_seq T:Transactions SCOPE:uvm_test_top.env.m_agt[0].sqr STREAM:2220}
  CREATE_STREAM @155000 {NAME:slave_seq T:Transactions SCOPE:uvm_test_top.env.s_agt[0].sqr STREAM:2222}
  CREATE_STREAM @155000 {NAME:master_seq T:Transactions SCOPE:uvm_test_top.env.m_agt[0].sqr STREAM:2217}
  CREATE_STREAM @155000 {NAME:interrupt_seq T:Transactions SCOPE:uvm_test_top.env.m_agt[0].sqr STREAM:2220}
  CREATE_STREAM @155000 {NAME:slave_seq T:Transactions SCOPE:uvm_test_top.env.s_agt[0].sqr STREAM:2222}
  CREATE_STREAM @155000 {NAME:master_seq T:Transactions SCOPE:uvm_test_top.env.m_agt[0].sqr STREAM:2217}
  CREATE_STREAM @155000 {NAME:interrupt_seq T:Transactions SCOPE:uvm_test_top.env.m_agt[0].sqr STREAM:2220}
  CREATE_STREAM @155000 {NAME:slave_seq T:Transactions SCOPE:uvm_test_top.env.s_agt[0].sqr STREAM:2222}
  CREATE_STREAM @155000 {NAME:master_seq T:Transactions SCOPE:uvm_test_top.env.m_agt[0].sqr STREAM:2217}
  CREATE_STREAM @155000 {NAME:interrupt_seq T:Transactions SCOPE:uvm_test_top.env.m_agt[0].sqr STREAM:2220}
  CREATE_STREAM @155000 {NAME:slave_seq T:Transactions SCOPE:uvm_test_top.env.s_agt[0].sqr STREAM:2222}
  CREATE_STREAM @155000 {NAME:master_seq T:Transactions SCOPE:uvm_test_top.env.m_agt[0].sqr STREAM:2217}
  CREATE_STREAM @155000 {NAME:interrupt_seq T:Transactions SCOPE:uvm_test_top.env.m_agt[0].sqr STREAM:2220}
  CREATE_STREAM @155000 {NAME:slave_seq T:Transactions SCOPE:uvm_test_top.env.s_agt[0].sqr STREAM:2222}
  CREATE_STREAM @155000 {NAME:master_seq T:Transactions SCOPE:uvm_test_top.env.m_agt[0].sqr STREAM:2217}
  CREATE_STREAM @155000 {NAME:interrupt_seq T:Transactions SCOPE:uvm_test_top.env.m_agt[0].sqr STREAM:2220}
  CREATE_STREAM @155000 {NAME:slave_seq T:Transactions SCOPE:uvm_test_top.env.s_agt[0].sqr STREAM:2222}
  CREATE_STREAM @155000 {NAME:master_seq T:Transactions SCOPE:uvm_test_top.env.m_agt[0].sqr STREAM:2217}
  CREATE_STREAM @155000 {NAME:interrupt_seq T:Transactions SCOPE:uvm_test_top.env.m_agt[0].sqr STREAM:2220}
  CREATE_STREAM @155000 {NAME:slave_seq T:Transactions SCOPE:uvm_test_top.env.s_agt[0].sqr STREAM:2222}
  CREATE_STREAM @155000 {NAME:master_seq T:Transactions SCOPE:uvm_test_top.env.m_agt[0].sqr STREAM:2217}
  CREATE_STREAM @155000 {NAME:interrupt_seq T:Transactions SCOPE:uvm_test_top.env.m_agt[0].sqr STREAM:2220}
  CREATE_STREAM @155000 {NAME:slave_seq T:Transactions SCOPE:uvm_test_top.env.s_agt[0].sqr STREAM:2222}
  CREATE_STREAM @155000 {NAME:master_seq T:Transactions SCOPE:uvm_test_top.env.m_agt[0].sqr STREAM:2217}
  CREATE_STREAM @155000 {NAME:interrupt_seq T:Transactions SCOPE:uvm_test_top.env.m_agt[0].sqr STREAM:2220}
  CREATE_STREAM @155000 {NAME:slave_seq T:Transactions SCOPE:uvm_test_top.env.s_agt[0].sqr STREAM:2222}
  CREATE_STREAM @155000 {NAME:master_seq T:Transactions SCOPE:uvm_test_top.env.m_agt[0].sqr STREAM:2217}
  CREATE_STREAM @155000 {NAME:interrupt_seq T:Transactions SCOPE:uvm_test_top.env.m_agt[0].sqr STREAM:2220}
  CREATE_STREAM @155000 {NAME:slave_seq T:Transactions SCOPE:uvm_test_top.env.s_agt[0].sqr STREAM:2222}
  CREATE_STREAM @155000 {NAME:master_seq T:Transactions SCOPE:uvm_test_top.env.m_agt[0].sqr STREAM:2217}
  CREATE_STREAM @155000 {NAME:interrupt_seq T:Transactions SCOPE:uvm_test_top.env.m_agt[0].sqr STREAM:2220}
  CREATE_STREAM @155000 {NAME:slave_seq T:Transactions SCOPE:uvm_test_top.env.s_agt[0].sqr STREAM:2222}
  CREATE_STREAM @155000 {NAME:master_seq T:Transactions SCOPE:uvm_test_top.env.m_agt[0].sqr STREAM:2217}
  CREATE_STREAM @155000 {NAME:interrupt_seq T:Transactions SCOPE:uvm_test_top.env.m_agt[0].sqr STREAM:2220}
  CREATE_STREAM @155000 {NAME:slave_seq T:Transactions SCOPE:uvm_test_top.env.s_agt[0].sqr STREAM:2222}
  CREATE_STREAM @155000 {NAME:master_seq T:Transactions SCOPE:uvm_test_top.env.m_agt[0].sqr STREAM:2217}
  CREATE_STREAM @155000 {NAME:interrupt_seq T:Transactions SCOPE:uvm_test_top.env.m_agt[0].sqr STREAM:2220}
  CREATE_STREAM @155000 {NAME:slave_seq T:Transactions SCOPE:uvm_test_top.env.s_agt[0].sqr STREAM:2222}
  CREATE_STREAM @155000 {NAME:master_seq T:Transactions SCOPE:uvm_test_top.env.m_agt[0].sqr STREAM:2217}
  CREATE_STREAM @155000 {NAME:interrupt_seq T:Transactions SCOPE:uvm_test_top.env.m_agt[0].sqr STREAM:2220}
  CREATE_STREAM @155000 {NAME:slave_seq T:Transactions SCOPE:uvm_test_top.env.s_agt[0].sqr STREAM:2222}
  CREATE_STREAM @155000 {NAME:master_seq T:Transactions SCOPE:uvm_test_top.env.m_agt[0].sqr STREAM:2217}
  CREATE_STREAM @155000 {NAME:interrupt_seq T:Transactions SCOPE:uvm_test_top.env.m_agt[0].sqr STREAM:2220}
  CREATE_STREAM @155000 {NAME:slave_seq T:Transactions SCOPE:uvm_test_top.env.s_agt[0].sqr STREAM:2222}
  CREATE_STREAM @155000 {NAME:master_seq T:Transactions SCOPE:uvm_test_top.env.m_agt[0].sqr STREAM:2217}
  CREATE_STREAM @155000 {NAME:interrupt_seq T:Transactions SCOPE:uvm_test_top.env.m_agt[0].sqr STREAM:2220}
  CREATE_STREAM @155000 {NAME:slave_seq T:Transactions SCOPE:uvm_test_top.env.s_agt[0].sqr STREAM:2222}
  CREATE_STREAM @155000 {NAME:master_seq T:Transactions SCOPE:uvm_test_top.env.m_agt[0].sqr STREAM:2217}
  CREATE_STREAM @155000 {NAME:interrupt_seq T:Transactions SCOPE:uvm_test_top.env.m_agt[0].sqr STREAM:2220}
  CREATE_STREAM @155000 {NAME:slave_seq T:Transactions SCOPE:uvm_test_top.env.s_agt[0].sqr STREAM:2222}
  CREATE_STREAM @155000 {NAME:master_seq T:Transactions SCOPE:uvm_test_top.env.m_agt[0].sqr STREAM:2217}
  CREATE_STREAM @155000 {NAME:interrupt_seq T:Transactions SCOPE:uvm_test_top.env.m_agt[0].sqr STREAM:2220}
  CREATE_STREAM @155000 {NAME:slave_seq T:Transactions SCOPE:uvm_test_top.env.s_agt[0].sqr STREAM:2222}
  CREATE_STREAM @155000 {NAME:master_seq T:Transactions SCOPE:uvm_test_top.env.m_agt[0].sqr STREAM:2217}
  CREATE_STREAM @155000 {NAME:interrupt_seq T:Transactions SCOPE:uvm_test_top.env.m_agt[0].sqr STREAM:2220}
  CREATE_STREAM @155000 {NAME:slave_seq T:Transactions SCOPE:uvm_test_top.env.s_agt[0].sqr STREAM:2222}
  CREATE_STREAM @155000 {NAME:master_seq T:Transactions SCOPE:uvm_test_top.env.m_agt[0].sqr STREAM:2217}
  CREATE_STREAM @155000 {NAME:interrupt_seq T:Transactions SCOPE:uvm_test_top.env.m_agt[0].sqr STREAM:2220}
  CREATE_STREAM @155000 {NAME:slave_seq T:Transactions SCOPE:uvm_test_top.env.s_agt[0].sqr STREAM:2222}
  CREATE_STREAM @155000 {NAME:master_seq T:Transactions SCOPE:uvm_test_top.env.m_agt[0].sqr STREAM:2217}
  CREATE_STREAM @155000 {NAME:interrupt_seq T:Transactions SCOPE:uvm_test_top.env.m_agt[0].sqr STREAM:2220}
  CREATE_STREAM @155000 {NAME:slave_seq T:Transactions SCOPE:uvm_test_top.env.s_agt[0].sqr STREAM:2222}
  CREATE_STREAM @155000 {NAME:master_seq T:Transactions SCOPE:uvm_test_top.env.m_agt[0].sqr STREAM:2217}
  CREATE_STREAM @155000 {NAME:interrupt_seq T:Transactions SCOPE:uvm_test_top.env.m_agt[0].sqr STREAM:2220}
  CREATE_STREAM @155000 {NAME:slave_seq T:Transactions SCOPE:uvm_test_top.env.s_agt[0].sqr STREAM:2222}
  CREATE_STREAM @155000 {NAME:master_seq T:Transactions SCOPE:uvm_test_top.env.m_agt[0].sqr STREAM:2217}
  CREATE_STREAM @155000 {NAME:interrupt_seq T:Transactions SCOPE:uvm_test_top.env.m_agt[0].sqr STREAM:2220}
  CREATE_STREAM @155000 {NAME:slave_seq T:Transactions SCOPE:uvm_test_top.env.s_agt[0].sqr STREAM:2222}
  CREATE_STREAM @155000 {NAME:master_seq T:Transactions SCOPE:uvm_test_top.env.m_agt[0].sqr STREAM:2217}
  CREATE_STREAM @155000 {NAME:interrupt_seq T:Transactions SCOPE:uvm_test_top.env.m_agt[0].sqr STREAM:2220}
  CREATE_STREAM @155000 {NAME:slave_seq T:Transactions SCOPE:uvm_test_top.env.s_agt[0].sqr STREAM:2222}
  CREATE_STREAM @155000 {NAME:master_seq T:Transactions SCOPE:uvm_test_top.env.m_agt[0].sqr STREAM:2217}
  CREATE_STREAM @155000 {NAME:interrupt_seq T:Transactions SCOPE:uvm_test_top.env.m_agt[0].sqr STREAM:2220}
  CREATE_STREAM @155000 {NAME:slave_seq T:Transactions SCOPE:uvm_test_top.env.s_agt[0].sqr STREAM:2222}
  CREATE_STREAM @155000 {NAME:master_seq T:Transactions SCOPE:uvm_test_top.env.m_agt[0].sqr STREAM:2217}
  CREATE_STREAM @155000 {NAME:interrupt_seq T:Transactions SCOPE:uvm_test_top.env.m_agt[0].sqr STREAM:2220}
  CREATE_STREAM @155000 {NAME:slave_seq T:Transactions SCOPE:uvm_test_top.env.s_agt[0].sqr STREAM:2222}
  CREATE_STREAM @155000 {NAME:master_seq T:Transactions SCOPE:uvm_test_top.env.m_agt[0].sqr STREAM:2217}
  CREATE_STREAM @155000 {NAME:interrupt_seq T:Transactions SCOPE:uvm_test_top.env.m_agt[0].sqr STREAM:2220}
  CREATE_STREAM @155000 {NAME:slave_seq T:Transactions SCOPE:uvm_test_top.env.s_agt[0].sqr STREAM:2222}
  CREATE_STREAM @155000 {NAME:master_seq T:Transactions SCOPE:uvm_test_top.env.m_agt[0].sqr STREAM:2217}
  CREATE_STREAM @155000 {NAME:interrupt_seq T:Transactions SCOPE:uvm_test_top.env.m_agt[0].sqr STREAM:2220}
  CREATE_STREAM @155000 {NAME:slave_seq T:Transactions SCOPE:uvm_test_top.env.s_agt[0].sqr STREAM:2222}
  CREATE_STREAM @155000 {NAME:master_seq T:Transactions SCOPE:uvm_test_top.env.m_agt[0].sqr STREAM:2217}
  CREATE_STREAM @155000 {NAME:interrupt_seq T:Transactions SCOPE:uvm_test_top.env.m_agt[0].sqr STREAM:2220}
  CREATE_STREAM @155000 {NAME:slave_seq T:Transactions SCOPE:uvm_test_top.env.s_agt[0].sqr STREAM:2222}
  CREATE_STREAM @155000 {NAME:master_seq T:Transactions SCOPE:uvm_test_top.env.m_agt[0].sqr STREAM:2217}
  CREATE_STREAM @155000 {NAME:interrupt_seq T:Transactions SCOPE:uvm_test_top.env.m_agt[0].sqr STREAM:2220}
  CREATE_STREAM @155000 {NAME:slave_seq T:Transactions SCOPE:uvm_test_top.env.s_agt[0].sqr STREAM:2222}
  CREATE_STREAM @155000 {NAME:master_seq T:Transactions SCOPE:uvm_test_top.env.m_agt[0].sqr STREAM:2217}
  CREATE_STREAM @155000 {NAME:interrupt_seq T:Transactions SCOPE:uvm_test_top.env.m_agt[0].sqr STREAM:2220}
  CREATE_STREAM @155000 {NAME:slave_seq T:Transactions SCOPE:uvm_test_top.env.s_agt[0].sqr STREAM:2222}
  CREATE_STREAM @155000 {NAME:master_seq T:Transactions SCOPE:uvm_test_top.env.m_agt[0].sqr STREAM:2217}
  CREATE_STREAM @155000 {NAME:interrupt_seq T:Transactions SCOPE:uvm_test_top.env.m_agt[0].sqr STREAM:2220}
  CREATE_STREAM @155000 {NAME:slave_seq T:Transactions SCOPE:uvm_test_top.env.s_agt[0].sqr STREAM:2222}
  CREATE_STREAM @155000 {NAME:master_seq T:Transactions SCOPE:uvm_test_top.env.m_agt[0].sqr STREAM:2217}
  CREATE_STREAM @155000 {NAME:interrupt_seq T:Transactions SCOPE:uvm_test_top.env.m_agt[0].sqr STREAM:2220}
  CREATE_STREAM @155000 {NAME:slave_seq T:Transactions SCOPE:uvm_test_top.env.s_agt[0].sqr STREAM:2222}
  CREATE_STREAM @155000 {NAME:master_seq T:Transactions SCOPE:uvm_test_top.env.m_agt[0].sqr STREAM:2217}
  CREATE_STREAM @155000 {NAME:interrupt_seq T:Transactions SCOPE:uvm_test_top.env.m_agt[0].sqr STREAM:2220}
  CREATE_STREAM @155000 {NAME:slave_seq T:Transactions SCOPE:uvm_test_top.env.s_agt[0].sqr STREAM:2222}
  CREATE_STREAM @155000 {NAME:master_seq T:Transactions SCOPE:uvm_test_top.env.m_agt[0].sqr STREAM:2217}
  CREATE_STREAM @155000 {NAME:interrupt_seq T:Transactions SCOPE:uvm_test_top.env.m_agt[0].sqr STREAM:2220}
  CREATE_STREAM @155000 {NAME:slave_seq T:Transactions SCOPE:uvm_test_top.env.s_agt[0].sqr STREAM:2222}
  CREATE_STREAM @155000 {NAME:master_seq T:Transactions SCOPE:uvm_test_top.env.m_agt[0].sqr STREAM:2217}
  CREATE_STREAM @155000 {NAME:interrupt_seq T:Transactions SCOPE:uvm_test_top.env.m_agt[0].sqr STREAM:2220}
  CREATE_STREAM @155000 {NAME:slave_seq T:Transactions SCOPE:uvm_test_top.env.s_agt[0].sqr STREAM:2222}
  CREATE_STREAM @155000 {NAME:master_seq T:Transactions SCOPE:uvm_test_top.env.m_agt[0].sqr STREAM:2217}
  CREATE_STREAM @155000 {NAME:interrupt_seq T:Transactions SCOPE:uvm_test_top.env.m_agt[0].sqr STREAM:2220}
  CREATE_STREAM @155000 {NAME:slave_seq T:Transactions SCOPE:uvm_test_top.env.s_agt[0].sqr STREAM:2222}
  CREATE_STREAM @155000 {NAME:master_seq T:Transactions SCOPE:uvm_test_top.env.m_agt[0].sqr STREAM:2217}
  CREATE_STREAM @155000 {NAME:interrupt_seq T:Transactions SCOPE:uvm_test_top.env.m_agt[0].sqr STREAM:2220}
  CREATE_STREAM @155000 {NAME:slave_seq T:Transactions SCOPE:uvm_test_top.env.s_agt[0].sqr STREAM:2222}
  CREATE_STREAM @155000 {NAME:master_seq T:Transactions SCOPE:uvm_test_top.env.m_agt[0].sqr STREAM:2217}
  CREATE_STREAM @155000 {NAME:interrupt_seq T:Transactions SCOPE:uvm_test_top.env.m_agt[0].sqr STREAM:2220}
  CREATE_STREAM @155000 {NAME:slave_seq T:Transactions SCOPE:uvm_test_top.env.s_agt[0].sqr STREAM:2222}
  CREATE_STREAM @155000 {NAME:master_seq T:Transactions SCOPE:uvm_test_top.env.m_agt[0].sqr STREAM:2217}
  CREATE_STREAM @155000 {NAME:interrupt_seq T:Transactions SCOPE:uvm_test_top.env.m_agt[0].sqr STREAM:2220}
  CREATE_STREAM @155000 {NAME:slave_seq T:Transactions SCOPE:uvm_test_top.env.s_agt[0].sqr STREAM:2222}
  CREATE_STREAM @155000 {NAME:master_seq T:Transactions SCOPE:uvm_test_top.env.m_agt[0].sqr STREAM:2217}
  CREATE_STREAM @155000 {NAME:interrupt_seq T:Transactions SCOPE:uvm_test_top.env.m_agt[0].sqr STREAM:2220}
  CREATE_STREAM @155000 {NAME:slave_seq T:Transactions SCOPE:uvm_test_top.env.s_agt[0].sqr STREAM:2222}
  CREATE_STREAM @155000 {NAME:master_seq T:Transactions SCOPE:uvm_test_top.env.m_agt[0].sqr STREAM:2217}
  CREATE_STREAM @155000 {NAME:interrupt_seq T:Transactions SCOPE:uvm_test_top.env.m_agt[0].sqr STREAM:2220}
  CREATE_STREAM @155000 {NAME:slave_seq T:Transactions SCOPE:uvm_test_top.env.s_agt[0].sqr STREAM:2222}
  CREATE_STREAM @155000 {NAME:master_seq T:Transactions SCOPE:uvm_test_top.env.m_agt[0].sqr STREAM:2217}
  CREATE_STREAM @155000 {NAME:interrupt_seq T:Transactions SCOPE:uvm_test_top.env.m_agt[0].sqr STREAM:2220}
  CREATE_STREAM @155000 {NAME:slave_seq T:Transactions SCOPE:uvm_test_top.env.s_agt[0].sqr STREAM:2222}
  CREATE_STREAM @155000 {NAME:master_seq T:Transactions SCOPE:uvm_test_top.env.m_agt[0].sqr STREAM:2217}
  CREATE_STREAM @155000 {NAME:interrupt_seq T:Transactions SCOPE:uvm_test_top.env.m_agt[0].sqr STREAM:2220}
  CREATE_STREAM @155000 {NAME:slave_seq T:Transactions SCOPE:uvm_test_top.env.s_agt[0].sqr STREAM:2222}
  CREATE_STREAM @155000 {NAME:master_seq T:Transactions SCOPE:uvm_test_top.env.m_agt[0].sqr STREAM:2217}
  CREATE_STREAM @155000 {NAME:interrupt_seq T:Transactions SCOPE:uvm_test_top.env.m_agt[0].sqr STREAM:2220}
  CREATE_STREAM @155000 {NAME:slave_seq T:Transactions SCOPE:uvm_test_top.env.s_agt[0].sqr STREAM:2222}
  CREATE_STREAM @155000 {NAME:master_seq T:Transactions SCOPE:uvm_test_top.env.m_agt[0].sqr STREAM:2217}
  CREATE_STREAM @155000 {NAME:interrupt_seq T:Transactions SCOPE:uvm_test_top.env.m_agt[0].sqr STREAM:2220}
  CREATE_STREAM @155000 {NAME:slave_seq T:Transactions SCOPE:uvm_test_top.env.s_agt[0].sqr STREAM:2222}
  CREATE_STREAM @155000 {NAME:master_seq T:Transactions SCOPE:uvm_test_top.env.m_agt[0].sqr STREAM:2217}
  CREATE_STREAM @155000 {NAME:interrupt_seq T:Transactions SCOPE:uvm_test_top.env.m_agt[0].sqr STREAM:2220}
  CREATE_STREAM @155000 {NAME:slave_seq T:Transactions SCOPE:uvm_test_top.env.s_agt[0].sqr STREAM:2222}
  CREATE_STREAM @155000 {NAME:master_seq T:Transactions SCOPE:uvm_test_top.env.m_agt[0].sqr STREAM:2217}
  CREATE_STREAM @155000 {NAME:interrupt_seq T:Transactions SCOPE:uvm_test_top.env.m_agt[0].sqr STREAM:2220}
  CREATE_STREAM @155000 {NAME:slave_seq T:Transactions SCOPE:uvm_test_top.env.s_agt[0].sqr STREAM:2222}
  CREATE_STREAM @155000 {NAME:master_seq T:Transactions SCOPE:uvm_test_top.env.m_agt[0].sqr STREAM:2217}
  CREATE_STREAM @155000 {NAME:interrupt_seq T:Transactions SCOPE:uvm_test_top.env.m_agt[0].sqr STREAM:2220}
  CREATE_STREAM @155000 {NAME:slave_seq T:Transactions SCOPE:uvm_test_top.env.s_agt[0].sqr STREAM:2222}
  CREATE_STREAM @155000 {NAME:master_seq T:Transactions SCOPE:uvm_test_top.env.m_agt[0].sqr STREAM:2217}
  CREATE_STREAM @155000 {NAME:interrupt_seq T:Transactions SCOPE:uvm_test_top.env.m_agt[0].sqr STREAM:2220}
  CREATE_STREAM @155000 {NAME:slave_seq T:Transactions SCOPE:uvm_test_top.env.s_agt[0].sqr STREAM:2222}
  CREATE_STREAM @155000 {NAME:master_seq T:Transactions SCOPE:uvm_test_top.env.m_agt[0].sqr STREAM:2217}
  CREATE_STREAM @155000 {NAME:interrupt_seq T:Transactions SCOPE:uvm_test_top.env.m_agt[0].sqr STREAM:2220}
  CREATE_STREAM @155000 {NAME:slave_seq T:Transactions SCOPE:uvm_test_top.env.s_agt[0].sqr STREAM:2222}
  CREATE_STREAM @155000 {NAME:master_seq T:Transactions SCOPE:uvm_test_top.env.m_agt[0].sqr STREAM:2217}
  CREATE_STREAM @155000 {NAME:interrupt_seq T:Transactions SCOPE:uvm_test_top.env.m_agt[0].sqr STREAM:2220}
  CREATE_STREAM @155000 {NAME:slave_seq T:Transactions SCOPE:uvm_test_top.env.s_agt[0].sqr STREAM:2222}
  CREATE_STREAM @155000 {NAME:master_seq T:Transactions SCOPE:uvm_test_top.env.m_agt[0].sqr STREAM:2217}
  CREATE_STREAM @155000 {NAME:interrupt_seq T:Transactions SCOPE:uvm_test_top.env.m_agt[0].sqr STREAM:2220}
  CREATE_STREAM @155000 {NAME:slave_seq T:Transactions SCOPE:uvm_test_top.env.s_agt[0].sqr STREAM:2222}
  CREATE_STREAM @155000 {NAME:master_seq T:Transactions SCOPE:uvm_test_top.env.m_agt[0].sqr STREAM:2217}
  CREATE_STREAM @155000 {NAME:interrupt_seq T:Transactions SCOPE:uvm_test_top.env.m_agt[0].sqr STREAM:2220}
  CREATE_STREAM @155000 {NAME:slave_seq T:Transactions SCOPE:uvm_test_top.env.s_agt[0].sqr STREAM:2222}
  CREATE_STREAM @155000 {NAME:master_seq T:Transactions SCOPE:uvm_test_top.env.m_agt[0].sqr STREAM:2217}
  CREATE_STREAM @155000 {NAME:interrupt_seq T:Transactions SCOPE:uvm_test_top.env.m_agt[0].sqr STREAM:2220}
  CREATE_STREAM @155000 {NAME:slave_seq T:Transactions SCOPE:uvm_test_top.env.s_agt[0].sqr STREAM:2222}
  CREATE_STREAM @155000 {NAME:master_seq T:Transactions SCOPE:uvm_test_top.env.m_agt[0].sqr STREAM:2217}
  CREATE_STREAM @155000 {NAME:interrupt_seq T:Transactions SCOPE:uvm_test_top.env.m_agt[0].sqr STREAM:2220}
  CREATE_STREAM @155000 {NAME:slave_seq T:Transactions SCOPE:uvm_test_top.env.s_agt[0].sqr STREAM:2222}
  CREATE_STREAM @155000 {NAME:master_seq T:Transactions SCOPE:uvm_test_top.env.m_agt[0].sqr STREAM:2217}
  CREATE_STREAM @155000 {NAME:interrupt_seq T:Transactions SCOPE:uvm_test_top.env.m_agt[0].sqr STREAM:2220}
  CREATE_STREAM @155000 {NAME:slave_seq T:Transactions SCOPE:uvm_test_top.env.s_agt[0].sqr STREAM:2222}
  CREATE_STREAM @155000 {NAME:master_seq T:Transactions SCOPE:uvm_test_top.env.m_agt[0].sqr STREAM:2217}
  CREATE_STREAM @155000 {NAME:interrupt_seq T:Transactions SCOPE:uvm_test_top.env.m_agt[0].sqr STREAM:2220}
  CREATE_STREAM @155000 {NAME:slave_seq T:Transactions SCOPE:uvm_test_top.env.s_agt[0].sqr STREAM:2222}
  CREATE_STREAM @155000 {NAME:master_seq T:Transactions SCOPE:uvm_test_top.env.m_agt[0].sqr STREAM:2217}
  CREATE_STREAM @155000 {NAME:interrupt_seq T:Transactions SCOPE:uvm_test_top.env.m_agt[0].sqr STREAM:2220}
  CREATE_STREAM @155000 {NAME:slave_seq T:Transactions SCOPE:uvm_test_top.env.s_agt[0].sqr STREAM:2222}
  CREATE_STREAM @155000 {NAME:master_seq T:Transactions SCOPE:uvm_test_top.env.m_agt[0].sqr STREAM:2217}
  CREATE_STREAM @155000 {NAME:interrupt_seq T:Transactions SCOPE:uvm_test_top.env.m_agt[0].sqr STREAM:2220}
  CREATE_STREAM @155000 {NAME:slave_seq T:Transactions SCOPE:uvm_test_top.env.s_agt[0].sqr STREAM:2222}
  CREATE_STREAM @155000 {NAME:master_seq T:Transactions SCOPE:uvm_test_top.env.m_agt[0].sqr STREAM:2217}
  CREATE_STREAM @155000 {NAME:interrupt_seq T:Transactions SCOPE:uvm_test_top.env.m_agt[0].sqr STREAM:2220}
  CREATE_STREAM @155000 {NAME:slave_seq T:Transactions SCOPE:uvm_test_top.env.s_agt[0].sqr STREAM:2222}
  CREATE_STREAM @155000 {NAME:master_seq T:Transactions SCOPE:uvm_test_top.env.m_agt[0].sqr STREAM:2217}
  CREATE_STREAM @155000 {NAME:interrupt_seq T:Transactions SCOPE:uvm_test_top.env.m_agt[0].sqr STREAM:2220}
  CREATE_STREAM @155000 {NAME:slave_seq T:Transactions SCOPE:uvm_test_top.env.s_agt[0].sqr STREAM:2222}
  CREATE_STREAM @155000 {NAME:master_seq T:Transactions SCOPE:uvm_test_top.env.m_agt[0].sqr STREAM:2217}
  CREATE_STREAM @155000 {NAME:interrupt_seq T:Transactions SCOPE:uvm_test_top.env.m_agt[0].sqr STREAM:2220}
  CREATE_STREAM @155000 {NAME:slave_seq T:Transactions SCOPE:uvm_test_top.env.s_agt[0].sqr STREAM:2222}
  CREATE_STREAM @155000 {NAME:master_seq T:Transactions SCOPE:uvm_test_top.env.m_agt[0].sqr STREAM:2217}
  CREATE_STREAM @155000 {NAME:interrupt_seq T:Transactions SCOPE:uvm_test_top.env.m_agt[0].sqr STREAM:2220}
  CREATE_STREAM @155000 {NAME:slave_seq T:Transactions SCOPE:uvm_test_top.env.s_agt[0].sqr STREAM:2222}
  CREATE_STREAM @155000 {NAME:master_seq T:Transactions SCOPE:uvm_test_top.env.m_agt[0].sqr STREAM:2217}
  CREATE_STREAM @155000 {NAME:interrupt_seq T:Transactions SCOPE:uvm_test_top.env.m_agt[0].sqr STREAM:2220}
  CREATE_STREAM @155000 {NAME:slave_seq T:Transactions SCOPE:uvm_test_top.env.s_agt[0].sqr STREAM:2222}
  CREATE_STREAM @155000 {NAME:master_seq T:Transactions SCOPE:uvm_test_top.env.m_agt[0].sqr STREAM:2217}
  CREATE_STREAM @155000 {NAME:interrupt_seq T:Transactions SCOPE:uvm_test_top.env.m_agt[0].sqr STREAM:2220}
  CREATE_STREAM @155000 {NAME:slave_seq T:Transactions SCOPE:uvm_test_top.env.s_agt[0].sqr STREAM:2222}
  CREATE_STREAM @155000 {NAME:master_seq T:Transactions SCOPE:uvm_test_top.env.m_agt[0].sqr STREAM:2217}
  CREATE_STREAM @155000 {NAME:interrupt_seq T:Transactions SCOPE:uvm_test_top.env.m_agt[0].sqr STREAM:2220}
  CREATE_STREAM @155000 {NAME:slave_seq T:Transactions SCOPE:uvm_test_top.env.s_agt[0].sqr STREAM:2222}
  CREATE_STREAM @155000 {NAME:master_seq T:Transactions SCOPE:uvm_test_top.env.m_agt[0].sqr STREAM:2217}
  CREATE_STREAM @155000 {NAME:interrupt_seq T:Transactions SCOPE:uvm_test_top.env.m_agt[0].sqr STREAM:2220}
  CREATE_STREAM @155000 {NAME:slave_seq T:Transactions SCOPE:uvm_test_top.env.s_agt[0].sqr STREAM:2222}
  CREATE_STREAM @155000 {NAME:master_seq T:Transactions SCOPE:uvm_test_top.env.m_agt[0].sqr STREAM:2217}
  CREATE_STREAM @155000 {NAME:interrupt_seq T:Transactions SCOPE:uvm_test_top.env.m_agt[0].sqr STREAM:2220}
  CREATE_STREAM @155000 {NAME:slave_seq T:Transactions SCOPE:uvm_test_top.env.s_agt[0].sqr STREAM:2222}
  CREATE_STREAM @155000 {NAME:master_seq T:Transactions SCOPE:uvm_test_top.env.m_agt[0].sqr STREAM:2217}
  CREATE_STREAM @155000 {NAME:interrupt_seq T:Transactions SCOPE:uvm_test_top.env.m_agt[0].sqr STREAM:2220}
  CREATE_STREAM @155000 {NAME:slave_seq T:Transactions SCOPE:uvm_test_top.env.s_agt[0].sqr STREAM:2222}
  CREATE_STREAM @155000 {NAME:master_seq T:Transactions SCOPE:uvm_test_top.env.m_agt[0].sqr STREAM:2217}
  CREATE_STREAM @155000 {NAME:interrupt_seq T:Transactions SCOPE:uvm_test_top.env.m_agt[0].sqr STREAM:2220}
  CREATE_STREAM @155000 {NAME:slave_seq T:Transactions SCOPE:uvm_test_top.env.s_agt[0].sqr STREAM:2222}
  CREATE_STREAM @155000 {NAME:master_seq T:Transactions SCOPE:uvm_test_top.env.m_agt[0].sqr STREAM:2217}
  CREATE_STREAM @155000 {NAME:interrupt_seq T:Transactions SCOPE:uvm_test_top.env.m_agt[0].sqr STREAM:2220}
  CREATE_STREAM @155000 {NAME:slave_seq T:Transactions SCOPE:uvm_test_top.env.s_agt[0].sqr STREAM:2222}
  CREATE_STREAM @155000 {NAME:master_seq T:Transactions SCOPE:uvm_test_top.env.m_agt[0].sqr STREAM:2217}
  CREATE_STREAM @155000 {NAME:interrupt_seq T:Transactions SCOPE:uvm_test_top.env.m_agt[0].sqr STREAM:2220}
  CREATE_STREAM @155000 {NAME:slave_seq T:Transactions SCOPE:uvm_test_top.env.s_agt[0].sqr STREAM:2222}
  CREATE_STREAM @155000 {NAME:master_seq T:Transactions SCOPE:uvm_test_top.env.m_agt[0].sqr STREAM:2217}
  CREATE_STREAM @155000 {NAME:interrupt_seq T:Transactions SCOPE:uvm_test_top.env.m_agt[0].sqr STREAM:2220}
  CREATE_STREAM @155000 {NAME:slave_seq T:Transactions SCOPE:uvm_test_top.env.s_agt[0].sqr STREAM:2222}
  CREATE_STREAM @155000 {NAME:master_seq T:Transactions SCOPE:uvm_test_top.env.m_agt[0].sqr STREAM:2217}
  CREATE_STREAM @155000 {NAME:interrupt_seq T:Transactions SCOPE:uvm_test_top.env.m_agt[0].sqr STREAM:2220}
  CREATE_STREAM @155000 {NAME:slave_seq T:Transactions SCOPE:uvm_test_top.env.s_agt[0].sqr STREAM:2222}
  CREATE_STREAM @155000 {NAME:master_seq T:Transactions SCOPE:uvm_test_top.env.m_agt[0].sqr STREAM:2217}
  CREATE_STREAM @155000 {NAME:interrupt_seq T:Transactions SCOPE:uvm_test_top.env.m_agt[0].sqr STREAM:2220}
  CREATE_STREAM @155000 {NAME:slave_seq T:Transactions SCOPE:uvm_test_top.env.s_agt[0].sqr STREAM:2222}
  CREATE_STREAM @155000 {NAME:master_seq T:Transactions SCOPE:uvm_test_top.env.m_agt[0].sqr STREAM:2217}
  CREATE_STREAM @155000 {NAME:interrupt_seq T:Transactions SCOPE:uvm_test_top.env.m_agt[0].sqr STREAM:2220}
  CREATE_STREAM @155000 {NAME:slave_seq T:Transactions SCOPE:uvm_test_top.env.s_agt[0].sqr STREAM:2222}
  CREATE_STREAM @155000 {NAME:master_seq T:Transactions SCOPE:uvm_test_top.env.m_agt[0].sqr STREAM:2217}
  CREATE_STREAM @155000 {NAME:interrupt_seq T:Transactions SCOPE:uvm_test_top.env.m_agt[0].sqr STREAM:2220}
  CREATE_STREAM @155000 {NAME:slave_seq T:Transactions SCOPE:uvm_test_top.env.s_agt[0].sqr STREAM:2222}
  CREATE_STREAM @155000 {NAME:master_seq T:Transactions SCOPE:uvm_test_top.env.m_agt[0].sqr STREAM:2217}
  CREATE_STREAM @155000 {NAME:interrupt_seq T:Transactions SCOPE:uvm_test_top.env.m_agt[0].sqr STREAM:2220}
  CREATE_STREAM @155000 {NAME:slave_seq T:Transactions SCOPE:uvm_test_top.env.s_agt[0].sqr STREAM:2222}
  CREATE_STREAM @155000 {NAME:master_seq T:Transactions SCOPE:uvm_test_top.env.m_agt[0].sqr STREAM:2217}
  CREATE_STREAM @155000 {NAME:interrupt_seq T:Transactions SCOPE:uvm_test_top.env.m_agt[0].sqr STREAM:2220}
  CREATE_STREAM @155000 {NAME:slave_seq T:Transactions SCOPE:uvm_test_top.env.s_agt[0].sqr STREAM:2222}
  CREATE_STREAM @155000 {NAME:master_seq T:Transactions SCOPE:uvm_test_top.env.m_agt[0].sqr STREAM:2217}
  CREATE_STREAM @155000 {NAME:interrupt_seq T:Transactions SCOPE:uvm_test_top.env.m_agt[0].sqr STREAM:2220}
  CREATE_STREAM @155000 {NAME:slave_seq T:Transactions SCOPE:uvm_test_top.env.s_agt[0].sqr STREAM:2222}
  CREATE_STREAM @155000 {NAME:master_seq T:Transactions SCOPE:uvm_test_top.env.m_agt[0].sqr STREAM:2217}
  CREATE_STREAM @155000 {NAME:interrupt_seq T:Transactions SCOPE:uvm_test_top.env.m_agt[0].sqr STREAM:2220}
  CREATE_STREAM @155000 {NAME:slave_seq T:Transactions SCOPE:uvm_test_top.env.s_agt[0].sqr STREAM:2222}
  CREATE_STREAM @155000 {NAME:master_seq T:Transactions SCOPE:uvm_test_top.env.m_agt[0].sqr STREAM:2173}
  CREATE_STREAM @155000 {NAME:interrupt_seq T:Transactions SCOPE:uvm_test_top.env.m_agt[0].sqr STREAM:2176}
  CREATE_STREAM @155000 {NAME:slave_seq T:Transactions SCOPE:uvm_test_top.env.s_agt[0].sqr STREAM:2178}
  CREATE_STREAM @155000 {NAME:master_seq T:Transactions SCOPE:uvm_test_top.env.m_agt[0].sqr STREAM:2173}
  CREATE_STREAM @155000 {NAME:interrupt_seq T:Transactions SCOPE:uvm_test_top.env.m_agt[0].sqr STREAM:2176}
  CREATE_STREAM @155000 {NAME:slave_seq T:Transactions SCOPE:uvm_test_top.env.s_agt[0].sqr STREAM:2178}
  CREATE_STREAM @155000 {NAME:master_seq T:Transactions SCOPE:uvm_test_top.env.m_agt[0].sqr STREAM:2173}
  CREATE_STREAM @155000 {NAME:interrupt_seq T:Transactions SCOPE:uvm_test_top.env.m_agt[0].sqr STREAM:2176}
  CREATE_STREAM @155000 {NAME:slave_seq T:Transactions SCOPE:uvm_test_top.env.s_agt[0].sqr STREAM:2178}
  CREATE_STREAM @155000 {NAME:master_seq T:Transactions SCOPE:uvm_test_top.env.m_agt[0].sqr STREAM:2173}
  CREATE_STREAM @155000 {NAME:interrupt_seq T:Transactions SCOPE:uvm_test_top.env.m_agt[0].sqr STREAM:2176}
  CREATE_STREAM @155000 {NAME:slave_seq T:Transactions SCOPE:uvm_test_top.env.s_agt[0].sqr STREAM:2178}
  CREATE_STREAM @155000 {NAME:master_seq T:Transactions SCOPE:uvm_test_top.env.m_agt[0].sqr STREAM:2173}
  CREATE_STREAM @155000 {NAME:interrupt_seq T:Transactions SCOPE:uvm_test_top.env.m_agt[0].sqr STREAM:2176}
  CREATE_STREAM @155000 {NAME:slave_seq T:Transactions SCOPE:uvm_test_top.env.s_agt[0].sqr STREAM:2178}
  CREATE_STREAM @155000 {NAME:master_seq T:Transactions SCOPE:uvm_test_top.env.m_agt[0].sqr STREAM:2173}
  CREATE_STREAM @155000 {NAME:interrupt_seq T:Transactions SCOPE:uvm_test_top.env.m_agt[0].sqr STREAM:2176}
  CREATE_STREAM @155000 {NAME:slave_seq T:Transactions SCOPE:uvm_test_top.env.s_agt[0].sqr STREAM:2178}
  CREATE_STREAM @155000 {NAME:master_seq T:Transactions SCOPE:uvm_test_top.env.m_agt[0].sqr STREAM:2173}
  CREATE_STREAM @155000 {NAME:interrupt_seq T:Transactions SCOPE:uvm_test_top.env.m_agt[0].sqr STREAM:2176}
  CREATE_STREAM @155000 {NAME:slave_seq T:Transactions SCOPE:uvm_test_top.env.s_agt[0].sqr STREAM:2178}
  CREATE_STREAM @155000 {NAME:master_seq T:Transactions SCOPE:uvm_test_top.env.m_agt[0].sqr STREAM:2173}
  CREATE_STREAM @155000 {NAME:interrupt_seq T:Transactions SCOPE:uvm_test_top.env.m_agt[0].sqr STREAM:2176}
  CREATE_STREAM @155000 {NAME:slave_seq T:Transactions SCOPE:uvm_test_top.env.s_agt[0].sqr STREAM:2178}
  CREATE_STREAM @155000 {NAME:master_seq T:Transactions SCOPE:uvm_test_top.env.m_agt[0].sqr STREAM:2173}
  CREATE_STREAM @155000 {NAME:interrupt_seq T:Transactions SCOPE:uvm_test_top.env.m_agt[0].sqr STREAM:2176}
  CREATE_STREAM @155000 {NAME:slave_seq T:Transactions SCOPE:uvm_test_top.env.s_agt[0].sqr STREAM:2178}
  CREATE_STREAM @155000 {NAME:master_seq T:Transactions SCOPE:uvm_test_top.env.m_agt[0].sqr STREAM:2173}
  CREATE_STREAM @155000 {NAME:interrupt_seq T:Transactions SCOPE:uvm_test_top.env.m_agt[0].sqr STREAM:2176}
  CREATE_STREAM @155000 {NAME:slave_seq T:Transactions SCOPE:uvm_test_top.env.s_agt[0].sqr STREAM:2178}
  CREATE_STREAM @155000 {NAME:master_seq T:Transactions SCOPE:uvm_test_top.env.m_agt[0].sqr STREAM:2173}
  CREATE_STREAM @155000 {NAME:interrupt_seq T:Transactions SCOPE:uvm_test_top.env.m_agt[0].sqr STREAM:2176}
  CREATE_STREAM @155000 {NAME:slave_seq T:Transactions SCOPE:uvm_test_top.env.s_agt[0].sqr STREAM:2178}
  CREATE_STREAM @155000 {NAME:master_seq T:Transactions SCOPE:uvm_test_top.env.m_agt[0].sqr STREAM:2173}
  CREATE_STREAM @155000 {NAME:interrupt_seq T:Transactions SCOPE:uvm_test_top.env.m_agt[0].sqr STREAM:2176}
  CREATE_STREAM @155000 {NAME:slave_seq T:Transactions SCOPE:uvm_test_top.env.s_agt[0].sqr STREAM:2178}
  CREATE_STREAM @155000 {NAME:master_seq T:Transactions SCOPE:uvm_test_top.env.m_agt[0].sqr STREAM:2173}
  CREATE_STREAM @155000 {NAME:interrupt_seq T:Transactions SCOPE:uvm_test_top.env.m_agt[0].sqr STREAM:2176}
  CREATE_STREAM @155000 {NAME:slave_seq T:Transactions SCOPE:uvm_test_top.env.s_agt[0].sqr STREAM:2178}
  CREATE_STREAM @155000 {NAME:master_seq T:Transactions SCOPE:uvm_test_top.env.m_agt[0].sqr STREAM:2173}
  CREATE_STREAM @155000 {NAME:interrupt_seq T:Transactions SCOPE:uvm_test_top.env.m_agt[0].sqr STREAM:2176}
  CREATE_STREAM @155000 {NAME:slave_seq T:Transactions SCOPE:uvm_test_top.env.s_agt[0].sqr STREAM:2178}
  CREATE_STREAM @155000 {NAME:master_seq T:Transactions SCOPE:uvm_test_top.env.m_agt[0].sqr STREAM:2173}
  CREATE_STREAM @155000 {NAME:interrupt_seq T:Transactions SCOPE:uvm_test_top.env.m_agt[0].sqr STREAM:2176}
  CREATE_STREAM @155000 {NAME:slave_seq T:Transactions SCOPE:uvm_test_top.env.s_agt[0].sqr STREAM:2178}
  CREATE_STREAM @155000 {NAME:master_seq T:Transactions SCOPE:uvm_test_top.env.m_agt[0].sqr STREAM:2173}
  CREATE_STREAM @155000 {NAME:interrupt_seq T:Transactions SCOPE:uvm_test_top.env.m_agt[0].sqr STREAM:2176}
  CREATE_STREAM @155000 {NAME:slave_seq T:Transactions SCOPE:uvm_test_top.env.s_agt[0].sqr STREAM:2178}
  CREATE_STREAM @155000 {NAME:master_seq T:Transactions SCOPE:uvm_test_top.env.m_agt[0].sqr STREAM:2173}
  CREATE_STREAM @155000 {NAME:interrupt_seq T:Transactions SCOPE:uvm_test_top.env.m_agt[0].sqr STREAM:2176}
  CREATE_STREAM @155000 {NAME:slave_seq T:Transactions SCOPE:uvm_test_top.env.s_agt[0].sqr STREAM:2178}
  CREATE_STREAM @155000 {NAME:master_seq T:Transactions SCOPE:uvm_test_top.env.m_agt[0].sqr STREAM:2173}
  CREATE_STREAM @155000 {NAME:interrupt_seq T:Transactions SCOPE:uvm_test_top.env.m_agt[0].sqr STREAM:2176}
  CREATE_STREAM @155000 {NAME:slave_seq T:Transactions SCOPE:uvm_test_top.env.s_agt[0].sqr STREAM:2178}
  CREATE_STREAM @155000 {NAME:master_seq T:Transactions SCOPE:uvm_test_top.env.m_agt[0].sqr STREAM:2173}
  CREATE_STREAM @155000 {NAME:interrupt_seq T:Transactions SCOPE:uvm_test_top.env.m_agt[0].sqr STREAM:2176}
  CREATE_STREAM @155000 {NAME:slave_seq T:Transactions SCOPE:uvm_test_top.env.s_agt[0].sqr STREAM:2178}
  CREATE_STREAM @155000 {NAME:master_seq T:Transactions SCOPE:uvm_test_top.env.m_agt[0].sqr STREAM:2173}
  CREATE_STREAM @155000 {NAME:interrupt_seq T:Transactions SCOPE:uvm_test_top.env.m_agt[0].sqr STREAM:2176}
  CREATE_STREAM @155000 {NAME:slave_seq T:Transactions SCOPE:uvm_test_top.env.s_agt[0].sqr STREAM:2178}
  CREATE_STREAM @155000 {NAME:master_seq T:Transactions SCOPE:uvm_test_top.env.m_agt[0].sqr STREAM:2173}
  CREATE_STREAM @155000 {NAME:interrupt_seq T:Transactions SCOPE:uvm_test_top.env.m_agt[0].sqr STREAM:2176}
  CREATE_STREAM @155000 {NAME:slave_seq T:Transactions SCOPE:uvm_test_top.env.s_agt[0].sqr STREAM:2178}
  CREATE_STREAM @155000 {NAME:master_seq T:Transactions SCOPE:uvm_test_top.env.m_agt[0].sqr STREAM:2173}
  CREATE_STREAM @155000 {NAME:interrupt_seq T:Transactions SCOPE:uvm_test_top.env.m_agt[0].sqr STREAM:2176}
  CREATE_STREAM @155000 {NAME:slave_seq T:Transactions SCOPE:uvm_test_top.env.s_agt[0].sqr STREAM:2178}
  CREATE_STREAM @155000 {NAME:master_seq T:Transactions SCOPE:uvm_test_top.env.m_agt[0].sqr STREAM:2173}
  CREATE_STREAM @155000 {NAME:interrupt_seq T:Transactions SCOPE:uvm_test_top.env.m_agt[0].sqr STREAM:2176}
  CREATE_STREAM @155000 {NAME:slave_seq T:Transactions SCOPE:uvm_test_top.env.s_agt[0].sqr STREAM:2178}
  CREATE_STREAM @155000 {NAME:master_seq T:Transactions SCOPE:uvm_test_top.env.m_agt[0].sqr STREAM:2173}
  CREATE_STREAM @155000 {NAME:interrupt_seq T:Transactions SCOPE:uvm_test_top.env.m_agt[0].sqr STREAM:2176}
  CREATE_STREAM @155000 {NAME:slave_seq T:Transactions SCOPE:uvm_test_top.env.s_agt[0].sqr STREAM:2178}
  CREATE_STREAM @155000 {NAME:master_seq T:Transactions SCOPE:uvm_test_top.env.m_agt[0].sqr STREAM:2173}
  CREATE_STREAM @155000 {NAME:interrupt_seq T:Transactions SCOPE:uvm_test_top.env.m_agt[0].sqr STREAM:2176}
  CREATE_STREAM @155000 {NAME:slave_seq T:Transactions SCOPE:uvm_test_top.env.s_agt[0].sqr STREAM:2178}
  CREATE_STREAM @155000 {NAME:master_seq T:Transactions SCOPE:uvm_test_top.env.m_agt[0].sqr STREAM:2173}
  CREATE_STREAM @155000 {NAME:interrupt_seq T:Transactions SCOPE:uvm_test_top.env.m_agt[0].sqr STREAM:2176}
  CREATE_STREAM @155000 {NAME:slave_seq T:Transactions SCOPE:uvm_test_top.env.s_agt[0].sqr STREAM:2178}
  CREATE_STREAM @155000 {NAME:master_seq T:Transactions SCOPE:uvm_test_top.env.m_agt[0].sqr STREAM:2173}
  CREATE_STREAM @155000 {NAME:interrupt_seq T:Transactions SCOPE:uvm_test_top.env.m_agt[0].sqr STREAM:2176}
  CREATE_STREAM @155000 {NAME:slave_seq T:Transactions SCOPE:uvm_test_top.env.s_agt[0].sqr STREAM:2178}
  CREATE_STREAM @155000 {NAME:master_seq T:Transactions SCOPE:uvm_test_top.env.m_agt[0].sqr STREAM:2173}
  CREATE_STREAM @155000 {NAME:interrupt_seq T:Transactions SCOPE:uvm_test_top.env.m_agt[0].sqr STREAM:2176}
  CREATE_STREAM @155000 {NAME:slave_seq T:Transactions SCOPE:uvm_test_top.env.s_agt[0].sqr STREAM:2178}
  CREATE_STREAM @155000 {NAME:master_seq T:Transactions SCOPE:uvm_test_top.env.m_agt[0].sqr STREAM:2173}
  CREATE_STREAM @155000 {NAME:interrupt_seq T:Transactions SCOPE:uvm_test_top.env.m_agt[0].sqr STREAM:2176}
  CREATE_STREAM @155000 {NAME:slave_seq T:Transactions SCOPE:uvm_test_top.env.s_agt[0].sqr STREAM:2178}
  CREATE_STREAM @155000 {NAME:master_seq T:Transactions SCOPE:uvm_test_top.env.m_agt[0].sqr STREAM:2173}
  CREATE_STREAM @155000 {NAME:interrupt_seq T:Transactions SCOPE:uvm_test_top.env.m_agt[0].sqr STREAM:2176}
  CREATE_STREAM @155000 {NAME:slave_seq T:Transactions SCOPE:uvm_test_top.env.s_agt[0].sqr STREAM:2178}
  CREATE_STREAM @155000 {NAME:master_seq T:Transactions SCOPE:uvm_test_top.env.m_agt[0].sqr STREAM:2173}
  CREATE_STREAM @155000 {NAME:interrupt_seq T:Transactions SCOPE:uvm_test_top.env.m_agt[0].sqr STREAM:2176}
  CREATE_STREAM @155000 {NAME:slave_seq T:Transactions SCOPE:uvm_test_top.env.s_agt[0].sqr STREAM:2178}
  CREATE_STREAM @155000 {NAME:master_seq T:Transactions SCOPE:uvm_test_top.env.m_agt[0].sqr STREAM:2173}
  CREATE_STREAM @155000 {NAME:interrupt_seq T:Transactions SCOPE:uvm_test_top.env.m_agt[0].sqr STREAM:2176}
  CREATE_STREAM @155000 {NAME:slave_seq T:Transactions SCOPE:uvm_test_top.env.s_agt[0].sqr STREAM:2178}
  CREATE_STREAM @155000 {NAME:master_seq T:Transactions SCOPE:uvm_test_top.env.m_agt[0].sqr STREAM:2173}
  CREATE_STREAM @155000 {NAME:interrupt_seq T:Transactions SCOPE:uvm_test_top.env.m_agt[0].sqr STREAM:2176}
  CREATE_STREAM @155000 {NAME:slave_seq T:Transactions SCOPE:uvm_test_top.env.s_agt[0].sqr STREAM:2178}
  CREATE_STREAM @155000 {NAME:master_seq T:Transactions SCOPE:uvm_test_top.env.m_agt[0].sqr STREAM:2173}
  CREATE_STREAM @155000 {NAME:interrupt_seq T:Transactions SCOPE:uvm_test_top.env.m_agt[0].sqr STREAM:2176}
  CREATE_STREAM @155000 {NAME:slave_seq T:Transactions SCOPE:uvm_test_top.env.s_agt[0].sqr STREAM:2178}
  CREATE_STREAM @155000 {NAME:master_seq T:Transactions SCOPE:uvm_test_top.env.m_agt[0].sqr STREAM:2173}
  CREATE_STREAM @155000 {NAME:interrupt_seq T:Transactions SCOPE:uvm_test_top.env.m_agt[0].sqr STREAM:2176}
  CREATE_STREAM @155000 {NAME:slave_seq T:Transactions SCOPE:uvm_test_top.env.s_agt[0].sqr STREAM:2178}
  CREATE_STREAM @155000 {NAME:master_seq T:Transactions SCOPE:uvm_test_top.env.m_agt[0].sqr STREAM:2173}
  CREATE_STREAM @155000 {NAME:interrupt_seq T:Transactions SCOPE:uvm_test_top.env.m_agt[0].sqr STREAM:2176}
  CREATE_STREAM @155000 {NAME:slave_seq T:Transactions SCOPE:uvm_test_top.env.s_agt[0].sqr STREAM:2178}
  CREATE_STREAM @155000 {NAME:master_seq T:Transactions SCOPE:uvm_test_top.env.m_agt[0].sqr STREAM:2173}
  CREATE_STREAM @155000 {NAME:interrupt_seq T:Transactions SCOPE:uvm_test_top.env.m_agt[0].sqr STREAM:2176}
  CREATE_STREAM @155000 {NAME:slave_seq T:Transactions SCOPE:uvm_test_top.env.s_agt[0].sqr STREAM:2178}
  CREATE_STREAM @155000 {NAME:master_seq T:Transactions SCOPE:uvm_test_top.env.m_agt[0].sqr STREAM:2173}
  CREATE_STREAM @155000 {NAME:interrupt_seq T:Transactions SCOPE:uvm_test_top.env.m_agt[0].sqr STREAM:2176}
  CREATE_STREAM @155000 {NAME:slave_seq T:Transactions SCOPE:uvm_test_top.env.s_agt[0].sqr STREAM:2178}
  CREATE_STREAM @155000 {NAME:master_seq T:Transactions SCOPE:uvm_test_top.env.m_agt[0].sqr STREAM:2173}
  CREATE_STREAM @155000 {NAME:interrupt_seq T:Transactions SCOPE:uvm_test_top.env.m_agt[0].sqr STREAM:2176}
  CREATE_STREAM @155000 {NAME:slave_seq T:Transactions SCOPE:uvm_test_top.env.s_agt[0].sqr STREAM:2178}
  CREATE_STREAM @155000 {NAME:master_seq T:Transactions SCOPE:uvm_test_top.env.m_agt[0].sqr STREAM:2173}
  CREATE_STREAM @155000 {NAME:interrupt_seq T:Transactions SCOPE:uvm_test_top.env.m_agt[0].sqr STREAM:2176}
  CREATE_STREAM @155000 {NAME:slave_seq T:Transactions SCOPE:uvm_test_top.env.s_agt[0].sqr STREAM:2178}
  CREATE_STREAM @155000 {NAME:master_seq T:Transactions SCOPE:uvm_test_top.env.m_agt[0].sqr STREAM:2173}
  CREATE_STREAM @155000 {NAME:interrupt_seq T:Transactions SCOPE:uvm_test_top.env.m_agt[0].sqr STREAM:2176}
  CREATE_STREAM @155000 {NAME:slave_seq T:Transactions SCOPE:uvm_test_top.env.s_agt[0].sqr STREAM:2178}
  CREATE_STREAM @155000 {NAME:master_seq T:Transactions SCOPE:uvm_test_top.env.m_agt[0].sqr STREAM:2173}
  CREATE_STREAM @155000 {NAME:interrupt_seq T:Transactions SCOPE:uvm_test_top.env.m_agt[0].sqr STREAM:2176}
  CREATE_STREAM @155000 {NAME:slave_seq T:Transactions SCOPE:uvm_test_top.env.s_agt[0].sqr STREAM:2178}
  CREATE_STREAM @155000 {NAME:master_seq T:Transactions SCOPE:uvm_test_top.env.m_agt[0].sqr STREAM:2173}
  CREATE_STREAM @155000 {NAME:interrupt_seq T:Transactions SCOPE:uvm_test_top.env.m_agt[0].sqr STREAM:2176}
  CREATE_STREAM @155000 {NAME:slave_seq T:Transactions SCOPE:uvm_test_top.env.s_agt[0].sqr STREAM:2178}
  CREATE_STREAM @155000 {NAME:master_seq T:Transactions SCOPE:uvm_test_top.env.m_agt[0].sqr STREAM:2173}
  CREATE_STREAM @155000 {NAME:interrupt_seq T:Transactions SCOPE:uvm_test_top.env.m_agt[0].sqr STREAM:2176}
  CREATE_STREAM @155000 {NAME:slave_seq T:Transactions SCOPE:uvm_test_top.env.s_agt[0].sqr STREAM:2178}
  CREATE_STREAM @155000 {NAME:master_seq T:Transactions SCOPE:uvm_test_top.env.m_agt[0].sqr STREAM:2173}
  CREATE_STREAM @155000 {NAME:interrupt_seq T:Transactions SCOPE:uvm_test_top.env.m_agt[0].sqr STREAM:2176}
  CREATE_STREAM @155000 {NAME:slave_seq T:Transactions SCOPE:uvm_test_top.env.s_agt[0].sqr STREAM:2178}
  CREATE_STREAM @155000 {NAME:master_seq T:Transactions SCOPE:uvm_test_top.env.m_agt[0].sqr STREAM:2173}
  CREATE_STREAM @155000 {NAME:interrupt_seq T:Transactions SCOPE:uvm_test_top.env.m_agt[0].sqr STREAM:2176}
  CREATE_STREAM @155000 {NAME:slave_seq T:Transactions SCOPE:uvm_test_top.env.s_agt[0].sqr STREAM:2178}
  CREATE_STREAM @155000 {NAME:master_seq T:Transactions SCOPE:uvm_test_top.env.m_agt[0].sqr STREAM:2173}
  CREATE_STREAM @155000 {NAME:interrupt_seq T:Transactions SCOPE:uvm_test_top.env.m_agt[0].sqr STREAM:2176}
  CREATE_STREAM @155000 {NAME:slave_seq T:Transactions SCOPE:uvm_test_top.env.s_agt[0].sqr STREAM:2178}
  CREATE_STREAM @155000 {NAME:master_seq T:Transactions SCOPE:uvm_test_top.env.m_agt[0].sqr STREAM:2173}
  CREATE_STREAM @155000 {NAME:interrupt_seq T:Transactions SCOPE:uvm_test_top.env.m_agt[0].sqr STREAM:2176}
  CREATE_STREAM @155000 {NAME:slave_seq T:Transactions SCOPE:uvm_test_top.env.s_agt[0].sqr STREAM:2178}
  CREATE_STREAM @155000 {NAME:master_seq T:Transactions SCOPE:uvm_test_top.env.m_agt[0].sqr STREAM:2173}
  CREATE_STREAM @155000 {NAME:interrupt_seq T:Transactions SCOPE:uvm_test_top.env.m_agt[0].sqr STREAM:2176}
  CREATE_STREAM @155000 {NAME:slave_seq T:Transactions SCOPE:uvm_test_top.env.s_agt[0].sqr STREAM:2178}
  CREATE_STREAM @155000 {NAME:master_seq T:Transactions SCOPE:uvm_test_top.env.m_agt[0].sqr STREAM:2173}
  CREATE_STREAM @155000 {NAME:interrupt_seq T:Transactions SCOPE:uvm_test_top.env.m_agt[0].sqr STREAM:2176}
  CREATE_STREAM @155000 {NAME:slave_seq T:Transactions SCOPE:uvm_test_top.env.s_agt[0].sqr STREAM:2178}
  CREATE_STREAM @155000 {NAME:master_seq T:Transactions SCOPE:uvm_test_top.env.m_agt[0].sqr STREAM:2173}
  CREATE_STREAM @155000 {NAME:interrupt_seq T:Transactions SCOPE:uvm_test_top.env.m_agt[0].sqr STREAM:2176}
  CREATE_STREAM @155000 {NAME:slave_seq T:Transactions SCOPE:uvm_test_top.env.s_agt[0].sqr STREAM:2178}
  CREATE_STREAM @155000 {NAME:master_seq T:Transactions SCOPE:uvm_test_top.env.m_agt[0].sqr STREAM:2173}
  CREATE_STREAM @155000 {NAME:interrupt_seq T:Transactions SCOPE:uvm_test_top.env.m_agt[0].sqr STREAM:2176}
  CREATE_STREAM @155000 {NAME:slave_seq T:Transactions SCOPE:uvm_test_top.env.s_agt[0].sqr STREAM:2178}
  CREATE_STREAM @155000 {NAME:master_seq T:Transactions SCOPE:uvm_test_top.env.m_agt[0].sqr STREAM:2173}
  CREATE_STREAM @155000 {NAME:interrupt_seq T:Transactions SCOPE:uvm_test_top.env.m_agt[0].sqr STREAM:2176}
  CREATE_STREAM @155000 {NAME:slave_seq T:Transactions SCOPE:uvm_test_top.env.s_agt[0].sqr STREAM:2178}
  CREATE_STREAM @155000 {NAME:master_seq T:Transactions SCOPE:uvm_test_top.env.m_agt[0].sqr STREAM:2173}
  CREATE_STREAM @155000 {NAME:interrupt_seq T:Transactions SCOPE:uvm_test_top.env.m_agt[0].sqr STREAM:2176}
  CREATE_STREAM @155000 {NAME:slave_seq T:Transactions SCOPE:uvm_test_top.env.s_agt[0].sqr STREAM:2178}
  CREATE_STREAM @155000 {NAME:master_seq T:Transactions SCOPE:uvm_test_top.env.m_agt[0].sqr STREAM:2173}
  CREATE_STREAM @155000 {NAME:interrupt_seq T:Transactions SCOPE:uvm_test_top.env.m_agt[0].sqr STREAM:2176}
  CREATE_STREAM @155000 {NAME:slave_seq T:Transactions SCOPE:uvm_test_top.env.s_agt[0].sqr STREAM:2178}
  CREATE_STREAM @155000 {NAME:master_seq T:Transactions SCOPE:uvm_test_top.env.m_agt[0].sqr STREAM:2173}
  CREATE_STREAM @155000 {NAME:interrupt_seq T:Transactions SCOPE:uvm_test_top.env.m_agt[0].sqr STREAM:2176}
  CREATE_STREAM @155000 {NAME:slave_seq T:Transactions SCOPE:uvm_test_top.env.s_agt[0].sqr STREAM:2178}
  CREATE_STREAM @155000 {NAME:master_seq T:Transactions SCOPE:uvm_test_top.env.m_agt[0].sqr STREAM:2173}
  CREATE_STREAM @155000 {NAME:interrupt_seq T:Transactions SCOPE:uvm_test_top.env.m_agt[0].sqr STREAM:2176}
  CREATE_STREAM @155000 {NAME:slave_seq T:Transactions SCOPE:uvm_test_top.env.s_agt[0].sqr STREAM:2178}
  CREATE_STREAM @155000 {NAME:master_seq T:Transactions SCOPE:uvm_test_top.env.m_agt[0].sqr STREAM:2173}
  CREATE_STREAM @155000 {NAME:interrupt_seq T:Transactions SCOPE:uvm_test_top.env.m_agt[0].sqr STREAM:2176}
  CREATE_STREAM @155000 {NAME:slave_seq T:Transactions SCOPE:uvm_test_top.env.s_agt[0].sqr STREAM:2178}
  CREATE_STREAM @155000 {NAME:master_seq T:Transactions SCOPE:uvm_test_top.env.m_agt[0].sqr STREAM:2173}
  CREATE_STREAM @155000 {NAME:interrupt_seq T:Transactions SCOPE:uvm_test_top.env.m_agt[0].sqr STREAM:2176}
  CREATE_STREAM @155000 {NAME:slave_seq T:Transactions SCOPE:uvm_test_top.env.s_agt[0].sqr STREAM:2178}
  CREATE_STREAM @155000 {NAME:master_seq T:Transactions SCOPE:uvm_test_top.env.m_agt[0].sqr STREAM:2173}
  CREATE_STREAM @155000 {NAME:interrupt_seq T:Transactions SCOPE:uvm_test_top.env.m_agt[0].sqr STREAM:2176}
  CREATE_STREAM @155000 {NAME:slave_seq T:Transactions SCOPE:uvm_test_top.env.s_agt[0].sqr STREAM:2178}
  CREATE_STREAM @155000 {NAME:master_seq T:Transactions SCOPE:uvm_test_top.env.m_agt[0].sqr STREAM:2173}
  CREATE_STREAM @155000 {NAME:interrupt_seq T:Transactions SCOPE:uvm_test_top.env.m_agt[0].sqr STREAM:2176}
  CREATE_STREAM @155000 {NAME:slave_seq T:Transactions SCOPE:uvm_test_top.env.s_agt[0].sqr STREAM:2178}
  CREATE_STREAM @155000 {NAME:master_seq T:Transactions SCOPE:uvm_test_top.env.m_agt[0].sqr STREAM:2173}
  CREATE_STREAM @155000 {NAME:interrupt_seq T:Transactions SCOPE:uvm_test_top.env.m_agt[0].sqr STREAM:2176}
  CREATE_STREAM @155000 {NAME:slave_seq T:Transactions SCOPE:uvm_test_top.env.s_agt[0].sqr STREAM:2178}
  CREATE_STREAM @155000 {NAME:master_seq T:Transactions SCOPE:uvm_test_top.env.m_agt[0].sqr STREAM:2173}
  CREATE_STREAM @155000 {NAME:interrupt_seq T:Transactions SCOPE:uvm_test_top.env.m_agt[0].sqr STREAM:2176}
  CREATE_STREAM @155000 {NAME:slave_seq T:Transactions SCOPE:uvm_test_top.env.s_agt[0].sqr STREAM:2178}
  CREATE_STREAM @155000 {NAME:master_seq T:Transactions SCOPE:uvm_test_top.env.m_agt[0].sqr STREAM:2173}
  CREATE_STREAM @155000 {NAME:interrupt_seq T:Transactions SCOPE:uvm_test_top.env.m_agt[0].sqr STREAM:2176}
  CREATE_STREAM @155000 {NAME:slave_seq T:Transactions SCOPE:uvm_test_top.env.s_agt[0].sqr STREAM:2178}
  CREATE_STREAM @155000 {NAME:master_seq T:Transactions SCOPE:uvm_test_top.env.m_agt[0].sqr STREAM:2173}
  CREATE_STREAM @155000 {NAME:interrupt_seq T:Transactions SCOPE:uvm_test_top.env.m_agt[0].sqr STREAM:2176}
  CREATE_STREAM @155000 {NAME:slave_seq T:Transactions SCOPE:uvm_test_top.env.s_agt[0].sqr STREAM:2178}
  CREATE_STREAM @155000 {NAME:master_seq T:Transactions SCOPE:uvm_test_top.env.m_agt[0].sqr STREAM:2173}
  CREATE_STREAM @155000 {NAME:interrupt_seq T:Transactions SCOPE:uvm_test_top.env.m_agt[0].sqr STREAM:2176}
  CREATE_STREAM @155000 {NAME:slave_seq T:Transactions SCOPE:uvm_test_top.env.s_agt[0].sqr STREAM:2178}
  CREATE_STREAM @155000 {NAME:master_seq T:Transactions SCOPE:uvm_test_top.env.m_agt[0].sqr STREAM:2173}
  CREATE_STREAM @155000 {NAME:interrupt_seq T:Transactions SCOPE:uvm_test_top.env.m_agt[0].sqr STREAM:2176}
  CREATE_STREAM @155000 {NAME:slave_seq T:Transactions SCOPE:uvm_test_top.env.s_agt[0].sqr STREAM:2178}
  CREATE_STREAM @155000 {NAME:master_seq T:Transactions SCOPE:uvm_test_top.env.m_agt[0].sqr STREAM:2173}
  CREATE_STREAM @155000 {NAME:interrupt_seq T:Transactions SCOPE:uvm_test_top.env.m_agt[0].sqr STREAM:2176}
  CREATE_STREAM @155000 {NAME:slave_seq T:Transactions SCOPE:uvm_test_top.env.s_agt[0].sqr STREAM:2178}
  CREATE_STREAM @155000 {NAME:master_seq T:Transactions SCOPE:uvm_test_top.env.m_agt[0].sqr STREAM:2173}
  CREATE_STREAM @155000 {NAME:interrupt_seq T:Transactions SCOPE:uvm_test_top.env.m_agt[0].sqr STREAM:2176}
  CREATE_STREAM @155000 {NAME:slave_seq T:Transactions SCOPE:uvm_test_top.env.s_agt[0].sqr STREAM:2178}
  CREATE_STREAM @155000 {NAME:master_seq T:Transactions SCOPE:uvm_test_top.env.m_agt[0].sqr STREAM:2173}
  CREATE_STREAM @155000 {NAME:interrupt_seq T:Transactions SCOPE:uvm_test_top.env.m_agt[0].sqr STREAM:2176}
  CREATE_STREAM @155000 {NAME:slave_seq T:Transactions SCOPE:uvm_test_top.env.s_agt[0].sqr STREAM:2178}
  CREATE_STREAM @155000 {NAME:master_seq T:Transactions SCOPE:uvm_test_top.env.m_agt[0].sqr STREAM:2173}
  CREATE_STREAM @155000 {NAME:interrupt_seq T:Transactions SCOPE:uvm_test_top.env.m_agt[0].sqr STREAM:2176}
  CREATE_STREAM @155000 {NAME:slave_seq T:Transactions SCOPE:uvm_test_top.env.s_agt[0].sqr STREAM:2178}
  CREATE_STREAM @155000 {NAME:master_seq T:Transactions SCOPE:uvm_test_top.env.m_agt[0].sqr STREAM:2173}
  CREATE_STREAM @155000 {NAME:interrupt_seq T:Transactions SCOPE:uvm_test_top.env.m_agt[0].sqr STREAM:2176}
  CREATE_STREAM @155000 {NAME:slave_seq T:Transactions SCOPE:uvm_test_top.env.s_agt[0].sqr STREAM:2178}
  CREATE_STREAM @155000 {NAME:master_seq T:Transactions SCOPE:uvm_test_top.env.m_agt[0].sqr STREAM:2173}
  CREATE_STREAM @155000 {NAME:interrupt_seq T:Transactions SCOPE:uvm_test_top.env.m_agt[0].sqr STREAM:2176}
  CREATE_STREAM @155000 {NAME:slave_seq T:Transactions SCOPE:uvm_test_top.env.s_agt[0].sqr STREAM:2178}
  CREATE_STREAM @155000 {NAME:master_seq T:Transactions SCOPE:uvm_test_top.env.m_agt[0].sqr STREAM:2173}
  CREATE_STREAM @155000 {NAME:interrupt_seq T:Transactions SCOPE:uvm_test_top.env.m_agt[0].sqr STREAM:2176}
  CREATE_STREAM @155000 {NAME:slave_seq T:Transactions SCOPE:uvm_test_top.env.s_agt[0].sqr STREAM:2178}
  CREATE_STREAM @155000 {NAME:master_seq T:Transactions SCOPE:uvm_test_top.env.m_agt[0].sqr STREAM:2173}
  CREATE_STREAM @155000 {NAME:interrupt_seq T:Transactions SCOPE:uvm_test_top.env.m_agt[0].sqr STREAM:2176}
  CREATE_STREAM @155000 {NAME:slave_seq T:Transactions SCOPE:uvm_test_top.env.s_agt[0].sqr STREAM:2178}
  CREATE_STREAM @155000 {NAME:master_seq T:Transactions SCOPE:uvm_test_top.env.m_agt[0].sqr STREAM:2173}
  CREATE_STREAM @155000 {NAME:interrupt_seq T:Transactions SCOPE:uvm_test_top.env.m_agt[0].sqr STREAM:2176}
  CREATE_STREAM @155000 {NAME:slave_seq T:Transactions SCOPE:uvm_test_top.env.s_agt[0].sqr STREAM:2178}
  CREATE_STREAM @155000 {NAME:master_seq T:Transactions SCOPE:uvm_test_top.env.m_agt[0].sqr STREAM:2173}
  CREATE_STREAM @155000 {NAME:interrupt_seq T:Transactions SCOPE:uvm_test_top.env.m_agt[0].sqr STREAM:2176}
  CREATE_STREAM @155000 {NAME:slave_seq T:Transactions SCOPE:uvm_test_top.env.s_agt[0].sqr STREAM:2178}
  CREATE_STREAM @155000 {NAME:master_seq T:Transactions SCOPE:uvm_test_top.env.m_agt[0].sqr STREAM:2173}
  CREATE_STREAM @155000 {NAME:interrupt_seq T:Transactions SCOPE:uvm_test_top.env.m_agt[0].sqr STREAM:2176}
  CREATE_STREAM @155000 {NAME:slave_seq T:Transactions SCOPE:uvm_test_top.env.s_agt[0].sqr STREAM:2178}
  CREATE_STREAM @155000 {NAME:master_seq T:Transactions SCOPE:uvm_test_top.env.m_agt[0].sqr STREAM:2173}
  CREATE_STREAM @155000 {NAME:interrupt_seq T:Transactions SCOPE:uvm_test_top.env.m_agt[0].sqr STREAM:2176}
  CREATE_STREAM @155000 {NAME:slave_seq T:Transactions SCOPE:uvm_test_top.env.s_agt[0].sqr STREAM:2178}
  CREATE_STREAM @155000 {NAME:master_seq T:Transactions SCOPE:uvm_test_top.env.m_agt[0].sqr STREAM:2173}
  CREATE_STREAM @155000 {NAME:interrupt_seq T:Transactions SCOPE:uvm_test_top.env.m_agt[0].sqr STREAM:2176}
  CREATE_STREAM @155000 {NAME:slave_seq T:Transactions SCOPE:uvm_test_top.env.s_agt[0].sqr STREAM:2178}
  CREATE_STREAM @155000 {NAME:master_seq T:Transactions SCOPE:uvm_test_top.env.m_agt[0].sqr STREAM:2173}
  CREATE_STREAM @155000 {NAME:interrupt_seq T:Transactions SCOPE:uvm_test_top.env.m_agt[0].sqr STREAM:2176}
  CREATE_STREAM @155000 {NAME:slave_seq T:Transactions SCOPE:uvm_test_top.env.s_agt[0].sqr STREAM:2178}
  CREATE_STREAM @155000 {NAME:master_seq T:Transactions SCOPE:uvm_test_top.env.m_agt[0].sqr STREAM:2173}
  CREATE_STREAM @155000 {NAME:interrupt_seq T:Transactions SCOPE:uvm_test_top.env.m_agt[0].sqr STREAM:2176}
  CREATE_STREAM @155000 {NAME:slave_seq T:Transactions SCOPE:uvm_test_top.env.s_agt[0].sqr STREAM:2178}
  CREATE_STREAM @155000 {NAME:master_seq T:Transactions SCOPE:uvm_test_top.env.m_agt[0].sqr STREAM:2173}
  CREATE_STREAM @155000 {NAME:interrupt_seq T:Transactions SCOPE:uvm_test_top.env.m_agt[0].sqr STREAM:2176}
  CREATE_STREAM @155000 {NAME:slave_seq T:Transactions SCOPE:uvm_test_top.env.s_agt[0].sqr STREAM:2178}
  CREATE_STREAM @155000 {NAME:master_seq T:Transactions SCOPE:uvm_test_top.env.m_agt[0].sqr STREAM:2173}
  CREATE_STREAM @155000 {NAME:interrupt_seq T:Transactions SCOPE:uvm_test_top.env.m_agt[0].sqr STREAM:2176}
  CREATE_STREAM @155000 {NAME:slave_seq T:Transactions SCOPE:uvm_test_top.env.s_agt[0].sqr STREAM:2178}
  CREATE_STREAM @155000 {NAME:master_seq T:Transactions SCOPE:uvm_test_top.env.m_agt[0].sqr STREAM:2173}
  CREATE_STREAM @155000 {NAME:interrupt_seq T:Transactions SCOPE:uvm_test_top.env.m_agt[0].sqr STREAM:2176}
  CREATE_STREAM @155000 {NAME:slave_seq T:Transactions SCOPE:uvm_test_top.env.s_agt[0].sqr STREAM:2178}
  CREATE_STREAM @155000 {NAME:master_seq T:Transactions SCOPE:uvm_test_top.env.m_agt[0].sqr STREAM:2173}
  CREATE_STREAM @155000 {NAME:interrupt_seq T:Transactions SCOPE:uvm_test_top.env.m_agt[0].sqr STREAM:2176}
  CREATE_STREAM @155000 {NAME:slave_seq T:Transactions SCOPE:uvm_test_top.env.s_agt[0].sqr STREAM:2178}
  CREATE_STREAM @155000 {NAME:master_seq T:Transactions SCOPE:uvm_test_top.env.m_agt[0].sqr STREAM:2173}
  CREATE_STREAM @155000 {NAME:interrupt_seq T:Transactions SCOPE:uvm_test_top.env.m_agt[0].sqr STREAM:2176}
  CREATE_STREAM @155000 {NAME:slave_seq T:Transactions SCOPE:uvm_test_top.env.s_agt[0].sqr STREAM:2178}
  CREATE_STREAM @155000 {NAME:master_seq T:Transactions SCOPE:uvm_test_top.env.m_agt[0].sqr STREAM:2173}
  CREATE_STREAM @155000 {NAME:interrupt_seq T:Transactions SCOPE:uvm_test_top.env.m_agt[0].sqr STREAM:2176}
  CREATE_STREAM @155000 {NAME:slave_seq T:Transactions SCOPE:uvm_test_top.env.s_agt[0].sqr STREAM:2178}
  CREATE_STREAM @155000 {NAME:master_seq T:Transactions SCOPE:uvm_test_top.env.m_agt[0].sqr STREAM:2173}
  CREATE_STREAM @155000 {NAME:interrupt_seq T:Transactions SCOPE:uvm_test_top.env.m_agt[0].sqr STREAM:2176}
  CREATE_STREAM @155000 {NAME:slave_seq T:Transactions SCOPE:uvm_test_top.env.s_agt[0].sqr STREAM:2178}
  CREATE_STREAM @155000 {NAME:master_seq T:Transactions SCOPE:uvm_test_top.env.m_agt[0].sqr STREAM:2173}
  CREATE_STREAM @155000 {NAME:interrupt_seq T:Transactions SCOPE:uvm_test_top.env.m_agt[0].sqr STREAM:2176}
  CREATE_STREAM @155000 {NAME:slave_seq T:Transactions SCOPE:uvm_test_top.env.s_agt[0].sqr STREAM:2178}
  CREATE_STREAM @155000 {NAME:master_seq T:Transactions SCOPE:uvm_test_top.env.m_agt[0].sqr STREAM:2173}
  CREATE_STREAM @155000 {NAME:interrupt_seq T:Transactions SCOPE:uvm_test_top.env.m_agt[0].sqr STREAM:2176}
  CREATE_STREAM @155000 {NAME:slave_seq T:Transactions SCOPE:uvm_test_top.env.s_agt[0].sqr STREAM:2178}
  CREATE_STREAM @155000 {NAME:master_seq T:Transactions SCOPE:uvm_test_top.env.m_agt[0].sqr STREAM:2173}
  CREATE_STREAM @155000 {NAME:interrupt_seq T:Transactions SCOPE:uvm_test_top.env.m_agt[0].sqr STREAM:2176}
  CREATE_STREAM @155000 {NAME:slave_seq T:Transactions SCOPE:uvm_test_top.env.s_agt[0].sqr STREAM:2178}
  CREATE_STREAM @155000 {NAME:master_seq T:Transactions SCOPE:uvm_test_top.env.m_agt[0].sqr STREAM:2173}
  CREATE_STREAM @155000 {NAME:interrupt_seq T:Transactions SCOPE:uvm_test_top.env.m_agt[0].sqr STREAM:2176}
  CREATE_STREAM @155000 {NAME:slave_seq T:Transactions SCOPE:uvm_test_top.env.s_agt[0].sqr STREAM:2178}
  CREATE_STREAM @155000 {NAME:master_seq T:Transactions SCOPE:uvm_test_top.env.m_agt[0].sqr STREAM:2173}
  CREATE_STREAM @155000 {NAME:interrupt_seq T:Transactions SCOPE:uvm_test_top.env.m_agt[0].sqr STREAM:2176}
  CREATE_STREAM @155000 {NAME:slave_seq T:Transactions SCOPE:uvm_test_top.env.s_agt[0].sqr STREAM:2178}
  CREATE_STREAM @155000 {NAME:master_seq T:Transactions SCOPE:uvm_test_top.env.m_agt[0].sqr STREAM:2173}
  CREATE_STREAM @155000 {NAME:interrupt_seq T:Transactions SCOPE:uvm_test_top.env.m_agt[0].sqr STREAM:2176}
  CREATE_STREAM @155000 {NAME:slave_seq T:Transactions SCOPE:uvm_test_top.env.s_agt[0].sqr STREAM:2178}
  CREATE_STREAM @155000 {NAME:master_seq T:Transactions SCOPE:uvm_test_top.env.m_agt[0].sqr STREAM:2173}
  CREATE_STREAM @155000 {NAME:interrupt_seq T:Transactions SCOPE:uvm_test_top.env.m_agt[0].sqr STREAM:2176}
  CREATE_STREAM @155000 {NAME:slave_seq T:Transactions SCOPE:uvm_test_top.env.s_agt[0].sqr STREAM:2178}
  CREATE_STREAM @155000 {NAME:master_seq T:Transactions SCOPE:uvm_test_top.env.m_agt[0].sqr STREAM:2173}
  CREATE_STREAM @155000 {NAME:interrupt_seq T:Transactions SCOPE:uvm_test_top.env.m_agt[0].sqr STREAM:2176}
  CREATE_STREAM @155000 {NAME:slave_seq T:Transactions SCOPE:uvm_test_top.env.s_agt[0].sqr STREAM:2178}
  CREATE_STREAM @155000 {NAME:master_seq T:Transactions SCOPE:uvm_test_top.env.m_agt[0].sqr STREAM:2173}
  CREATE_STREAM @155000 {NAME:interrupt_seq T:Transactions SCOPE:uvm_test_top.env.m_agt[0].sqr STREAM:2176}
  CREATE_STREAM @155000 {NAME:slave_seq T:Transactions SCOPE:uvm_test_top.env.s_agt[0].sqr STREAM:2178}
  CREATE_STREAM @155000 {NAME:master_seq T:Transactions SCOPE:uvm_test_top.env.m_agt[0].sqr STREAM:2173}
  CREATE_STREAM @155000 {NAME:interrupt_seq T:Transactions SCOPE:uvm_test_top.env.m_agt[0].sqr STREAM:2176}
  CREATE_STREAM @155000 {NAME:slave_seq T:Transactions SCOPE:uvm_test_top.env.s_agt[0].sqr STREAM:2178}
  CREATE_STREAM @155000 {NAME:master_seq T:Transactions SCOPE:uvm_test_top.env.m_agt[0].sqr STREAM:2173}
  CREATE_STREAM @155000 {NAME:slave_seq T:Transactions SCOPE:uvm_test_top.env.s_agt[0].sqr STREAM:2176}
  CREATE_STREAM @155000 {NAME:master_seq T:Transactions SCOPE:uvm_test_top.env.m_agt[0].sqr STREAM:2173}
  CREATE_STREAM @155000 {NAME:slave_seq T:Transactions SCOPE:uvm_test_top.env.s_agt[0].sqr STREAM:2176}
  CREATE_STREAM @155000 {NAME:master_seq T:Transactions SCOPE:uvm_test_top.env.m_agt[0].sqr STREAM:2173}
  CREATE_STREAM @155000 {NAME:slave_seq T:Transactions SCOPE:uvm_test_top.env.s_agt[0].sqr STREAM:2176}
  CREATE_STREAM @155000 {NAME:master_seq T:Transactions SCOPE:uvm_test_top.env.m_agt[0].sqr STREAM:2173}
  CREATE_STREAM @155000 {NAME:slave_seq T:Transactions SCOPE:uvm_test_top.env.s_agt[0].sqr STREAM:2176}
  CREATE_STREAM @155000 {NAME:master_seq T:Transactions SCOPE:uvm_test_top.env.m_agt[0].sqr STREAM:2173}
  CREATE_STREAM @155000 {NAME:slave_seq T:Transactions SCOPE:uvm_test_top.env.s_agt[0].sqr STREAM:2176}
  CREATE_STREAM @155000 {NAME:master_seq T:Transactions SCOPE:uvm_test_top.env.m_agt[0].sqr STREAM:2173}
  CREATE_STREAM @155000 {NAME:slave_seq T:Transactions SCOPE:uvm_test_top.env.s_agt[0].sqr STREAM:2176}
  CREATE_STREAM @155000 {NAME:master_seq T:Transactions SCOPE:uvm_test_top.env.m_agt[0].sqr STREAM:2173}
  CREATE_STREAM @155000 {NAME:slave_seq T:Transactions SCOPE:uvm_test_top.env.s_agt[0].sqr STREAM:2176}
  CREATE_STREAM @155000 {NAME:master_seq T:Transactions SCOPE:uvm_test_top.env.m_agt[0].sqr STREAM:2173}
  CREATE_STREAM @155000 {NAME:interrupt_seq T:Transactions SCOPE:uvm_test_top.env.m_agt[0].sqr STREAM:2176}
  CREATE_STREAM @155000 {NAME:slave_seq T:Transactions SCOPE:uvm_test_top.env.s_agt[0].sqr STREAM:2178}
  CREATE_STREAM @155000 {NAME:master_seq T:Transactions SCOPE:uvm_test_top.env.m_agt[0].sqr STREAM:2173}
  CREATE_STREAM @155000 {NAME:slave_seq T:Transactions SCOPE:uvm_test_top.env.s_agt[0].sqr STREAM:2176}
  CREATE_STREAM @155000 {NAME:master_seq T:Transactions SCOPE:uvm_test_top.env.m_agt[0].sqr STREAM:2173}
  CREATE_STREAM @155000 {NAME:slave_seq T:Transactions SCOPE:uvm_test_top.env.s_agt[0].sqr STREAM:2176}
  CREATE_STREAM @155000 {NAME:master_seq T:Transactions SCOPE:uvm_test_top.env.m_agt[0].sqr STREAM:2173}
  CREATE_STREAM @155000 {NAME:slave_seq T:Transactions SCOPE:uvm_test_top.env.s_agt[0].sqr STREAM:2176}
  CREATE_STREAM @155000 {NAME:master_seq T:Transactions SCOPE:uvm_test_top.env.m_agt[0].sqr STREAM:2173}
  CREATE_STREAM @155000 {NAME:slave_seq T:Transactions SCOPE:uvm_test_top.env.s_agt[0].sqr STREAM:2176}
  CREATE_STREAM @155000 {NAME:master_seq T:Transactions SCOPE:uvm_test_top.env.m_agt[0].sqr STREAM:2173}
  CREATE_STREAM @155000 {NAME:slave_seq T:Transactions SCOPE:uvm_test_top.env.s_agt[0].sqr STREAM:2176}
  CREATE_STREAM @155000 {NAME:master_seq T:Transactions SCOPE:uvm_test_top.env.m_agt[0].sqr STREAM:2173}
  CREATE_STREAM @155000 {NAME:slave_seq T:Transactions SCOPE:uvm_test_top.env.s_agt[0].sqr STREAM:2176}
  CREATE_STREAM @155000 {NAME:master_seq T:Transactions SCOPE:uvm_test_top.env.m_agt[0].sqr STREAM:2173}
  CREATE_STREAM @155000 {NAME:slave_seq T:Transactions SCOPE:uvm_test_top.env.s_agt[0].sqr STREAM:2176}
  CREATE_STREAM @155000 {NAME:master_seq T:Transactions SCOPE:uvm_test_top.env.m_agt[0].sqr STREAM:2173}
  CREATE_STREAM @155000 {NAME:interrupt_seq T:Transactions SCOPE:uvm_test_top.env.m_agt[0].sqr STREAM:2176}
  CREATE_STREAM @155000 {NAME:slave_seq T:Transactions SCOPE:uvm_test_top.env.s_agt[0].sqr STREAM:2178}
  CREATE_STREAM @155000 {NAME:master_seq T:Transactions SCOPE:uvm_test_top.env.m_agt[0].sqr STREAM:2173}
  CREATE_STREAM @155000 {NAME:interrupt_seq T:Transactions SCOPE:uvm_test_top.env.m_agt[0].sqr STREAM:2176}
  CREATE_STREAM @155000 {NAME:slave_seq T:Transactions SCOPE:uvm_test_top.env.s_agt[0].sqr STREAM:2178}
  CREATE_STREAM @155000 {NAME:master_seq T:Transactions SCOPE:uvm_test_top.env.m_agt[0].sqr STREAM:2463}
  CREATE_STREAM @155000 {NAME:interrupt_seq T:Transactions SCOPE:uvm_test_top.env.m_agt[0].sqr STREAM:2466}
  CREATE_STREAM @155000 {NAME:slave_seq T:Transactions SCOPE:uvm_test_top.env.s_agt[0].sqr STREAM:2468}
  CREATE_STREAM @155000 {NAME:master_seq T:Transactions SCOPE:uvm_test_top.env.m_agt[0].sqr STREAM:2463}
  CREATE_STREAM @155000 {NAME:interrupt_seq T:Transactions SCOPE:uvm_test_top.env.m_agt[0].sqr STREAM:2466}
  CREATE_STREAM @155000 {NAME:slave_seq T:Transactions SCOPE:uvm_test_top.env.s_agt[0].sqr STREAM:2468}
  CREATE_STREAM @155000 {NAME:master_seq T:Transactions SCOPE:uvm_test_top.env.m_agt[0].sqr STREAM:2463}
  CREATE_STREAM @155000 {NAME:interrupt_seq T:Transactions SCOPE:uvm_test_top.env.m_agt[0].sqr STREAM:2466}
  CREATE_STREAM @155000 {NAME:slave_seq T:Transactions SCOPE:uvm_test_top.env.s_agt[0].sqr STREAM:2468}
  CREATE_STREAM @155000 {NAME:master_seq T:Transactions SCOPE:uvm_test_top.env.m_agt[0].sqr STREAM:2463}
  CREATE_STREAM @155000 {NAME:interrupt_seq T:Transactions SCOPE:uvm_test_top.env.m_agt[0].sqr STREAM:2466}
  CREATE_STREAM @155000 {NAME:slave_seq T:Transactions SCOPE:uvm_test_top.env.s_agt[0].sqr STREAM:2468}
  CREATE_STREAM @155000 {NAME:master_seq T:Transactions SCOPE:uvm_test_top.env.m_agt[0].sqr STREAM:2463}
  CREATE_STREAM @155000 {NAME:interrupt_seq T:Transactions SCOPE:uvm_test_top.env.m_agt[0].sqr STREAM:2466}
  CREATE_STREAM @155000 {NAME:slave_seq T:Transactions SCOPE:uvm_test_top.env.s_agt[0].sqr STREAM:2468}
  CREATE_STREAM @155000 {NAME:master_seq T:Transactions SCOPE:uvm_test_top.env.m_agt[0].sqr STREAM:2463}
  CREATE_STREAM @155000 {NAME:interrupt_seq T:Transactions SCOPE:uvm_test_top.env.m_agt[0].sqr STREAM:2466}
  CREATE_STREAM @155000 {NAME:slave_seq T:Transactions SCOPE:uvm_test_top.env.s_agt[0].sqr STREAM:2468}
  CREATE_STREAM @155000 {NAME:master_seq T:Transactions SCOPE:uvm_test_top.env.m_agt[0].sqr STREAM:2463}
  CREATE_STREAM @155000 {NAME:interrupt_seq T:Transactions SCOPE:uvm_test_top.env.m_agt[0].sqr STREAM:2466}
  CREATE_STREAM @155000 {NAME:slave_seq T:Transactions SCOPE:uvm_test_top.env.s_agt[0].sqr STREAM:2468}
  CREATE_STREAM @155000 {NAME:master_seq T:Transactions SCOPE:uvm_test_top.env.m_agt[0].sqr STREAM:2463}
  CREATE_STREAM @155000 {NAME:interrupt_seq T:Transactions SCOPE:uvm_test_top.env.m_agt[0].sqr STREAM:2466}
  CREATE_STREAM @155000 {NAME:slave_seq T:Transactions SCOPE:uvm_test_top.env.s_agt[0].sqr STREAM:2468}
  CREATE_STREAM @155000 {NAME:master_seq T:Transactions SCOPE:uvm_test_top.env.m_agt[0].sqr STREAM:2463}
  CREATE_STREAM @155000 {NAME:interrupt_seq T:Transactions SCOPE:uvm_test_top.env.m_agt[0].sqr STREAM:2466}
  CREATE_STREAM @155000 {NAME:slave_seq T:Transactions SCOPE:uvm_test_top.env.s_agt[0].sqr STREAM:2468}
  CREATE_STREAM @155000 {NAME:master_seq T:Transactions SCOPE:uvm_test_top.env.m_agt[0].sqr STREAM:2463}
  CREATE_STREAM @155000 {NAME:interrupt_seq T:Transactions SCOPE:uvm_test_top.env.m_agt[0].sqr STREAM:2466}
  CREATE_STREAM @155000 {NAME:slave_seq T:Transactions SCOPE:uvm_test_top.env.s_agt[0].sqr STREAM:2468}
  CREATE_STREAM @155000 {NAME:master_seq T:Transactions SCOPE:uvm_test_top.env.m_agt[0].sqr STREAM:2463}
  CREATE_STREAM @155000 {NAME:interrupt_seq T:Transactions SCOPE:uvm_test_top.env.m_agt[0].sqr STREAM:2466}
  CREATE_STREAM @155000 {NAME:slave_seq T:Transactions SCOPE:uvm_test_top.env.s_agt[0].sqr STREAM:2468}
  CREATE_STREAM @155000 {NAME:master_seq T:Transactions SCOPE:uvm_test_top.env.m_agt[0].sqr STREAM:2463}
  CREATE_STREAM @155000 {NAME:interrupt_seq T:Transactions SCOPE:uvm_test_top.env.m_agt[0].sqr STREAM:2466}
  CREATE_STREAM @155000 {NAME:slave_seq T:Transactions SCOPE:uvm_test_top.env.s_agt[0].sqr STREAM:2468}
  CREATE_STREAM @155000 {NAME:master_seq T:Transactions SCOPE:uvm_test_top.env.m_agt[0].sqr STREAM:2463}
  CREATE_STREAM @155000 {NAME:slave_seq T:Transactions SCOPE:uvm_test_top.env.s_agt[0].sqr STREAM:2466}
  CREATE_STREAM @155000 {NAME:master_seq T:Transactions SCOPE:uvm_test_top.env.m_agt[0].sqr STREAM:2463}
  CREATE_STREAM @155000 {NAME:slave_seq T:Transactions SCOPE:uvm_test_top.env.s_agt[0].sqr STREAM:2466}
  CREATE_STREAM @155000 {NAME:master_seq T:Transactions SCOPE:uvm_test_top.env.m_agt[0].sqr STREAM:2463}
  CREATE_STREAM @155000 {NAME:interrupt_seq T:Transactions SCOPE:uvm_test_top.env.m_agt[0].sqr STREAM:2466}
  CREATE_STREAM @155000 {NAME:slave_seq T:Transactions SCOPE:uvm_test_top.env.s_agt[0].sqr STREAM:2468}
  CREATE_STREAM @155000 {NAME:master_seq T:Transactions SCOPE:uvm_test_top.env.m_agt[0].sqr STREAM:2463}
  CREATE_STREAM @155000 {NAME:interrupt_seq T:Transactions SCOPE:uvm_test_top.env.m_agt[0].sqr STREAM:2466}
  CREATE_STREAM @155000 {NAME:slave_seq T:Transactions SCOPE:uvm_test_top.env.s_agt[0].sqr STREAM:2468}
  CREATE_STREAM @155000 {NAME:master_seq T:Transactions SCOPE:uvm_test_top.env.m_agt[0].sqr STREAM:2463}
  CREATE_STREAM @155000 {NAME:interrupt_seq T:Transactions SCOPE:uvm_test_top.env.m_agt[0].sqr STREAM:2466}
  CREATE_STREAM @155000 {NAME:slave_seq T:Transactions SCOPE:uvm_test_top.env.s_agt[0].sqr STREAM:2468}
  CREATE_STREAM @155000 {NAME:master_seq T:Transactions SCOPE:uvm_test_top.env.m_agt[0].sqr STREAM:2463}
  CREATE_STREAM @155000 {NAME:interrupt_seq T:Transactions SCOPE:uvm_test_top.env.m_agt[0].sqr STREAM:2466}
  CREATE_STREAM @155000 {NAME:slave_seq T:Transactions SCOPE:uvm_test_top.env.s_agt[0].sqr STREAM:2468}
  CREATE_STREAM @155000 {NAME:master_seq T:Transactions SCOPE:uvm_test_top.env.m_agt[0].sqr STREAM:2463}
  CREATE_STREAM @155000 {NAME:interrupt_seq T:Transactions SCOPE:uvm_test_top.env.m_agt[0].sqr STREAM:2466}
  CREATE_STREAM @155000 {NAME:slave_seq T:Transactions SCOPE:uvm_test_top.env.s_agt[0].sqr STREAM:2468}
  CREATE_STREAM @155000 {NAME:master_seq T:Transactions SCOPE:uvm_test_top.env.m_agt[0].sqr STREAM:2463}
  CREATE_STREAM @155000 {NAME:slave_seq T:Transactions SCOPE:uvm_test_top.env.s_agt[0].sqr STREAM:2466}
  CREATE_STREAM @155000 {NAME:master_seq T:Transactions SCOPE:uvm_test_top.env.m_agt[0].sqr STREAM:2463}
  CREATE_STREAM @155000 {NAME:slave_seq T:Transactions SCOPE:uvm_test_top.env.s_agt[0].sqr STREAM:2466}
  CREATE_STREAM @155000 {NAME:master_seq T:Transactions SCOPE:uvm_test_top.env.m_agt[0].sqr STREAM:2463}
  CREATE_STREAM @155000 {NAME:interrupt_seq T:Transactions SCOPE:uvm_test_top.env.m_agt[0].sqr STREAM:2466}
  CREATE_STREAM @155000 {NAME:slave_seq T:Transactions SCOPE:uvm_test_top.env.s_agt[0].sqr STREAM:2468}
  CREATE_STREAM @155000 {NAME:master_seq T:Transactions SCOPE:uvm_test_top.env.m_agt[0].sqr STREAM:2463}
  CREATE_STREAM @155000 {NAME:interrupt_seq T:Transactions SCOPE:uvm_test_top.env.m_agt[0].sqr STREAM:2466}
  CREATE_STREAM @155000 {NAME:slave_seq T:Transactions SCOPE:uvm_test_top.env.s_agt[0].sqr STREAM:2468}
  CREATE_STREAM @155000 {NAME:master_seq T:Transactions SCOPE:uvm_test_top.env.m_agt[0].sqr STREAM:2463}
  CREATE_STREAM @155000 {NAME:interrupt_seq T:Transactions SCOPE:uvm_test_top.env.m_agt[0].sqr STREAM:2466}
  CREATE_STREAM @155000 {NAME:slave_seq T:Transactions SCOPE:uvm_test_top.env.s_agt[0].sqr STREAM:2468}
  CREATE_STREAM @155000 {NAME:master_seq T:Transactions SCOPE:uvm_test_top.env.m_agt[0].sqr STREAM:2463}
  CREATE_STREAM @155000 {NAME:interrupt_seq T:Transactions SCOPE:uvm_test_top.env.m_agt[0].sqr STREAM:2466}
  CREATE_STREAM @155000 {NAME:slave_seq T:Transactions SCOPE:uvm_test_top.env.s_agt[0].sqr STREAM:2468}
  CREATE_STREAM @155000 {NAME:master_seq T:Transactions SCOPE:uvm_test_top.env.m_agt[0].sqr STREAM:2463}
  CREATE_STREAM @155000 {NAME:interrupt_seq T:Transactions SCOPE:uvm_test_top.env.m_agt[0].sqr STREAM:2466}
  CREATE_STREAM @155000 {NAME:slave_seq T:Transactions SCOPE:uvm_test_top.env.s_agt[0].sqr STREAM:2468}
  CREATE_STREAM @155000 {NAME:master_seq T:Transactions SCOPE:uvm_test_top.env.m_agt[0].sqr STREAM:2463}
  CREATE_STREAM @155000 {NAME:interrupt_seq T:Transactions SCOPE:uvm_test_top.env.m_agt[0].sqr STREAM:2466}
  CREATE_STREAM @155000 {NAME:slave_seq T:Transactions SCOPE:uvm_test_top.env.s_agt[0].sqr STREAM:2468}
  CREATE_STREAM @155000 {NAME:master_seq T:Transactions SCOPE:uvm_test_top.env.m_agt[0].sqr STREAM:2463}
  CREATE_STREAM @155000 {NAME:interrupt_seq T:Transactions SCOPE:uvm_test_top.env.m_agt[0].sqr STREAM:2466}
  CREATE_STREAM @155000 {NAME:slave_seq T:Transactions SCOPE:uvm_test_top.env.s_agt[0].sqr STREAM:2468}
  CREATE_STREAM @155000 {NAME:master_seq T:Transactions SCOPE:uvm_test_top.env.m_agt[0].sqr STREAM:2463}
  CREATE_STREAM @155000 {NAME:interrupt_seq T:Transactions SCOPE:uvm_test_top.env.m_agt[0].sqr STREAM:2466}
  CREATE_STREAM @155000 {NAME:slave_seq T:Transactions SCOPE:uvm_test_top.env.s_agt[0].sqr STREAM:2468}
  CREATE_STREAM @155000 {NAME:master_seq T:Transactions SCOPE:uvm_test_top.env.m_agt[0].sqr STREAM:2463}
  CREATE_STREAM @155000 {NAME:slave_seq T:Transactions SCOPE:uvm_test_top.env.s_agt[0].sqr STREAM:2466}
  CREATE_STREAM @155000 {NAME:master_seq T:Transactions SCOPE:uvm_test_top.env.m_agt[0].sqr STREAM:2463}
  CREATE_STREAM @155000 {NAME:slave_seq T:Transactions SCOPE:uvm_test_top.env.s_agt[0].sqr STREAM:2466}
  CREATE_STREAM @155000 {NAME:master_seq T:Transactions SCOPE:uvm_test_top.env.m_agt[0].sqr STREAM:2463}
  CREATE_STREAM @155000 {NAME:slave_seq T:Transactions SCOPE:uvm_test_top.env.s_agt[0].sqr STREAM:2466}
  CREATE_STREAM @155000 {NAME:master_seq T:Transactions SCOPE:uvm_test_top.env.m_agt[0].sqr STREAM:2463}
  CREATE_STREAM @155000 {NAME:slave_seq T:Transactions SCOPE:uvm_test_top.env.s_agt[0].sqr STREAM:2466}
  CREATE_STREAM @155000 {NAME:master_seq T:Transactions SCOPE:uvm_test_top.env.m_agt[0].sqr STREAM:2463}
  CREATE_STREAM @155000 {NAME:slave_seq T:Transactions SCOPE:uvm_test_top.env.s_agt[0].sqr STREAM:2466}
  CREATE_STREAM @155000 {NAME:master_seq T:Transactions SCOPE:uvm_test_top.env.m_agt[0].sqr STREAM:2463}
  CREATE_STREAM @155000 {NAME:interrupt_seq T:Transactions SCOPE:uvm_test_top.env.m_agt[0].sqr STREAM:2466}
  CREATE_STREAM @155000 {NAME:slave_seq T:Transactions SCOPE:uvm_test_top.env.s_agt[0].sqr STREAM:2468}
  CREATE_STREAM @155000 {NAME:master_seq T:Transactions SCOPE:uvm_test_top.env.m_agt[0].sqr STREAM:2463}
  CREATE_STREAM @155000 {NAME:interrupt_seq T:Transactions SCOPE:uvm_test_top.env.m_agt[0].sqr STREAM:2466}
  CREATE_STREAM @155000 {NAME:slave_seq T:Transactions SCOPE:uvm_test_top.env.s_agt[0].sqr STREAM:2468}
  CREATE_STREAM @155000 {NAME:master_seq T:Transactions SCOPE:uvm_test_top.env.m_agt[0].sqr STREAM:2463}
  CREATE_STREAM @155000 {NAME:slave_seq T:Transactions SCOPE:uvm_test_top.env.s_agt[0].sqr STREAM:2466}
  CREATE_STREAM @155000 {NAME:master_seq T:Transactions SCOPE:uvm_test_top.env.m_agt[0].sqr STREAM:2463}
  CREATE_STREAM @155000 {NAME:slave_seq T:Transactions SCOPE:uvm_test_top.env.s_agt[0].sqr STREAM:2466}
  CREATE_STREAM @155000 {NAME:master_seq T:Transactions SCOPE:uvm_test_top.env.m_agt[0].sqr STREAM:2463}
  CREATE_STREAM @155000 {NAME:slave_seq T:Transactions SCOPE:uvm_test_top.env.s_agt[0].sqr STREAM:2466}
  CREATE_STREAM @155000 {NAME:master_seq T:Transactions SCOPE:uvm_test_top.env.m_agt[0].sqr STREAM:2463}
  CREATE_STREAM @155000 {NAME:slave_seq T:Transactions SCOPE:uvm_test_top.env.s_agt[0].sqr STREAM:2466}
  CREATE_STREAM @155000 {NAME:master_seq T:Transactions SCOPE:uvm_test_top.env.m_agt[0].sqr STREAM:2463}
  CREATE_STREAM @155000 {NAME:slave_seq T:Transactions SCOPE:uvm_test_top.env.s_agt[0].sqr STREAM:2466}
  CREATE_STREAM @155000 {NAME:master_seq T:Transactions SCOPE:uvm_test_top.env.m_agt[0].sqr STREAM:2463}
  CREATE_STREAM @155000 {NAME:slave_seq T:Transactions SCOPE:uvm_test_top.env.s_agt[0].sqr STREAM:2466}
  CREATE_STREAM @155000 {NAME:master_seq T:Transactions SCOPE:uvm_test_top.env.m_agt[0].sqr STREAM:2463}
  CREATE_STREAM @155000 {NAME:slave_seq T:Transactions SCOPE:uvm_test_top.env.s_agt[0].sqr STREAM:2466}
  CREATE_STREAM @155000 {NAME:master_seq T:Transactions SCOPE:uvm_test_top.env.m_agt[0].sqr STREAM:2463}
  CREATE_STREAM @155000 {NAME:slave_seq T:Transactions SCOPE:uvm_test_top.env.s_agt[0].sqr STREAM:2466}
  CREATE_STREAM @155000 {NAME:master_seq T:Transactions SCOPE:uvm_test_top.env.m_agt[0].sqr STREAM:2463}
  CREATE_STREAM @155000 {NAME:interrupt_seq T:Transactions SCOPE:uvm_test_top.env.m_agt[0].sqr STREAM:2466}
  CREATE_STREAM @155000 {NAME:slave_seq T:Transactions SCOPE:uvm_test_top.env.s_agt[0].sqr STREAM:2468}
  CREATE_STREAM @155000 {NAME:master_seq T:Transactions SCOPE:uvm_test_top.env.m_agt[0].sqr STREAM:2463}
  CREATE_STREAM @155000 {NAME:interrupt_seq T:Transactions SCOPE:uvm_test_top.env.m_agt[0].sqr STREAM:2466}
  CREATE_STREAM @155000 {NAME:slave_seq T:Transactions SCOPE:uvm_test_top.env.s_agt[0].sqr STREAM:2468}
  CREATE_STREAM @155000 {NAME:master_seq T:Transactions SCOPE:uvm_test_top.env.m_agt[0].sqr STREAM:2463}
  CREATE_STREAM @155000 {NAME:interrupt_seq T:Transactions SCOPE:uvm_test_top.env.m_agt[0].sqr STREAM:2466}
  CREATE_STREAM @155000 {NAME:slave_seq T:Transactions SCOPE:uvm_test_top.env.s_agt[0].sqr STREAM:2468}
  CREATE_STREAM @155000 {NAME:master_seq T:Transactions SCOPE:uvm_test_top.env.m_agt[0].sqr STREAM:2463}
  CREATE_STREAM @155000 {NAME:interrupt_seq T:Transactions SCOPE:uvm_test_top.env.m_agt[0].sqr STREAM:2466}
  CREATE_STREAM @155000 {NAME:slave_seq T:Transactions SCOPE:uvm_test_top.env.s_agt[0].sqr STREAM:2468}
  CREATE_STREAM @155000 {NAME:master_seq T:Transactions SCOPE:uvm_test_top.env.m_agt[0].sqr STREAM:2463}
  CREATE_STREAM @155000 {NAME:interrupt_seq T:Transactions SCOPE:uvm_test_top.env.m_agt[0].sqr STREAM:2466}
  CREATE_STREAM @155000 {NAME:slave_seq T:Transactions SCOPE:uvm_test_top.env.s_agt[0].sqr STREAM:2468}
  CREATE_STREAM @155000 {NAME:master_seq T:Transactions SCOPE:uvm_test_top.env.m_agt[0].sqr STREAM:2463}
  CREATE_STREAM @155000 {NAME:interrupt_seq T:Transactions SCOPE:uvm_test_top.env.m_agt[0].sqr STREAM:2466}
  CREATE_STREAM @155000 {NAME:slave_seq T:Transactions SCOPE:uvm_test_top.env.s_agt[0].sqr STREAM:2468}
  CREATE_STREAM @155000 {NAME:master_seq T:Transactions SCOPE:uvm_test_top.env.m_agt[0].sqr STREAM:2463}
  CREATE_STREAM @155000 {NAME:interrupt_seq T:Transactions SCOPE:uvm_test_top.env.m_agt[0].sqr STREAM:2466}
  CREATE_STREAM @155000 {NAME:slave_seq T:Transactions SCOPE:uvm_test_top.env.s_agt[0].sqr STREAM:2468}
  CREATE_STREAM @155000 {NAME:master_seq T:Transactions SCOPE:uvm_test_top.env.m_agt[0].sqr STREAM:2463}
  CREATE_STREAM @155000 {NAME:interrupt_seq T:Transactions SCOPE:uvm_test_top.env.m_agt[0].sqr STREAM:2466}
  CREATE_STREAM @155000 {NAME:slave_seq T:Transactions SCOPE:uvm_test_top.env.s_agt[0].sqr STREAM:2468}
  CREATE_STREAM @155000 {NAME:master_seq T:Transactions SCOPE:uvm_test_top.env.m_agt[0].sqr STREAM:2463}
  CREATE_STREAM @155000 {NAME:interrupt_seq T:Transactions SCOPE:uvm_test_top.env.m_agt[0].sqr STREAM:2466}
  CREATE_STREAM @155000 {NAME:slave_seq T:Transactions SCOPE:uvm_test_top.env.s_agt[0].sqr STREAM:2468}
  CREATE_STREAM @155000 {NAME:master_seq T:Transactions SCOPE:uvm_test_top.env.m_agt[0].sqr STREAM:2463}
  CREATE_STREAM @155000 {NAME:interrupt_seq T:Transactions SCOPE:uvm_test_top.env.m_agt[0].sqr STREAM:2466}
  CREATE_STREAM @155000 {NAME:slave_seq T:Transactions SCOPE:uvm_test_top.env.s_agt[0].sqr STREAM:2468}
  CREATE_STREAM @155000 {NAME:master_seq T:Transactions SCOPE:uvm_test_top.env.m_agt[0].sqr STREAM:2463}
  CREATE_STREAM @155000 {NAME:interrupt_seq T:Transactions SCOPE:uvm_test_top.env.m_agt[0].sqr STREAM:2466}
  CREATE_STREAM @155000 {NAME:slave_seq T:Transactions SCOPE:uvm_test_top.env.s_agt[0].sqr STREAM:2468}
  CREATE_STREAM @155000 {NAME:master_seq T:Transactions SCOPE:uvm_test_top.env.m_agt[0].sqr STREAM:2463}
  CREATE_STREAM @155000 {NAME:interrupt_seq T:Transactions SCOPE:uvm_test_top.env.m_agt[0].sqr STREAM:2466}
  CREATE_STREAM @155000 {NAME:slave_seq T:Transactions SCOPE:uvm_test_top.env.s_agt[0].sqr STREAM:2468}
  CREATE_STREAM @155000 {NAME:master_seq T:Transactions SCOPE:uvm_test_top.env.m_agt[0].sqr STREAM:2463}
  CREATE_STREAM @155000 {NAME:interrupt_seq T:Transactions SCOPE:uvm_test_top.env.m_agt[0].sqr STREAM:2466}
  CREATE_STREAM @155000 {NAME:slave_seq T:Transactions SCOPE:uvm_test_top.env.s_agt[0].sqr STREAM:2468}
  CREATE_STREAM @155000 {NAME:master_seq T:Transactions SCOPE:uvm_test_top.env.m_agt[0].sqr STREAM:2463}
  CREATE_STREAM @155000 {NAME:interrupt_seq T:Transactions SCOPE:uvm_test_top.env.m_agt[0].sqr STREAM:2466}
  CREATE_STREAM @155000 {NAME:slave_seq T:Transactions SCOPE:uvm_test_top.env.s_agt[0].sqr STREAM:2468}
  CREATE_STREAM @155000 {NAME:master_seq T:Transactions SCOPE:uvm_test_top.env.m_agt[0].sqr STREAM:2463}
  CREATE_STREAM @155000 {NAME:interrupt_seq T:Transactions SCOPE:uvm_test_top.env.m_agt[0].sqr STREAM:2466}
  CREATE_STREAM @155000 {NAME:slave_seq T:Transactions SCOPE:uvm_test_top.env.s_agt[0].sqr STREAM:2468}
  CREATE_STREAM @155000 {NAME:master_seq T:Transactions SCOPE:uvm_test_top.env.m_agt[0].sqr STREAM:2463}
  CREATE_STREAM @155000 {NAME:interrupt_seq T:Transactions SCOPE:uvm_test_top.env.m_agt[0].sqr STREAM:2466}
  CREATE_STREAM @155000 {NAME:slave_seq T:Transactions SCOPE:uvm_test_top.env.s_agt[0].sqr STREAM:2468}
  CREATE_STREAM @155000 {NAME:master_seq T:Transactions SCOPE:uvm_test_top.env.m_agt[0].sqr STREAM:2463}
  CREATE_STREAM @155000 {NAME:interrupt_seq T:Transactions SCOPE:uvm_test_top.env.m_agt[0].sqr STREAM:2466}
  CREATE_STREAM @155000 {NAME:slave_seq T:Transactions SCOPE:uvm_test_top.env.s_agt[0].sqr STREAM:2468}
  CREATE_STREAM @155000 {NAME:master_seq T:Transactions SCOPE:uvm_test_top.env.m_agt[0].sqr STREAM:2463}
  CREATE_STREAM @155000 {NAME:interrupt_seq T:Transactions SCOPE:uvm_test_top.env.m_agt[0].sqr STREAM:2466}
  CREATE_STREAM @155000 {NAME:slave_seq T:Transactions SCOPE:uvm_test_top.env.s_agt[0].sqr STREAM:2468}
  CREATE_STREAM @155000 {NAME:master_seq T:Transactions SCOPE:uvm_test_top.env.m_agt[0].sqr STREAM:2463}
  CREATE_STREAM @155000 {NAME:interrupt_seq T:Transactions SCOPE:uvm_test_top.env.m_agt[0].sqr STREAM:2466}
  CREATE_STREAM @155000 {NAME:slave_seq T:Transactions SCOPE:uvm_test_top.env.s_agt[0].sqr STREAM:2468}
  CREATE_STREAM @155000 {NAME:master_seq T:Transactions SCOPE:uvm_test_top.env.m_agt[0].sqr STREAM:2463}
  CREATE_STREAM @155000 {NAME:interrupt_seq T:Transactions SCOPE:uvm_test_top.env.m_agt[0].sqr STREAM:2466}
  CREATE_STREAM @155000 {NAME:slave_seq T:Transactions SCOPE:uvm_test_top.env.s_agt[0].sqr STREAM:2468}
  CREATE_STREAM @155000 {NAME:master_seq T:Transactions SCOPE:uvm_test_top.env.m_agt[0].sqr STREAM:2463}
  CREATE_STREAM @155000 {NAME:interrupt_seq T:Transactions SCOPE:uvm_test_top.env.m_agt[0].sqr STREAM:2466}
  CREATE_STREAM @155000 {NAME:slave_seq T:Transactions SCOPE:uvm_test_top.env.s_agt[0].sqr STREAM:2468}
  CREATE_STREAM @155000 {NAME:master_seq T:Transactions SCOPE:uvm_test_top.env.m_agt[0].sqr STREAM:2463}
  CREATE_STREAM @155000 {NAME:interrupt_seq T:Transactions SCOPE:uvm_test_top.env.m_agt[0].sqr STREAM:2466}
  CREATE_STREAM @155000 {NAME:slave_seq T:Transactions SCOPE:uvm_test_top.env.s_agt[0].sqr STREAM:2468}
  CREATE_STREAM @155000 {NAME:master_seq T:Transactions SCOPE:uvm_test_top.env.m_agt[0].sqr STREAM:2463}
  CREATE_STREAM @155000 {NAME:interrupt_seq T:Transactions SCOPE:uvm_test_top.env.m_agt[0].sqr STREAM:2466}
  CREATE_STREAM @155000 {NAME:slave_seq T:Transactions SCOPE:uvm_test_top.env.s_agt[0].sqr STREAM:2468}
  CREATE_STREAM @155000 {NAME:master_seq T:Transactions SCOPE:uvm_test_top.env.m_agt[0].sqr STREAM:2463}
  CREATE_STREAM @155000 {NAME:interrupt_seq T:Transactions SCOPE:uvm_test_top.env.m_agt[0].sqr STREAM:2466}
  CREATE_STREAM @155000 {NAME:slave_seq T:Transactions SCOPE:uvm_test_top.env.s_agt[0].sqr STREAM:2468}
  CREATE_STREAM @155000 {NAME:master_seq T:Transactions SCOPE:uvm_test_top.env.m_agt[0].sqr STREAM:2463}
  CREATE_STREAM @155000 {NAME:interrupt_seq T:Transactions SCOPE:uvm_test_top.env.m_agt[0].sqr STREAM:2466}
  CREATE_STREAM @155000 {NAME:slave_seq T:Transactions SCOPE:uvm_test_top.env.s_agt[0].sqr STREAM:2468}
  CREATE_STREAM @155000 {NAME:master_seq T:Transactions SCOPE:uvm_test_top.env.m_agt[0].sqr STREAM:2463}
  CREATE_STREAM @155000 {NAME:interrupt_seq T:Transactions SCOPE:uvm_test_top.env.m_agt[0].sqr STREAM:2466}
  CREATE_STREAM @155000 {NAME:slave_seq T:Transactions SCOPE:uvm_test_top.env.s_agt[0].sqr STREAM:2468}
  CREATE_STREAM @155000 {NAME:master_seq T:Transactions SCOPE:uvm_test_top.env.m_agt[0].sqr STREAM:2463}
  CREATE_STREAM @155000 {NAME:interrupt_seq T:Transactions SCOPE:uvm_test_top.env.m_agt[0].sqr STREAM:2466}
  CREATE_STREAM @155000 {NAME:slave_seq T:Transactions SCOPE:uvm_test_top.env.s_agt[0].sqr STREAM:2468}
  CREATE_STREAM @155000 {NAME:master_seq T:Transactions SCOPE:uvm_test_top.env.m_agt[0].sqr STREAM:2463}
  CREATE_STREAM @155000 {NAME:interrupt_seq T:Transactions SCOPE:uvm_test_top.env.m_agt[0].sqr STREAM:2466}
  CREATE_STREAM @155000 {NAME:slave_seq T:Transactions SCOPE:uvm_test_top.env.s_agt[0].sqr STREAM:2468}
  CREATE_STREAM @155000 {NAME:master_seq T:Transactions SCOPE:uvm_test_top.env.m_agt[0].sqr STREAM:2463}
  CREATE_STREAM @155000 {NAME:interrupt_seq T:Transactions SCOPE:uvm_test_top.env.m_agt[0].sqr STREAM:2466}
  CREATE_STREAM @155000 {NAME:slave_seq T:Transactions SCOPE:uvm_test_top.env.s_agt[0].sqr STREAM:2468}
  CREATE_STREAM @155000 {NAME:master_seq T:Transactions SCOPE:uvm_test_top.env.m_agt[0].sqr STREAM:2463}
  CREATE_STREAM @155000 {NAME:interrupt_seq T:Transactions SCOPE:uvm_test_top.env.m_agt[0].sqr STREAM:2466}
  CREATE_STREAM @155000 {NAME:slave_seq T:Transactions SCOPE:uvm_test_top.env.s_agt[0].sqr STREAM:2468}
  CREATE_STREAM @155000 {NAME:master_seq T:Transactions SCOPE:uvm_test_top.env.m_agt[0].sqr STREAM:2463}
  CREATE_STREAM @155000 {NAME:interrupt_seq T:Transactions SCOPE:uvm_test_top.env.m_agt[0].sqr STREAM:2466}
  CREATE_STREAM @155000 {NAME:slave_seq T:Transactions SCOPE:uvm_test_top.env.s_agt[0].sqr STREAM:2468}
  CREATE_STREAM @155000 {NAME:master_seq T:Transactions SCOPE:uvm_test_top.env.m_agt[0].sqr STREAM:2463}
  CREATE_STREAM @155000 {NAME:interrupt_seq T:Transactions SCOPE:uvm_test_top.env.m_agt[0].sqr STREAM:2466}
  CREATE_STREAM @155000 {NAME:slave_seq T:Transactions SCOPE:uvm_test_top.env.s_agt[0].sqr STREAM:2468}
  CREATE_STREAM @155000 {NAME:master_seq T:Transactions SCOPE:uvm_test_top.env.m_agt[0].sqr STREAM:2463}
  CREATE_STREAM @155000 {NAME:interrupt_seq T:Transactions SCOPE:uvm_test_top.env.m_agt[0].sqr STREAM:2466}
  CREATE_STREAM @155000 {NAME:slave_seq T:Transactions SCOPE:uvm_test_top.env.s_agt[0].sqr STREAM:2468}
  CREATE_STREAM @155000 {NAME:master_seq T:Transactions SCOPE:uvm_test_top.env.m_agt[0].sqr STREAM:2463}
  CREATE_STREAM @155000 {NAME:interrupt_seq T:Transactions SCOPE:uvm_test_top.env.m_agt[0].sqr STREAM:2466}
  CREATE_STREAM @155000 {NAME:slave_seq T:Transactions SCOPE:uvm_test_top.env.s_agt[0].sqr STREAM:2468}
  CREATE_STREAM @155000 {NAME:master_seq T:Transactions SCOPE:uvm_test_top.env.m_agt[0].sqr STREAM:2463}
  CREATE_STREAM @155000 {NAME:interrupt_seq T:Transactions SCOPE:uvm_test_top.env.m_agt[0].sqr STREAM:2466}
  CREATE_STREAM @155000 {NAME:slave_seq T:Transactions SCOPE:uvm_test_top.env.s_agt[0].sqr STREAM:2468}
  CREATE_STREAM @155000 {NAME:master_seq T:Transactions SCOPE:uvm_test_top.env.m_agt[0].sqr STREAM:2463}
  CREATE_STREAM @155000 {NAME:interrupt_seq T:Transactions SCOPE:uvm_test_top.env.m_agt[0].sqr STREAM:2466}
  CREATE_STREAM @155000 {NAME:slave_seq T:Transactions SCOPE:uvm_test_top.env.s_agt[0].sqr STREAM:2468}
  CREATE_STREAM @155000 {NAME:master_seq T:Transactions SCOPE:uvm_test_top.env.m_agt[0].sqr STREAM:2463}
  CREATE_STREAM @155000 {NAME:interrupt_seq T:Transactions SCOPE:uvm_test_top.env.m_agt[0].sqr STREAM:2466}
  CREATE_STREAM @155000 {NAME:slave_seq T:Transactions SCOPE:uvm_test_top.env.s_agt[0].sqr STREAM:2468}
  CREATE_STREAM @155000 {NAME:master_seq T:Transactions SCOPE:uvm_test_top.env.m_agt[0].sqr STREAM:2463}
  CREATE_STREAM @155000 {NAME:interrupt_seq T:Transactions SCOPE:uvm_test_top.env.m_agt[0].sqr STREAM:2466}
  CREATE_STREAM @155000 {NAME:slave_seq T:Transactions SCOPE:uvm_test_top.env.s_agt[0].sqr STREAM:2468}
  CREATE_STREAM @155000 {NAME:master_seq T:Transactions SCOPE:uvm_test_top.env.m_agt[0].sqr STREAM:2463}
  CREATE_STREAM @155000 {NAME:interrupt_seq T:Transactions SCOPE:uvm_test_top.env.m_agt[0].sqr STREAM:2466}
  CREATE_STREAM @155000 {NAME:slave_seq T:Transactions SCOPE:uvm_test_top.env.s_agt[0].sqr STREAM:2468}
  CREATE_STREAM @155000 {NAME:master_seq T:Transactions SCOPE:uvm_test_top.env.m_agt[0].sqr STREAM:2463}
  CREATE_STREAM @155000 {NAME:interrupt_seq T:Transactions SCOPE:uvm_test_top.env.m_agt[0].sqr STREAM:2466}
  CREATE_STREAM @155000 {NAME:slave_seq T:Transactions SCOPE:uvm_test_top.env.s_agt[0].sqr STREAM:2468}
  CREATE_STREAM @155000 {NAME:master_seq T:Transactions SCOPE:uvm_test_top.env.m_agt[0].sqr STREAM:2463}
  CREATE_STREAM @155000 {NAME:interrupt_seq T:Transactions SCOPE:uvm_test_top.env.m_agt[0].sqr STREAM:2466}
  CREATE_STREAM @155000 {NAME:slave_seq T:Transactions SCOPE:uvm_test_top.env.s_agt[0].sqr STREAM:2468}
  CREATE_STREAM @155000 {NAME:master_seq T:Transactions SCOPE:uvm_test_top.env.m_agt[0].sqr STREAM:2463}
  CREATE_STREAM @155000 {NAME:interrupt_seq T:Transactions SCOPE:uvm_test_top.env.m_agt[0].sqr STREAM:2466}
  CREATE_STREAM @155000 {NAME:slave_seq T:Transactions SCOPE:uvm_test_top.env.s_agt[0].sqr STREAM:2468}
  CREATE_STREAM @155000 {NAME:master_seq T:Transactions SCOPE:uvm_test_top.env.m_agt[0].sqr STREAM:2463}
  CREATE_STREAM @155000 {NAME:interrupt_seq T:Transactions SCOPE:uvm_test_top.env.m_agt[0].sqr STREAM:2466}
  CREATE_STREAM @155000 {NAME:slave_seq T:Transactions SCOPE:uvm_test_top.env.s_agt[0].sqr STREAM:2468}
  CREATE_STREAM @155000 {NAME:master_seq T:Transactions SCOPE:uvm_test_top.env.m_agt[0].sqr STREAM:2463}
  CREATE_STREAM @155000 {NAME:interrupt_seq T:Transactions SCOPE:uvm_test_top.env.m_agt[0].sqr STREAM:2466}
  CREATE_STREAM @155000 {NAME:slave_seq T:Transactions SCOPE:uvm_test_top.env.s_agt[0].sqr STREAM:2468}
  CREATE_STREAM @155000 {NAME:master_seq T:Transactions SCOPE:uvm_test_top.env.m_agt[0].sqr STREAM:2463}
  CREATE_STREAM @155000 {NAME:interrupt_seq T:Transactions SCOPE:uvm_test_top.env.m_agt[0].sqr STREAM:2466}
  CREATE_STREAM @155000 {NAME:slave_seq T:Transactions SCOPE:uvm_test_top.env.s_agt[0].sqr STREAM:2468}
  CREATE_STREAM @155000 {NAME:master_seq T:Transactions SCOPE:uvm_test_top.env.m_agt[0].sqr STREAM:2463}
  CREATE_STREAM @155000 {NAME:interrupt_seq T:Transactions SCOPE:uvm_test_top.env.m_agt[0].sqr STREAM:2466}
  CREATE_STREAM @155000 {NAME:slave_seq T:Transactions SCOPE:uvm_test_top.env.s_agt[0].sqr STREAM:2468}
  CREATE_STREAM @155000 {NAME:master_seq T:Transactions SCOPE:uvm_test_top.env.m_agt[0].sqr STREAM:2463}
  CREATE_STREAM @155000 {NAME:interrupt_seq T:Transactions SCOPE:uvm_test_top.env.m_agt[0].sqr STREAM:2466}
  CREATE_STREAM @155000 {NAME:slave_seq T:Transactions SCOPE:uvm_test_top.env.s_agt[0].sqr STREAM:2468}
  CREATE_STREAM @155000 {NAME:master_seq T:Transactions SCOPE:uvm_test_top.env.m_agt[0].sqr STREAM:2463}
  CREATE_STREAM @155000 {NAME:interrupt_seq T:Transactions SCOPE:uvm_test_top.env.m_agt[0].sqr STREAM:2466}
  CREATE_STREAM @155000 {NAME:slave_seq T:Transactions SCOPE:uvm_test_top.env.s_agt[0].sqr STREAM:2468}
  CREATE_STREAM @155000 {NAME:master_seq T:Transactions SCOPE:uvm_test_top.env.m_agt[0].sqr STREAM:2463}
  CREATE_STREAM @155000 {NAME:interrupt_seq T:Transactions SCOPE:uvm_test_top.env.m_agt[0].sqr STREAM:2466}
  CREATE_STREAM @155000 {NAME:slave_seq T:Transactions SCOPE:uvm_test_top.env.s_agt[0].sqr STREAM:2468}
  CREATE_STREAM @155000 {NAME:master_seq T:Transactions SCOPE:uvm_test_top.env.m_agt[0].sqr STREAM:2463}
  CREATE_STREAM @155000 {NAME:interrupt_seq T:Transactions SCOPE:uvm_test_top.env.m_agt[0].sqr STREAM:2466}
  CREATE_STREAM @155000 {NAME:slave_seq T:Transactions SCOPE:uvm_test_top.env.s_agt[0].sqr STREAM:2468}
  CREATE_STREAM @155000 {NAME:master_seq T:Transactions SCOPE:uvm_test_top.env.m_agt[0].sqr STREAM:2463}
  CREATE_STREAM @155000 {NAME:interrupt_seq T:Transactions SCOPE:uvm_test_top.env.m_agt[0].sqr STREAM:2466}
  CREATE_STREAM @155000 {NAME:slave_seq T:Transactions SCOPE:uvm_test_top.env.s_agt[0].sqr STREAM:2468}
  CREATE_STREAM @155000 {NAME:master_seq T:Transactions SCOPE:uvm_test_top.env.m_agt[0].sqr STREAM:2463}
  CREATE_STREAM @155000 {NAME:interrupt_seq T:Transactions SCOPE:uvm_test_top.env.m_agt[0].sqr STREAM:2466}
  CREATE_STREAM @155000 {NAME:slave_seq T:Transactions SCOPE:uvm_test_top.env.s_agt[0].sqr STREAM:2468}
  CREATE_STREAM @155000 {NAME:master_seq T:Transactions SCOPE:uvm_test_top.env.m_agt[0].sqr STREAM:2463}
  CREATE_STREAM @155000 {NAME:interrupt_seq T:Transactions SCOPE:uvm_test_top.env.m_agt[0].sqr STREAM:2466}
  CREATE_STREAM @155000 {NAME:slave_seq T:Transactions SCOPE:uvm_test_top.env.s_agt[0].sqr STREAM:2468}
  CREATE_STREAM @155000 {NAME:master_seq T:Transactions SCOPE:uvm_test_top.env.m_agt[0].sqr STREAM:2463}
  CREATE_STREAM @155000 {NAME:interrupt_seq T:Transactions SCOPE:uvm_test_top.env.m_agt[0].sqr STREAM:2466}
  CREATE_STREAM @155000 {NAME:slave_seq T:Transactions SCOPE:uvm_test_top.env.s_agt[0].sqr STREAM:2468}
  CREATE_STREAM @155000 {NAME:master_seq T:Transactions SCOPE:uvm_test_top.env.m_agt[0].sqr STREAM:2463}
  CREATE_STREAM @155000 {NAME:interrupt_seq T:Transactions SCOPE:uvm_test_top.env.m_agt[0].sqr STREAM:2466}
  CREATE_STREAM @155000 {NAME:slave_seq T:Transactions SCOPE:uvm_test_top.env.s_agt[0].sqr STREAM:2468}
  CREATE_STREAM @155000 {NAME:master_seq T:Transactions SCOPE:uvm_test_top.env.m_agt[0].sqr STREAM:2463}
  CREATE_STREAM @155000 {NAME:interrupt_seq T:Transactions SCOPE:uvm_test_top.env.m_agt[0].sqr STREAM:2466}
  CREATE_STREAM @155000 {NAME:slave_seq T:Transactions SCOPE:uvm_test_top.env.s_agt[0].sqr STREAM:2468}
  CREATE_STREAM @155000 {NAME:master_seq T:Transactions SCOPE:uvm_test_top.env.m_agt[0].sqr STREAM:2463}
  CREATE_STREAM @155000 {NAME:interrupt_seq T:Transactions SCOPE:uvm_test_top.env.m_agt[0].sqr STREAM:2466}
  CREATE_STREAM @155000 {NAME:slave_seq T:Transactions SCOPE:uvm_test_top.env.s_agt[0].sqr STREAM:2468}
  CREATE_STREAM @155000 {NAME:master_seq T:Transactions SCOPE:uvm_test_top.env.m_agt[0].sqr STREAM:2463}
  CREATE_STREAM @155000 {NAME:interrupt_seq T:Transactions SCOPE:uvm_test_top.env.m_agt[0].sqr STREAM:2466}
  CREATE_STREAM @155000 {NAME:slave_seq T:Transactions SCOPE:uvm_test_top.env.s_agt[0].sqr STREAM:2468}
  CREATE_STREAM @155000 {NAME:master_seq T:Transactions SCOPE:uvm_test_top.env.m_agt[0].sqr STREAM:2463}
  CREATE_STREAM @155000 {NAME:interrupt_seq T:Transactions SCOPE:uvm_test_top.env.m_agt[0].sqr STREAM:2466}
  CREATE_STREAM @155000 {NAME:slave_seq T:Transactions SCOPE:uvm_test_top.env.s_agt[0].sqr STREAM:2468}
  CREATE_STREAM @155000 {NAME:master_seq T:Transactions SCOPE:uvm_test_top.env.m_agt[0].sqr STREAM:2463}
  CREATE_STREAM @155000 {NAME:interrupt_seq T:Transactions SCOPE:uvm_test_top.env.m_agt[0].sqr STREAM:2466}
  CREATE_STREAM @155000 {NAME:slave_seq T:Transactions SCOPE:uvm_test_top.env.s_agt[0].sqr STREAM:2468}
  CREATE_STREAM @155000 {NAME:master_seq T:Transactions SCOPE:uvm_test_top.env.m_agt[0].sqr STREAM:2463}
  CREATE_STREAM @155000 {NAME:interrupt_seq T:Transactions SCOPE:uvm_test_top.env.m_agt[0].sqr STREAM:2466}
  CREATE_STREAM @155000 {NAME:slave_seq T:Transactions SCOPE:uvm_test_top.env.s_agt[0].sqr STREAM:2468}
  CREATE_STREAM @155000 {NAME:master_seq T:Transactions SCOPE:uvm_test_top.env.m_agt[0].sqr STREAM:2463}
  CREATE_STREAM @155000 {NAME:interrupt_seq T:Transactions SCOPE:uvm_test_top.env.m_agt[0].sqr STREAM:2466}
  CREATE_STREAM @155000 {NAME:slave_seq T:Transactions SCOPE:uvm_test_top.env.s_agt[0].sqr STREAM:2468}
  CREATE_STREAM @155000 {NAME:master_seq T:Transactions SCOPE:uvm_test_top.env.m_agt[0].sqr STREAM:2463}
  CREATE_STREAM @155000 {NAME:interrupt_seq T:Transactions SCOPE:uvm_test_top.env.m_agt[0].sqr STREAM:2466}
  CREATE_STREAM @155000 {NAME:slave_seq T:Transactions SCOPE:uvm_test_top.env.s_agt[0].sqr STREAM:2468}
  CREATE_STREAM @155000 {NAME:master_seq T:Transactions SCOPE:uvm_test_top.env.m_agt[0].sqr STREAM:2463}
  CREATE_STREAM @155000 {NAME:interrupt_seq T:Transactions SCOPE:uvm_test_top.env.m_agt[0].sqr STREAM:2466}
  CREATE_STREAM @155000 {NAME:slave_seq T:Transactions SCOPE:uvm_test_top.env.s_agt[0].sqr STREAM:2468}
  CREATE_STREAM @155000 {NAME:master_seq T:Transactions SCOPE:uvm_test_top.env.m_agt[0].sqr STREAM:2463}
  CREATE_STREAM @155000 {NAME:interrupt_seq T:Transactions SCOPE:uvm_test_top.env.m_agt[0].sqr STREAM:2466}
  CREATE_STREAM @155000 {NAME:slave_seq T:Transactions SCOPE:uvm_test_top.env.s_agt[0].sqr STREAM:2468}
  CREATE_STREAM @155000 {NAME:master_seq T:Transactions SCOPE:uvm_test_top.env.m_agt[0].sqr STREAM:2463}
  CREATE_STREAM @155000 {NAME:interrupt_seq T:Transactions SCOPE:uvm_test_top.env.m_agt[0].sqr STREAM:2466}
  CREATE_STREAM @155000 {NAME:slave_seq T:Transactions SCOPE:uvm_test_top.env.s_agt[0].sqr STREAM:2468}
  CREATE_STREAM @155000 {NAME:master_seq T:Transactions SCOPE:uvm_test_top.env.m_agt[0].sqr STREAM:2463}
  CREATE_STREAM @155000 {NAME:interrupt_seq T:Transactions SCOPE:uvm_test_top.env.m_agt[0].sqr STREAM:2466}
  CREATE_STREAM @155000 {NAME:slave_seq T:Transactions SCOPE:uvm_test_top.env.s_agt[0].sqr STREAM:2468}
  CREATE_STREAM @155000 {NAME:master_seq T:Transactions SCOPE:uvm_test_top.env.m_agt[0].sqr STREAM:2463}
  CREATE_STREAM @155000 {NAME:interrupt_seq T:Transactions SCOPE:uvm_test_top.env.m_agt[0].sqr STREAM:2466}
  CREATE_STREAM @155000 {NAME:slave_seq T:Transactions SCOPE:uvm_test_top.env.s_agt[0].sqr STREAM:2468}
  CREATE_STREAM @155000 {NAME:master_seq T:Transactions SCOPE:uvm_test_top.env.m_agt[0].sqr STREAM:2463}
  CREATE_STREAM @155000 {NAME:interrupt_seq T:Transactions SCOPE:uvm_test_top.env.m_agt[0].sqr STREAM:2466}
  CREATE_STREAM @155000 {NAME:slave_seq T:Transactions SCOPE:uvm_test_top.env.s_agt[0].sqr STREAM:2468}
  CREATE_STREAM @155000 {NAME:master_seq T:Transactions SCOPE:uvm_test_top.env.m_agt[0].sqr STREAM:2463}
  CREATE_STREAM @155000 {NAME:interrupt_seq T:Transactions SCOPE:uvm_test_top.env.m_agt[0].sqr STREAM:2466}
  CREATE_STREAM @155000 {NAME:slave_seq T:Transactions SCOPE:uvm_test_top.env.s_agt[0].sqr STREAM:2468}
  CREATE_STREAM @155000 {NAME:master_seq T:Transactions SCOPE:uvm_test_top.env.m_agt[0].sqr STREAM:2463}
  CREATE_STREAM @155000 {NAME:interrupt_seq T:Transactions SCOPE:uvm_test_top.env.m_agt[0].sqr STREAM:2466}
  CREATE_STREAM @155000 {NAME:slave_seq T:Transactions SCOPE:uvm_test_top.env.s_agt[0].sqr STREAM:2468}
  CREATE_STREAM @155000 {NAME:master_seq T:Transactions SCOPE:uvm_test_top.env.m_agt[0].sqr STREAM:2463}
  CREATE_STREAM @155000 {NAME:interrupt_seq T:Transactions SCOPE:uvm_test_top.env.m_agt[0].sqr STREAM:2466}
  CREATE_STREAM @155000 {NAME:slave_seq T:Transactions SCOPE:uvm_test_top.env.s_agt[0].sqr STREAM:2468}
  CREATE_STREAM @155000 {NAME:master_seq T:Transactions SCOPE:uvm_test_top.env.m_agt[0].sqr STREAM:2463}
  CREATE_STREAM @155000 {NAME:interrupt_seq T:Transactions SCOPE:uvm_test_top.env.m_agt[0].sqr STREAM:2466}
  CREATE_STREAM @155000 {NAME:slave_seq T:Transactions SCOPE:uvm_test_top.env.s_agt[0].sqr STREAM:2468}
  CREATE_STREAM @155000 {NAME:master_seq T:Transactions SCOPE:uvm_test_top.env.m_agt[0].sqr STREAM:2463}
  CREATE_STREAM @155000 {NAME:interrupt_seq T:Transactions SCOPE:uvm_test_top.env.m_agt[0].sqr STREAM:2466}
  CREATE_STREAM @155000 {NAME:slave_seq T:Transactions SCOPE:uvm_test_top.env.s_agt[0].sqr STREAM:2468}
  CREATE_STREAM @155000 {NAME:master_seq T:Transactions SCOPE:uvm_test_top.env.m_agt[0].sqr STREAM:2463}
  CREATE_STREAM @155000 {NAME:interrupt_seq T:Transactions SCOPE:uvm_test_top.env.m_agt[0].sqr STREAM:2466}
  CREATE_STREAM @155000 {NAME:slave_seq T:Transactions SCOPE:uvm_test_top.env.s_agt[0].sqr STREAM:2468}
  CREATE_STREAM @155000 {NAME:master_seq T:Transactions SCOPE:uvm_test_top.env.m_agt[0].sqr STREAM:2463}
  CREATE_STREAM @155000 {NAME:interrupt_seq T:Transactions SCOPE:uvm_test_top.env.m_agt[0].sqr STREAM:2466}
  CREATE_STREAM @155000 {NAME:slave_seq T:Transactions SCOPE:uvm_test_top.env.s_agt[0].sqr STREAM:2468}
  CREATE_STREAM @155000 {NAME:master_seq T:Transactions SCOPE:uvm_test_top.env.m_agt[0].sqr STREAM:2463}
  CREATE_STREAM @155000 {NAME:interrupt_seq T:Transactions SCOPE:uvm_test_top.env.m_agt[0].sqr STREAM:2466}
  CREATE_STREAM @155000 {NAME:slave_seq T:Transactions SCOPE:uvm_test_top.env.s_agt[0].sqr STREAM:2468}
  CREATE_STREAM @155000 {NAME:master_seq T:Transactions SCOPE:uvm_test_top.env.m_agt[0].sqr STREAM:2463}
  CREATE_STREAM @155000 {NAME:interrupt_seq T:Transactions SCOPE:uvm_test_top.env.m_agt[0].sqr STREAM:2466}
  CREATE_STREAM @155000 {NAME:slave_seq T:Transactions SCOPE:uvm_test_top.env.s_agt[0].sqr STREAM:2468}
  CREATE_STREAM @155000 {NAME:master_seq T:Transactions SCOPE:uvm_test_top.env.m_agt[0].sqr STREAM:2463}
  CREATE_STREAM @155000 {NAME:interrupt_seq T:Transactions SCOPE:uvm_test_top.env.m_agt[0].sqr STREAM:2466}
  CREATE_STREAM @155000 {NAME:slave_seq T:Transactions SCOPE:uvm_test_top.env.s_agt[0].sqr STREAM:2468}
  CREATE_STREAM @155000 {NAME:master_seq T:Transactions SCOPE:uvm_test_top.env.m_agt[0].sqr STREAM:2463}
  CREATE_STREAM @155000 {NAME:interrupt_seq T:Transactions SCOPE:uvm_test_top.env.m_agt[0].sqr STREAM:2466}
  CREATE_STREAM @155000 {NAME:slave_seq T:Transactions SCOPE:uvm_test_top.env.s_agt[0].sqr STREAM:2468}
  CREATE_STREAM @155000 {NAME:master_seq T:Transactions SCOPE:uvm_test_top.env.m_agt[0].sqr STREAM:2463}
  CREATE_STREAM @155000 {NAME:interrupt_seq T:Transactions SCOPE:uvm_test_top.env.m_agt[0].sqr STREAM:2466}
  CREATE_STREAM @155000 {NAME:slave_seq T:Transactions SCOPE:uvm_test_top.env.s_agt[0].sqr STREAM:2468}
  CREATE_STREAM @155000 {NAME:master_seq T:Transactions SCOPE:uvm_test_top.env.m_agt[0].sqr STREAM:2463}
  CREATE_STREAM @155000 {NAME:interrupt_seq T:Transactions SCOPE:uvm_test_top.env.m_agt[0].sqr STREAM:2466}
  CREATE_STREAM @155000 {NAME:slave_seq T:Transactions SCOPE:uvm_test_top.env.s_agt[0].sqr STREAM:2468}
  CREATE_STREAM @155000 {NAME:master_seq T:Transactions SCOPE:uvm_test_top.env.m_agt[0].sqr STREAM:2463}
  CREATE_STREAM @155000 {NAME:interrupt_seq T:Transactions SCOPE:uvm_test_top.env.m_agt[0].sqr STREAM:2466}
  CREATE_STREAM @155000 {NAME:slave_seq T:Transactions SCOPE:uvm_test_top.env.s_agt[0].sqr STREAM:2468}
  CREATE_STREAM @155000 {NAME:master_seq T:Transactions SCOPE:uvm_test_top.env.m_agt[0].sqr STREAM:2463}
  CREATE_STREAM @155000 {NAME:interrupt_seq T:Transactions SCOPE:uvm_test_top.env.m_agt[0].sqr STREAM:2466}
  CREATE_STREAM @155000 {NAME:slave_seq T:Transactions SCOPE:uvm_test_top.env.s_agt[0].sqr STREAM:2468}
  CREATE_STREAM @155000 {NAME:master_seq T:Transactions SCOPE:uvm_test_top.env.m_agt[0].sqr STREAM:2463}
  CREATE_STREAM @155000 {NAME:interrupt_seq T:Transactions SCOPE:uvm_test_top.env.m_agt[0].sqr STREAM:2466}
  CREATE_STREAM @155000 {NAME:slave_seq T:Transactions SCOPE:uvm_test_top.env.s_agt[0].sqr STREAM:2468}
  CREATE_STREAM @155000 {NAME:master_seq T:Transactions SCOPE:uvm_test_top.env.m_agt[0].sqr STREAM:2463}
  CREATE_STREAM @155000 {NAME:interrupt_seq T:Transactions SCOPE:uvm_test_top.env.m_agt[0].sqr STREAM:2466}
  CREATE_STREAM @155000 {NAME:slave_seq T:Transactions SCOPE:uvm_test_top.env.s_agt[0].sqr STREAM:2468}
  CREATE_STREAM @155000 {NAME:master_seq T:Transactions SCOPE:uvm_test_top.env.m_agt[0].sqr STREAM:2463}
  CREATE_STREAM @155000 {NAME:interrupt_seq T:Transactions SCOPE:uvm_test_top.env.m_agt[0].sqr STREAM:2466}
  CREATE_STREAM @155000 {NAME:slave_seq T:Transactions SCOPE:uvm_test_top.env.s_agt[0].sqr STREAM:2468}
  CREATE_STREAM @155000 {NAME:master_seq T:Transactions SCOPE:uvm_test_top.env.m_agt[0].sqr STREAM:2463}
  CREATE_STREAM @155000 {NAME:interrupt_seq T:Transactions SCOPE:uvm_test_top.env.m_agt[0].sqr STREAM:2466}
  CREATE_STREAM @155000 {NAME:slave_seq T:Transactions SCOPE:uvm_test_top.env.s_agt[0].sqr STREAM:2468}
  CREATE_STREAM @155000 {NAME:master_seq T:Transactions SCOPE:uvm_test_top.env.m_agt[0].sqr STREAM:2463}
  CREATE_STREAM @155000 {NAME:interrupt_seq T:Transactions SCOPE:uvm_test_top.env.m_agt[0].sqr STREAM:2466}
  CREATE_STREAM @155000 {NAME:slave_seq T:Transactions SCOPE:uvm_test_top.env.s_agt[0].sqr STREAM:2468}
  CREATE_STREAM @155000 {NAME:master_seq T:Transactions SCOPE:uvm_test_top.env.m_agt[0].sqr STREAM:2463}
  CREATE_STREAM @155000 {NAME:interrupt_seq T:Transactions SCOPE:uvm_test_top.env.m_agt[0].sqr STREAM:2466}
  CREATE_STREAM @155000 {NAME:slave_seq T:Transactions SCOPE:uvm_test_top.env.s_agt[0].sqr STREAM:2468}
  CREATE_STREAM @155000 {NAME:master_seq T:Transactions SCOPE:uvm_test_top.env.m_agt[0].sqr STREAM:2463}
  CREATE_STREAM @155000 {NAME:interrupt_seq T:Transactions SCOPE:uvm_test_top.env.m_agt[0].sqr STREAM:2466}
  CREATE_STREAM @155000 {NAME:slave_seq T:Transactions SCOPE:uvm_test_top.env.s_agt[0].sqr STREAM:2468}
  CREATE_STREAM @155000 {NAME:master_seq T:Transactions SCOPE:uvm_test_top.env.m_agt[0].sqr STREAM:2463}
  CREATE_STREAM @155000 {NAME:interrupt_seq T:Transactions SCOPE:uvm_test_top.env.m_agt[0].sqr STREAM:2466}
  CREATE_STREAM @155000 {NAME:slave_seq T:Transactions SCOPE:uvm_test_top.env.s_agt[0].sqr STREAM:2468}
  CREATE_STREAM @155000 {NAME:master_seq T:Transactions SCOPE:uvm_test_top.env.m_agt[0].sqr STREAM:2463}
  CREATE_STREAM @155000 {NAME:interrupt_seq T:Transactions SCOPE:uvm_test_top.env.m_agt[0].sqr STREAM:2466}
  CREATE_STREAM @155000 {NAME:slave_seq T:Transactions SCOPE:uvm_test_top.env.s_agt[0].sqr STREAM:2468}
  CREATE_STREAM @155000 {NAME:master_seq T:Transactions SCOPE:uvm_test_top.env.m_agt[0].sqr STREAM:2463}
  CREATE_STREAM @155000 {NAME:interrupt_seq T:Transactions SCOPE:uvm_test_top.env.m_agt[0].sqr STREAM:2466}
  CREATE_STREAM @155000 {NAME:slave_seq T:Transactions SCOPE:uvm_test_top.env.s_agt[0].sqr STREAM:2468}
  CREATE_STREAM @155000 {NAME:master_seq T:Transactions SCOPE:uvm_test_top.env.m_agt[0].sqr STREAM:2463}
  CREATE_STREAM @155000 {NAME:interrupt_seq T:Transactions SCOPE:uvm_test_top.env.m_agt[0].sqr STREAM:2466}
  CREATE_STREAM @155000 {NAME:slave_seq T:Transactions SCOPE:uvm_test_top.env.s_agt[0].sqr STREAM:2468}
  CREATE_STREAM @155000 {NAME:master_seq T:Transactions SCOPE:uvm_test_top.env.m_agt[0].sqr STREAM:2463}
  CREATE_STREAM @155000 {NAME:interrupt_seq T:Transactions SCOPE:uvm_test_top.env.m_agt[0].sqr STREAM:2466}
  CREATE_STREAM @155000 {NAME:slave_seq T:Transactions SCOPE:uvm_test_top.env.s_agt[0].sqr STREAM:2468}
  CREATE_STREAM @155000 {NAME:master_seq T:Transactions SCOPE:uvm_test_top.env.m_agt[0].sqr STREAM:2463}
  CREATE_STREAM @155000 {NAME:interrupt_seq T:Transactions SCOPE:uvm_test_top.env.m_agt[0].sqr STREAM:2466}
  CREATE_STREAM @155000 {NAME:slave_seq T:Transactions SCOPE:uvm_test_top.env.s_agt[0].sqr STREAM:2468}
  CREATE_STREAM @155000 {NAME:master_seq T:Transactions SCOPE:uvm_test_top.env.m_agt[0].sqr STREAM:2463}
  CREATE_STREAM @155000 {NAME:interrupt_seq T:Transactions SCOPE:uvm_test_top.env.m_agt[0].sqr STREAM:2466}
  CREATE_STREAM @155000 {NAME:slave_seq T:Transactions SCOPE:uvm_test_top.env.s_agt[0].sqr STREAM:2468}
  CREATE_STREAM @155000 {NAME:master_seq T:Transactions SCOPE:uvm_test_top.env.m_agt[0].sqr STREAM:2463}
  CREATE_STREAM @155000 {NAME:interrupt_seq T:Transactions SCOPE:uvm_test_top.env.m_agt[0].sqr STREAM:2466}
  CREATE_STREAM @155000 {NAME:slave_seq T:Transactions SCOPE:uvm_test_top.env.s_agt[0].sqr STREAM:2468}
  CREATE_STREAM @155000 {NAME:master_seq T:Transactions SCOPE:uvm_test_top.env.m_agt[0].sqr STREAM:2463}
  CREATE_STREAM @155000 {NAME:interrupt_seq T:Transactions SCOPE:uvm_test_top.env.m_agt[0].sqr STREAM:2466}
  CREATE_STREAM @155000 {NAME:slave_seq T:Transactions SCOPE:uvm_test_top.env.s_agt[0].sqr STREAM:2468}
  CREATE_STREAM @155000 {NAME:master_seq T:Transactions SCOPE:uvm_test_top.env.m_agt[0].sqr STREAM:2463}
  CREATE_STREAM @155000 {NAME:interrupt_seq T:Transactions SCOPE:uvm_test_top.env.m_agt[0].sqr STREAM:2466}
  CREATE_STREAM @155000 {NAME:slave_seq T:Transactions SCOPE:uvm_test_top.env.s_agt[0].sqr STREAM:2468}
  CREATE_STREAM @155000 {NAME:master_seq T:Transactions SCOPE:uvm_test_top.env.m_agt[0].sqr STREAM:2463}
  CREATE_STREAM @155000 {NAME:interrupt_seq T:Transactions SCOPE:uvm_test_top.env.m_agt[0].sqr STREAM:2466}
  CREATE_STREAM @155000 {NAME:slave_seq T:Transactions SCOPE:uvm_test_top.env.s_agt[0].sqr STREAM:2468}
  CREATE_STREAM @155000 {NAME:master_seq T:Transactions SCOPE:uvm_test_top.env.m_agt[0].sqr STREAM:2463}
  CREATE_STREAM @155000 {NAME:interrupt_seq T:Transactions SCOPE:uvm_test_top.env.m_agt[0].sqr STREAM:2466}
  CREATE_STREAM @155000 {NAME:slave_seq T:Transactions SCOPE:uvm_test_top.env.s_agt[0].sqr STREAM:2468}
  CREATE_STREAM @155000 {NAME:master_seq T:Transactions SCOPE:uvm_test_top.env.m_agt[0].sqr STREAM:2463}
  CREATE_STREAM @155000 {NAME:interrupt_seq T:Transactions SCOPE:uvm_test_top.env.m_agt[0].sqr STREAM:2466}
  CREATE_STREAM @155000 {NAME:slave_seq T:Transactions SCOPE:uvm_test_top.env.s_agt[0].sqr STREAM:2468}
  CREATE_STREAM @155000 {NAME:master_seq T:Transactions SCOPE:uvm_test_top.env.m_agt[0].sqr STREAM:2463}
  CREATE_STREAM @155000 {NAME:interrupt_seq T:Transactions SCOPE:uvm_test_top.env.m_agt[0].sqr STREAM:2466}
  CREATE_STREAM @155000 {NAME:slave_seq T:Transactions SCOPE:uvm_test_top.env.s_agt[0].sqr STREAM:2468}
  CREATE_STREAM @155000 {NAME:master_seq T:Transactions SCOPE:uvm_test_top.env.m_agt[0].sqr STREAM:2463}
  CREATE_STREAM @155000 {NAME:interrupt_seq T:Transactions SCOPE:uvm_test_top.env.m_agt[0].sqr STREAM:2466}
  CREATE_STREAM @155000 {NAME:slave_seq T:Transactions SCOPE:uvm_test_top.env.s_agt[0].sqr STREAM:2468}
  CREATE_STREAM @155000 {NAME:master_seq T:Transactions SCOPE:uvm_test_top.env.m_agt[0].sqr STREAM:2463}
  CREATE_STREAM @155000 {NAME:interrupt_seq T:Transactions SCOPE:uvm_test_top.env.m_agt[0].sqr STREAM:2466}
  CREATE_STREAM @155000 {NAME:slave_seq T:Transactions SCOPE:uvm_test_top.env.s_agt[0].sqr STREAM:2468}
  CREATE_STREAM @155000 {NAME:master_seq T:Transactions SCOPE:uvm_test_top.env.m_agt[0].sqr STREAM:2463}
  CREATE_STREAM @155000 {NAME:interrupt_seq T:Transactions SCOPE:uvm_test_top.env.m_agt[0].sqr STREAM:2466}
  CREATE_STREAM @155000 {NAME:slave_seq T:Transactions SCOPE:uvm_test_top.env.s_agt[0].sqr STREAM:2468}
  CREATE_STREAM @155000 {NAME:master_seq T:Transactions SCOPE:uvm_test_top.env.m_agt[0].sqr STREAM:2463}
  CREATE_STREAM @155000 {NAME:interrupt_seq T:Transactions SCOPE:uvm_test_top.env.m_agt[0].sqr STREAM:2466}
  CREATE_STREAM @155000 {NAME:slave_seq T:Transactions SCOPE:uvm_test_top.env.s_agt[0].sqr STREAM:2468}
  CREATE_STREAM @155000 {NAME:master_seq T:Transactions SCOPE:uvm_test_top.env.m_agt[0].sqr STREAM:2463}
  CREATE_STREAM @155000 {NAME:interrupt_seq T:Transactions SCOPE:uvm_test_top.env.m_agt[0].sqr STREAM:2466}
  CREATE_STREAM @155000 {NAME:slave_seq T:Transactions SCOPE:uvm_test_top.env.s_agt[0].sqr STREAM:2468}
  CREATE_STREAM @155000 {NAME:master_seq T:Transactions SCOPE:uvm_test_top.env.m_agt[0].sqr STREAM:2463}
  CREATE_STREAM @155000 {NAME:interrupt_seq T:Transactions SCOPE:uvm_test_top.env.m_agt[0].sqr STREAM:2466}
  CREATE_STREAM @155000 {NAME:slave_seq T:Transactions SCOPE:uvm_test_top.env.s_agt[0].sqr STREAM:2468}
  CREATE_STREAM @155000 {NAME:master_seq T:Transactions SCOPE:uvm_test_top.env.m_agt[0].sqr STREAM:2463}
  CREATE_STREAM @155000 {NAME:interrupt_seq T:Transactions SCOPE:uvm_test_top.env.m_agt[0].sqr STREAM:2466}
  CREATE_STREAM @155000 {NAME:slave_seq T:Transactions SCOPE:uvm_test_top.env.s_agt[0].sqr STREAM:2468}
  CREATE_STREAM @155000 {NAME:master_seq T:Transactions SCOPE:uvm_test_top.env.m_agt[0].sqr STREAM:2463}
  CREATE_STREAM @155000 {NAME:interrupt_seq T:Transactions SCOPE:uvm_test_top.env.m_agt[0].sqr STREAM:2466}
  CREATE_STREAM @155000 {NAME:slave_seq T:Transactions SCOPE:uvm_test_top.env.s_agt[0].sqr STREAM:2468}
  CREATE_STREAM @155000 {NAME:master_seq T:Transactions SCOPE:uvm_test_top.env.m_agt[0].sqr STREAM:2463}
  CREATE_STREAM @155000 {NAME:interrupt_seq T:Transactions SCOPE:uvm_test_top.env.m_agt[0].sqr STREAM:2466}
  CREATE_STREAM @155000 {NAME:slave_seq T:Transactions SCOPE:uvm_test_top.env.s_agt[0].sqr STREAM:2468}
  CREATE_STREAM @155000 {NAME:master_seq T:Transactions SCOPE:uvm_test_top.env.m_agt[0].sqr STREAM:2463}
  CREATE_STREAM @155000 {NAME:interrupt_seq T:Transactions SCOPE:uvm_test_top.env.m_agt[0].sqr STREAM:2466}
  CREATE_STREAM @155000 {NAME:slave_seq T:Transactions SCOPE:uvm_test_top.env.s_agt[0].sqr STREAM:2468}
  CREATE_STREAM @155000 {NAME:master_seq T:Transactions SCOPE:uvm_test_top.env.m_agt[0].sqr STREAM:2463}
  CREATE_STREAM @155000 {NAME:interrupt_seq T:Transactions SCOPE:uvm_test_top.env.m_agt[0].sqr STREAM:2466}
  CREATE_STREAM @155000 {NAME:slave_seq T:Transactions SCOPE:uvm_test_top.env.s_agt[0].sqr STREAM:2468}
  CREATE_STREAM @155000 {NAME:master_seq T:Transactions SCOPE:uvm_test_top.env.m_agt[0].sqr STREAM:2463}
  CREATE_STREAM @155000 {NAME:interrupt_seq T:Transactions SCOPE:uvm_test_top.env.m_agt[0].sqr STREAM:2466}
  CREATE_STREAM @155000 {NAME:slave_seq T:Transactions SCOPE:uvm_test_top.env.s_agt[0].sqr STREAM:2468}
  CREATE_STREAM @155000 {NAME:master_seq T:Transactions SCOPE:uvm_test_top.env.m_agt[0].sqr STREAM:2463}
  CREATE_STREAM @155000 {NAME:interrupt_seq T:Transactions SCOPE:uvm_test_top.env.m_agt[0].sqr STREAM:2466}
  CREATE_STREAM @155000 {NAME:slave_seq T:Transactions SCOPE:uvm_test_top.env.s_agt[0].sqr STREAM:2468}
  CREATE_STREAM @155000 {NAME:master_seq T:Transactions SCOPE:uvm_test_top.env.m_agt[0].sqr STREAM:2463}
  CREATE_STREAM @155000 {NAME:interrupt_seq T:Transactions SCOPE:uvm_test_top.env.m_agt[0].sqr STREAM:2466}
  CREATE_STREAM @155000 {NAME:slave_seq T:Transactions SCOPE:uvm_test_top.env.s_agt[0].sqr STREAM:2468}
  CREATE_STREAM @155000 {NAME:master_seq T:Transactions SCOPE:uvm_test_top.env.m_agt[0].sqr STREAM:2463}
  CREATE_STREAM @155000 {NAME:slave_seq T:Transactions SCOPE:uvm_test_top.env.s_agt[0].sqr STREAM:2466}
  CREATE_STREAM @155000 {NAME:master_seq T:Transactions SCOPE:uvm_test_top.env.m_agt[0].sqr STREAM:2463}
  CREATE_STREAM @155000 {NAME:interrupt_seq T:Transactions SCOPE:uvm_test_top.env.m_agt[0].sqr STREAM:2466}
  CREATE_STREAM @155000 {NAME:slave_seq T:Transactions SCOPE:uvm_test_top.env.s_agt[0].sqr STREAM:2468}
  CREATE_STREAM @155000 {NAME:master_seq T:Transactions SCOPE:uvm_test_top.env.m_agt[0].sqr STREAM:2463}
  CREATE_STREAM @155000 {NAME:slave_seq T:Transactions SCOPE:uvm_test_top.env.s_agt[0].sqr STREAM:2466}
  CREATE_STREAM @155000 {NAME:master_seq T:Transactions SCOPE:uvm_test_top.env.m_agt[0].sqr STREAM:2463}
  CREATE_STREAM @155000 {NAME:interrupt_seq T:Transactions SCOPE:uvm_test_top.env.m_agt[0].sqr STREAM:2466}
  CREATE_STREAM @155000 {NAME:slave_seq T:Transactions SCOPE:uvm_test_top.env.s_agt[0].sqr STREAM:2468}
  CREATE_STREAM @155000 {NAME:master_seq T:Transactions SCOPE:uvm_test_top.env.m_agt[0].sqr STREAM:2463}
  CREATE_STREAM @155000 {NAME:interrupt_seq T:Transactions SCOPE:uvm_test_top.env.m_agt[0].sqr STREAM:2466}
  CREATE_STREAM @155000 {NAME:slave_seq T:Transactions SCOPE:uvm_test_top.env.s_agt[0].sqr STREAM:2468}
  CREATE_STREAM @155000 {NAME:master_seq T:Transactions SCOPE:uvm_test_top.env.m_agt[0].sqr STREAM:2463}
  CREATE_STREAM @155000 {NAME:slave_seq T:Transactions SCOPE:uvm_test_top.env.s_agt[0].sqr STREAM:2466}
  CREATE_STREAM @155000 {NAME:master_seq T:Transactions SCOPE:uvm_test_top.env.m_agt[0].sqr STREAM:2463}
  CREATE_STREAM @155000 {NAME:slave_seq T:Transactions SCOPE:uvm_test_top.env.s_agt[0].sqr STREAM:2466}
  CREATE_STREAM @155000 {NAME:master_seq T:Transactions SCOPE:uvm_test_top.env.m_agt[0].sqr STREAM:2463}
  CREATE_STREAM @155000 {NAME:slave_seq T:Transactions SCOPE:uvm_test_top.env.s_agt[0].sqr STREAM:2466}
  CREATE_STREAM @155000 {NAME:master_seq T:Transactions SCOPE:uvm_test_top.env.m_agt[0].sqr STREAM:2463}
  CREATE_STREAM @155000 {NAME:slave_seq T:Transactions SCOPE:uvm_test_top.env.s_agt[0].sqr STREAM:2466}
  CREATE_STREAM @155000 {NAME:master_seq T:Transactions SCOPE:uvm_test_top.env.m_agt[0].sqr STREAM:2463}
  CREATE_STREAM @155000 {NAME:slave_seq T:Transactions SCOPE:uvm_test_top.env.s_agt[0].sqr STREAM:2466}
  CREATE_STREAM @155000 {NAME:master_seq T:Transactions SCOPE:uvm_test_top.env.m_agt[0].sqr STREAM:2463}
  CREATE_STREAM @155000 {NAME:slave_seq T:Transactions SCOPE:uvm_test_top.env.s_agt[0].sqr STREAM:2466}
  CREATE_STREAM @155000 {NAME:master_seq T:Transactions SCOPE:uvm_test_top.env.m_agt[0].sqr STREAM:2463}
  CREATE_STREAM @155000 {NAME:slave_seq T:Transactions SCOPE:uvm_test_top.env.s_agt[0].sqr STREAM:2466}
  CREATE_STREAM @155000 {NAME:master_seq T:Transactions SCOPE:uvm_test_top.env.m_agt[0].sqr STREAM:2463}
  CREATE_STREAM @155000 {NAME:slave_seq T:Transactions SCOPE:uvm_test_top.env.s_agt[0].sqr STREAM:2466}
  CREATE_STREAM @155000 {NAME:master_seq T:Transactions SCOPE:uvm_test_top.env.m_agt[0].sqr STREAM:2463}
  CREATE_STREAM @155000 {NAME:slave_seq T:Transactions SCOPE:uvm_test_top.env.s_agt[0].sqr STREAM:2466}
  CREATE_STREAM @155000 {NAME:master_seq T:Transactions SCOPE:uvm_test_top.env.m_agt[0].sqr STREAM:2463}
  CREATE_STREAM @155000 {NAME:slave_seq T:Transactions SCOPE:uvm_test_top.env.s_agt[0].sqr STREAM:2466}
  CREATE_STREAM @155000 {NAME:master_seq T:Transactions SCOPE:uvm_test_top.env.m_agt[0].sqr STREAM:2463}
  CREATE_STREAM @155000 {NAME:slave_seq T:Transactions SCOPE:uvm_test_top.env.s_agt[0].sqr STREAM:2466}
  CREATE_STREAM @155000 {NAME:master_seq T:Transactions SCOPE:uvm_test_top.env.m_agt[0].sqr STREAM:2463}
  CREATE_STREAM @155000 {NAME:slave_seq T:Transactions SCOPE:uvm_test_top.env.s_agt[0].sqr STREAM:2466}
  CREATE_STREAM @155000 {NAME:master_seq T:Transactions SCOPE:uvm_test_top.env.m_agt[0].sqr STREAM:2463}
  CREATE_STREAM @155000 {NAME:slave_seq T:Transactions SCOPE:uvm_test_top.env.s_agt[0].sqr STREAM:2466}
  CREATE_STREAM @155000 {NAME:master_seq T:Transactions SCOPE:uvm_test_top.env.m_agt[0].sqr STREAM:2463}
  CREATE_STREAM @155000 {NAME:slave_seq T:Transactions SCOPE:uvm_test_top.env.s_agt[0].sqr STREAM:2466}
  CREATE_STREAM @155000 {NAME:master_seq T:Transactions SCOPE:uvm_test_top.env.m_agt[0].sqr STREAM:2463}
  CREATE_STREAM @155000 {NAME:interrupt_seq T:Transactions SCOPE:uvm_test_top.env.m_agt[0].sqr STREAM:2466}
  CREATE_STREAM @155000 {NAME:slave_seq T:Transactions SCOPE:uvm_test_top.env.s_agt[0].sqr STREAM:2468}
  CREATE_STREAM @155000 {NAME:master_seq T:Transactions SCOPE:uvm_test_top.env.m_agt[0].sqr STREAM:2463}
  CREATE_STREAM @155000 {NAME:slave_seq T:Transactions SCOPE:uvm_test_top.env.s_agt[0].sqr STREAM:2466}
  CREATE_STREAM @155000 {NAME:master_seq T:Transactions SCOPE:uvm_test_top.env.m_agt[0].sqr STREAM:2463}
  CREATE_STREAM @155000 {NAME:slave_seq T:Transactions SCOPE:uvm_test_top.env.s_agt[0].sqr STREAM:2466}
  CREATE_STREAM @155000 {NAME:master_seq T:Transactions SCOPE:uvm_test_top.env.m_agt[0].sqr STREAM:2463}
  CREATE_STREAM @155000 {NAME:slave_seq T:Transactions SCOPE:uvm_test_top.env.s_agt[0].sqr STREAM:2466}
  CREATE_STREAM @155000 {NAME:master_seq T:Transactions SCOPE:uvm_test_top.env.m_agt[0].sqr STREAM:2463}
  CREATE_STREAM @155000 {NAME:slave_seq T:Transactions SCOPE:uvm_test_top.env.s_agt[0].sqr STREAM:2466}
  CREATE_STREAM @155000 {NAME:master_seq T:Transactions SCOPE:uvm_test_top.env.m_agt[0].sqr STREAM:2463}
  CREATE_STREAM @155000 {NAME:slave_seq T:Transactions SCOPE:uvm_test_top.env.s_agt[0].sqr STREAM:2466}
  CREATE_STREAM @155000 {NAME:master_seq T:Transactions SCOPE:uvm_test_top.env.m_agt[0].sqr STREAM:2463}
  CREATE_STREAM @155000 {NAME:slave_seq T:Transactions SCOPE:uvm_test_top.env.s_agt[0].sqr STREAM:2466}
  CREATE_STREAM @155000 {NAME:master_seq T:Transactions SCOPE:uvm_test_top.env.m_agt[0].sqr STREAM:2463}
  CREATE_STREAM @155000 {NAME:interrupt_seq T:Transactions SCOPE:uvm_test_top.env.m_agt[0].sqr STREAM:2466}
  CREATE_STREAM @155000 {NAME:slave_seq T:Transactions SCOPE:uvm_test_top.env.s_agt[0].sqr STREAM:2468}
  CREATE_STREAM @155000 {NAME:master_seq T:Transactions SCOPE:uvm_test_top.env.m_agt[0].sqr STREAM:2463}
  CREATE_STREAM @155000 {NAME:interrupt_seq T:Transactions SCOPE:uvm_test_top.env.m_agt[0].sqr STREAM:2466}
  CREATE_STREAM @155000 {NAME:slave_seq T:Transactions SCOPE:uvm_test_top.env.s_agt[0].sqr STREAM:2468}
  CREATE_STREAM @155000 {NAME:master_seq T:Transactions SCOPE:uvm_test_top.env.m_agt[0].sqr STREAM:2463}
  CREATE_STREAM @155000 {NAME:interrupt_seq T:Transactions SCOPE:uvm_test_top.env.m_agt[0].sqr STREAM:2466}
  CREATE_STREAM @155000 {NAME:slave_seq T:Transactions SCOPE:uvm_test_top.env.s_agt[0].sqr STREAM:2468}
  CREATE_STREAM @155000 {NAME:master_seq T:Transactions SCOPE:uvm_test_top.env.m_agt[0].sqr STREAM:2463}
  CREATE_STREAM @155000 {NAME:interrupt_seq T:Transactions SCOPE:uvm_test_top.env.m_agt[0].sqr STREAM:2466}
  CREATE_STREAM @155000 {NAME:slave_seq T:Transactions SCOPE:uvm_test_top.env.s_agt[0].sqr STREAM:2468}
  CREATE_STREAM @155000 {NAME:master_seq T:Transactions SCOPE:uvm_test_top.env.m_agt[0].sqr STREAM:2463}
  CREATE_STREAM @155000 {NAME:interrupt_seq T:Transactions SCOPE:uvm_test_top.env.m_agt[0].sqr STREAM:2466}
  CREATE_STREAM @155000 {NAME:slave_seq T:Transactions SCOPE:uvm_test_top.env.s_agt[0].sqr STREAM:2468}
  CREATE_STREAM @155000 {NAME:master_seq T:Transactions SCOPE:uvm_test_top.env.m_agt[0].sqr STREAM:2463}
  CREATE_STREAM @155000 {NAME:interrupt_seq T:Transactions SCOPE:uvm_test_top.env.m_agt[0].sqr STREAM:2466}
  CREATE_STREAM @155000 {NAME:slave_seq T:Transactions SCOPE:uvm_test_top.env.s_agt[0].sqr STREAM:2468}
  CREATE_STREAM @155000 {NAME:master_seq T:Transactions SCOPE:uvm_test_top.env.m_agt[0].sqr STREAM:2463}
  CREATE_STREAM @155000 {NAME:slave_seq T:Transactions SCOPE:uvm_test_top.env.s_agt[0].sqr STREAM:2466}
  CREATE_STREAM @155000 {NAME:master_seq T:Transactions SCOPE:uvm_test_top.env.m_agt[0].sqr STREAM:2463}
  CREATE_STREAM @155000 {NAME:slave_seq T:Transactions SCOPE:uvm_test_top.env.s_agt[0].sqr STREAM:2466}
  CREATE_STREAM @155000 {NAME:master_seq T:Transactions SCOPE:uvm_test_top.env.m_agt[0].sqr STREAM:2463}
  CREATE_STREAM @155000 {NAME:slave_seq T:Transactions SCOPE:uvm_test_top.env.s_agt[0].sqr STREAM:2466}
  CREATE_STREAM @155000 {NAME:master_seq T:Transactions SCOPE:uvm_test_top.env.m_agt[0].sqr STREAM:2463}
  CREATE_STREAM @155000 {NAME:slave_seq T:Transactions SCOPE:uvm_test_top.env.s_agt[0].sqr STREAM:2466}
  CREATE_STREAM @155000 {NAME:master_seq T:Transactions SCOPE:uvm_test_top.env.m_agt[0].sqr STREAM:2460}
  CREATE_STREAM @155000 {NAME:slave_seq T:Transactions SCOPE:uvm_test_top.env.s_agt[0].sqr STREAM:2463}
  CREATE_STREAM @155000 {NAME:master_seq T:Transactions SCOPE:uvm_test_top.env.m_agt[0].sqr STREAM:2460}
  CREATE_STREAM @155000 {NAME:slave_seq T:Transactions SCOPE:uvm_test_top.env.s_agt[0].sqr STREAM:2463}
  CREATE_STREAM @155000 {NAME:master_seq T:Transactions SCOPE:uvm_test_top.env.m_agt[0].sqr STREAM:2460}
  CREATE_STREAM @155000 {NAME:slave_seq T:Transactions SCOPE:uvm_test_top.env.s_agt[0].sqr STREAM:2463}
  CREATE_STREAM @155000 {NAME:master_seq T:Transactions SCOPE:uvm_test_top.env.m_agt[0].sqr STREAM:2460}
  CREATE_STREAM @155000 {NAME:slave_seq T:Transactions SCOPE:uvm_test_top.env.s_agt[0].sqr STREAM:2463}
  CREATE_STREAM @155000 {NAME:master_seq T:Transactions SCOPE:uvm_test_top.env.m_agt[0].sqr STREAM:2460}
  CREATE_STREAM @155000 {NAME:slave_seq T:Transactions SCOPE:uvm_test_top.env.s_agt[0].sqr STREAM:2463}
  CREATE_STREAM @155000 {NAME:master_seq T:Transactions SCOPE:uvm_test_top.env.m_agt[0].sqr STREAM:2460}
  CREATE_STREAM @155000 {NAME:slave_seq T:Transactions SCOPE:uvm_test_top.env.s_agt[0].sqr STREAM:2463}
  CREATE_STREAM @155000 {NAME:master_seq T:Transactions SCOPE:uvm_test_top.env.m_agt[0].sqr STREAM:2460}
  CREATE_STREAM @155000 {NAME:slave_seq T:Transactions SCOPE:uvm_test_top.env.s_agt[0].sqr STREAM:2463}
  CREATE_STREAM @155000 {NAME:master_seq T:Transactions SCOPE:uvm_test_top.env.m_agt[0].sqr STREAM:2460}
  CREATE_STREAM @155000 {NAME:slave_seq T:Transactions SCOPE:uvm_test_top.env.s_agt[0].sqr STREAM:2463}
  CREATE_STREAM @155000 {NAME:master_seq T:Transactions SCOPE:uvm_test_top.env.m_agt[0].sqr STREAM:2460}
  CREATE_STREAM @155000 {NAME:slave_seq T:Transactions SCOPE:uvm_test_top.env.s_agt[0].sqr STREAM:2463}
  CREATE_STREAM @155000 {NAME:master_seq T:Transactions SCOPE:uvm_test_top.env.m_agt[0].sqr STREAM:2460}
  CREATE_STREAM @155000 {NAME:slave_seq T:Transactions SCOPE:uvm_test_top.env.s_agt[0].sqr STREAM:2463}
  CREATE_STREAM @155000 {NAME:master_seq T:Transactions SCOPE:uvm_test_top.env.m_agt[0].sqr STREAM:2460}
  CREATE_STREAM @155000 {NAME:slave_seq T:Transactions SCOPE:uvm_test_top.env.s_agt[0].sqr STREAM:2463}
  CREATE_STREAM @155000 {NAME:master_seq T:Transactions SCOPE:uvm_test_top.env.m_agt[0].sqr STREAM:2460}
  CREATE_STREAM @155000 {NAME:slave_seq T:Transactions SCOPE:uvm_test_top.env.s_agt[0].sqr STREAM:2463}
  CREATE_STREAM @155000 {NAME:master_seq T:Transactions SCOPE:uvm_test_top.env.m_agt[0].sqr STREAM:2460}
  CREATE_STREAM @155000 {NAME:slave_seq T:Transactions SCOPE:uvm_test_top.env.s_agt[0].sqr STREAM:2463}
  CREATE_STREAM @155000 {NAME:master_seq T:Transactions SCOPE:uvm_test_top.env.m_agt[0].sqr STREAM:2460}
  CREATE_STREAM @155000 {NAME:slave_seq T:Transactions SCOPE:uvm_test_top.env.s_agt[0].sqr STREAM:2463}
  CREATE_STREAM @155000 {NAME:master_seq T:Transactions SCOPE:uvm_test_top.env.m_agt[0].sqr STREAM:2460}
  CREATE_STREAM @155000 {NAME:slave_seq T:Transactions SCOPE:uvm_test_top.env.s_agt[0].sqr STREAM:2463}
  CREATE_STREAM @155000 {NAME:master_seq T:Transactions SCOPE:uvm_test_top.env.m_agt[0].sqr STREAM:2460}
  CREATE_STREAM @155000 {NAME:slave_seq T:Transactions SCOPE:uvm_test_top.env.s_agt[0].sqr STREAM:2463}
  CREATE_STREAM @155000 {NAME:master_seq T:Transactions SCOPE:uvm_test_top.env.m_agt[0].sqr STREAM:2482}
  CREATE_STREAM @155000 {NAME:interrupt_seq T:Transactions SCOPE:uvm_test_top.env.m_agt[0].sqr STREAM:2485}
  CREATE_STREAM @155000 {NAME:slave_seq T:Transactions SCOPE:uvm_test_top.env.s_agt[0].sqr STREAM:2487}
  CREATE_STREAM @155000 {NAME:master_seq T:Transactions SCOPE:uvm_test_top.env.m_agt[0].sqr STREAM:2482}
  CREATE_STREAM @155000 {NAME:interrupt_seq T:Transactions SCOPE:uvm_test_top.env.m_agt[0].sqr STREAM:2485}
  CREATE_STREAM @155000 {NAME:slave_seq T:Transactions SCOPE:uvm_test_top.env.s_agt[0].sqr STREAM:2487}
  CREATE_STREAM @155000 {NAME:master_seq T:Transactions SCOPE:uvm_test_top.env.m_agt[0].sqr STREAM:2482}
  CREATE_STREAM @155000 {NAME:interrupt_seq T:Transactions SCOPE:uvm_test_top.env.m_agt[0].sqr STREAM:2485}
  CREATE_STREAM @155000 {NAME:slave_seq T:Transactions SCOPE:uvm_test_top.env.s_agt[0].sqr STREAM:2487}
  CREATE_STREAM @155000 {NAME:master_seq T:Transactions SCOPE:uvm_test_top.env.m_agt[0].sqr STREAM:2483}
  CREATE_STREAM @155000 {NAME:interrupt_seq T:Transactions SCOPE:uvm_test_top.env.m_agt[0].sqr STREAM:2486}
  CREATE_STREAM @155000 {NAME:slave_seq T:Transactions SCOPE:uvm_test_top.env.s_agt[0].sqr STREAM:2488}
  CREATE_STREAM @155000 {NAME:master_seq T:Transactions SCOPE:uvm_test_top.env.m_agt[0].sqr STREAM:2483}
  CREATE_STREAM @155000 {NAME:interrupt_seq T:Transactions SCOPE:uvm_test_top.env.m_agt[0].sqr STREAM:2486}
  CREATE_STREAM @155000 {NAME:slave_seq T:Transactions SCOPE:uvm_test_top.env.s_agt[0].sqr STREAM:2488}
  CREATE_STREAM @155000 {NAME:master_seq T:Transactions SCOPE:uvm_test_top.env.m_agt[0].sqr STREAM:2493}
  CREATE_STREAM @155000 {NAME:interrupt_seq T:Transactions SCOPE:uvm_test_top.env.m_agt[0].sqr STREAM:2496}
  CREATE_STREAM @155000 {NAME:slave_seq T:Transactions SCOPE:uvm_test_top.env.s_agt[0].sqr STREAM:2498}
  CREATE_STREAM @155000 {NAME:master_seq T:Transactions SCOPE:uvm_test_top.env.m_agt[0].sqr STREAM:2493}
  CREATE_STREAM @155000 {NAME:interrupt_seq T:Transactions SCOPE:uvm_test_top.env.m_agt[0].sqr STREAM:2496}
  CREATE_STREAM @155000 {NAME:slave_seq T:Transactions SCOPE:uvm_test_top.env.s_agt[0].sqr STREAM:2498}
  CREATE_STREAM @155000 {NAME:master_seq T:Transactions SCOPE:uvm_test_top.env.m_agt[0].sqr STREAM:2493}
  CREATE_STREAM @155000 {NAME:interrupt_seq T:Transactions SCOPE:uvm_test_top.env.m_agt[0].sqr STREAM:2496}
  CREATE_STREAM @155000 {NAME:slave_seq T:Transactions SCOPE:uvm_test_top.env.s_agt[0].sqr STREAM:2498}
  CREATE_STREAM @155000 {NAME:master_seq T:Transactions SCOPE:uvm_test_top.env.m_agt[0].sqr STREAM:2542}
  CREATE_STREAM @155000 {NAME:interrupt_seq T:Transactions SCOPE:uvm_test_top.env.m_agt[0].sqr STREAM:2545}
  CREATE_STREAM @155000 {NAME:slave_seq T:Transactions SCOPE:uvm_test_top.env.s_agt[0].sqr STREAM:2547}
  CREATE_STREAM @155000 {NAME:master_seq T:Transactions SCOPE:uvm_test_top.env.m_agt[0].sqr STREAM:2493}
  CREATE_STREAM @155000 {NAME:interrupt_seq T:Transactions SCOPE:uvm_test_top.env.m_agt[0].sqr STREAM:2496}
  CREATE_STREAM @155000 {NAME:slave_seq T:Transactions SCOPE:uvm_test_top.env.s_agt[0].sqr STREAM:2498}
  CREATE_STREAM @155000 {NAME:master_seq T:Transactions SCOPE:uvm_test_top.env.m_agt[0].sqr STREAM:2493}
  CREATE_STREAM @155000 {NAME:interrupt_seq T:Transactions SCOPE:uvm_test_top.env.m_agt[0].sqr STREAM:2496}
  CREATE_STREAM @155000 {NAME:slave_seq T:Transactions SCOPE:uvm_test_top.env.s_agt[0].sqr STREAM:2498}
  CREATE_STREAM @155000 {NAME:master_seq T:Transactions SCOPE:uvm_test_top.env.m_agt[0].sqr STREAM:2493}
  CREATE_STREAM @155000 {NAME:interrupt_seq T:Transactions SCOPE:uvm_test_top.env.m_agt[0].sqr STREAM:2496}
  CREATE_STREAM @155000 {NAME:slave_seq T:Transactions SCOPE:uvm_test_top.env.s_agt[0].sqr STREAM:2498}
  CREATE_STREAM @155000 {NAME:master_seq T:Transactions SCOPE:uvm_test_top.env.m_agt[0].sqr STREAM:2493}
  CREATE_STREAM @155000 {NAME:interrupt_seq T:Transactions SCOPE:uvm_test_top.env.m_agt[0].sqr STREAM:2496}
  CREATE_STREAM @155000 {NAME:slave_seq T:Transactions SCOPE:uvm_test_top.env.s_agt[0].sqr STREAM:2498}
  CREATE_STREAM @155000 {NAME:master_seq T:Transactions SCOPE:uvm_test_top.env.m_agt[0].sqr STREAM:2493}
  CREATE_STREAM @155000 {NAME:interrupt_seq T:Transactions SCOPE:uvm_test_top.env.m_agt[0].sqr STREAM:2496}
  CREATE_STREAM @155000 {NAME:slave_seq T:Transactions SCOPE:uvm_test_top.env.s_agt[0].sqr STREAM:2498}
  CREATE_STREAM @155000 {NAME:master_seq T:Transactions SCOPE:uvm_test_top.env.m_agt[0].sqr STREAM:2483}
  CREATE_STREAM @155000 {NAME:interrupt_seq T:Transactions SCOPE:uvm_test_top.env.m_agt[0].sqr STREAM:2486}
  CREATE_STREAM @155000 {NAME:slave_seq T:Transactions SCOPE:uvm_test_top.env.s_agt[0].sqr STREAM:2488}
  CREATE_STREAM @155000 {NAME:master_seq T:Transactions SCOPE:uvm_test_top.env.m_agt[0].sqr STREAM:2240}
  CREATE_STREAM @155000 {NAME:slave_seq T:Transactions SCOPE:uvm_test_top.env.s_agt[0].sqr STREAM:2243}
  CREATE_STREAM @155000 {NAME:master_seq T:Transactions SCOPE:uvm_test_top.env.m_agt[0].sqr STREAM:2240}
  CREATE_STREAM @155000 {NAME:slave_seq T:Transactions SCOPE:uvm_test_top.env.s_agt[0].sqr STREAM:2243}
  CREATE_STREAM @155000 {NAME:master_seq T:Transactions SCOPE:uvm_test_top.env.m_agt[0].sqr STREAM:2243}
  CREATE_STREAM @155000 {NAME:slave_seq T:Transactions SCOPE:uvm_test_top.env.s_agt[0].sqr STREAM:2246}
  CREATE_STREAM @155000 {NAME:master_seq T:Transactions SCOPE:uvm_test_top.env.m_agt[0].sqr STREAM:2483}
  CREATE_STREAM @155000 {NAME:interrupt_seq T:Transactions SCOPE:uvm_test_top.env.m_agt[0].sqr STREAM:2486}
  CREATE_STREAM @155000 {NAME:slave_seq T:Transactions SCOPE:uvm_test_top.env.s_agt[0].sqr STREAM:2488}
  CREATE_STREAM @77500 {NAME:master_seq T:Transactions SCOPE:uvm_test_top.env.m_agt[0].sqr STREAM:2483}
  CREATE_STREAM @77500 {NAME:interrupt_seq T:Transactions SCOPE:uvm_test_top.env.m_agt[0].sqr STREAM:2486}
  CREATE_STREAM @77500 {NAME:slave_seq T:Transactions SCOPE:uvm_test_top.env.s_agt[0].sqr STREAM:2488}
  CREATE_STREAM @77500 {NAME:master_seq T:Transactions SCOPE:uvm_test_top.env.m_agt[0].sqr STREAM:2240}
  CREATE_STREAM @77500 {NAME:slave_seq T:Transactions SCOPE:uvm_test_top.env.s_agt[0].sqr STREAM:2243}
  CREATE_STREAM @77500 {NAME:master_seq T:Transactions SCOPE:uvm_test_top.env.m_agt[0].sqr STREAM:2240}
  CREATE_STREAM @77500 {NAME:slave_seq T:Transactions SCOPE:uvm_test_top.env.s_agt[0].sqr STREAM:2243}
  CREATE_STREAM @77500 {NAME:master_seq T:Transactions SCOPE:uvm_test_top.env.m_agt[0].sqr STREAM:2243}
  CREATE_STREAM @77500 {NAME:slave_seq T:Transactions SCOPE:uvm_test_top.env.s_agt[0].sqr STREAM:2246}
  CREATE_STREAM @77500 {NAME:master_seq T:Transactions SCOPE:uvm_test_top.env.m_agt[0].sqr STREAM:2243}
  CREATE_STREAM @77500 {NAME:slave_seq T:Transactions SCOPE:uvm_test_top.env.s_agt[0].sqr STREAM:2246}
  CREATE_STREAM @77500 {NAME:master_seq T:Transactions SCOPE:uvm_test_top.env.m_agt[0].sqr STREAM:2243}
  CREATE_STREAM @77500 {NAME:slave_seq T:Transactions SCOPE:uvm_test_top.env.s_agt[0].sqr STREAM:2246}
  CREATE_STREAM @77500 {NAME:master_seq T:Transactions SCOPE:uvm_test_top.env.m_agt[0].sqr STREAM:2243}
  CREATE_STREAM @77500 {NAME:interrupt_seq T:Transactions SCOPE:uvm_test_top.env.m_agt[0].sqr STREAM:2246}
  CREATE_STREAM @77500 {NAME:slave_seq T:Transactions SCOPE:uvm_test_top.env.s_agt[0].sqr STREAM:2248}
  CREATE_STREAM @77500 {NAME:master_seq T:Transactions SCOPE:uvm_test_top.env.m_agt[0].sqr STREAM:2243}
  CREATE_STREAM @77500 {NAME:interrupt_seq T:Transactions SCOPE:uvm_test_top.env.m_agt[0].sqr STREAM:2246}
  CREATE_STREAM @77500 {NAME:slave_seq T:Transactions SCOPE:uvm_test_top.env.s_agt[0].sqr STREAM:2248}
  CREATE_STREAM @77500 {NAME:master_seq T:Transactions SCOPE:uvm_test_top.env.m_agt[0].sqr STREAM:2243}
  CREATE_STREAM @77500 {NAME:interrupt_seq T:Transactions SCOPE:uvm_test_top.env.m_agt[0].sqr STREAM:2246}
  CREATE_STREAM @77500 {NAME:slave_seq T:Transactions SCOPE:uvm_test_top.env.s_agt[0].sqr STREAM:2248}
  CREATE_STREAM @77500 {NAME:master_seq T:Transactions SCOPE:uvm_test_top.env.m_agt[0].sqr STREAM:2243}
  CREATE_STREAM @77500 {NAME:interrupt_seq T:Transactions SCOPE:uvm_test_top.env.m_agt[0].sqr STREAM:2246}
  CREATE_STREAM @77500 {NAME:slave_seq T:Transactions SCOPE:uvm_test_top.env.s_agt[0].sqr STREAM:2248}
  CREATE_STREAM @77500 {NAME:master_seq T:Transactions SCOPE:uvm_test_top.env.m_agt[0].sqr STREAM:2243}
  CREATE_STREAM @77500 {NAME:interrupt_seq T:Transactions SCOPE:uvm_test_top.env.m_agt[0].sqr STREAM:2246}
  CREATE_STREAM @77500 {NAME:slave_seq T:Transactions SCOPE:uvm_test_top.env.s_agt[0].sqr STREAM:2248}
  CREATE_STREAM @77500 {NAME:master_seq T:Transactions SCOPE:uvm_test_top.env.m_agt[0].sqr STREAM:2243}
  CREATE_STREAM @77500 {NAME:interrupt_seq T:Transactions SCOPE:uvm_test_top.env.m_agt[0].sqr STREAM:2246}
  CREATE_STREAM @77500 {NAME:slave_seq T:Transactions SCOPE:uvm_test_top.env.s_agt[0].sqr STREAM:2248}
  CREATE_STREAM @155000 {NAME:master_seq T:Transactions SCOPE:uvm_test_top.env.m_agt[0].sqr STREAM:2240}
  CREATE_STREAM @155000 {NAME:slave_seq T:Transactions SCOPE:uvm_test_top.env.s_agt[0].sqr STREAM:2243}
  CREATE_STREAM @77500 {NAME:master_seq T:Transactions SCOPE:uvm_test_top.env.m_agt[0].sqr STREAM:2483}
  CREATE_STREAM @77500 {NAME:interrupt_seq T:Transactions SCOPE:uvm_test_top.env.m_agt[0].sqr STREAM:2486}
  CREATE_STREAM @77500 {NAME:slave_seq T:Transactions SCOPE:uvm_test_top.env.s_agt[0].sqr STREAM:2488}
  CREATE_STREAM @77500 {NAME:master_seq T:Transactions SCOPE:uvm_test_top.env.m_agt[0].sqr STREAM:2240}
  CREATE_STREAM @77500 {NAME:slave_seq T:Transactions SCOPE:uvm_test_top.env.s_agt[0].sqr STREAM:2243}
  CREATE_STREAM @77500 {NAME:master_seq T:Transactions SCOPE:uvm_test_top.env.m_agt[0].sqr STREAM:2240}
  CREATE_STREAM @77500 {NAME:slave_seq T:Transactions SCOPE:uvm_test_top.env.s_agt[0].sqr STREAM:2243}
  CREATE_STREAM @77500 {NAME:master_seq T:Transactions SCOPE:uvm_test_top.env.m_agt[0].sqr STREAM:2243}
  CREATE_STREAM @77500 {NAME:slave_seq T:Transactions SCOPE:uvm_test_top.env.s_agt[0].sqr STREAM:2246}
  CREATE_STREAM @77500 {NAME:master_seq T:Transactions SCOPE:uvm_test_top.env.m_agt[0].sqr STREAM:2243}
  CREATE_STREAM @77500 {NAME:slave_seq T:Transactions SCOPE:uvm_test_top.env.s_agt[0].sqr STREAM:2246}
  CREATE_STREAM @77500 {NAME:master_seq T:Transactions SCOPE:uvm_test_top.env.m_agt[0].sqr STREAM:2243}
  CREATE_STREAM @77500 {NAME:slave_seq T:Transactions SCOPE:uvm_test_top.env.s_agt[0].sqr STREAM:2246}
  CREATE_STREAM @77500 {NAME:master_seq T:Transactions SCOPE:uvm_test_top.env.m_agt[0].sqr STREAM:2243}
  CREATE_STREAM @77500 {NAME:interrupt_seq T:Transactions SCOPE:uvm_test_top.env.m_agt[0].sqr STREAM:2246}
  CREATE_STREAM @77500 {NAME:slave_seq T:Transactions SCOPE:uvm_test_top.env.s_agt[0].sqr STREAM:2248}
  CREATE_STREAM @77500 {NAME:master_seq T:Transactions SCOPE:uvm_test_top.env.m_agt[0].sqr STREAM:2243}
  CREATE_STREAM @77500 {NAME:interrupt_seq T:Transactions SCOPE:uvm_test_top.env.m_agt[0].sqr STREAM:2246}
  CREATE_STREAM @77500 {NAME:slave_seq T:Transactions SCOPE:uvm_test_top.env.s_agt[0].sqr STREAM:2248}
  CREATE_STREAM @77500 {NAME:master_seq T:Transactions SCOPE:uvm_test_top.env.m_agt[0].sqr STREAM:2243}
  CREATE_STREAM @77500 {NAME:interrupt_seq T:Transactions SCOPE:uvm_test_top.env.m_agt[0].sqr STREAM:2246}
  CREATE_STREAM @77500 {NAME:slave_seq T:Transactions SCOPE:uvm_test_top.env.s_agt[0].sqr STREAM:2248}
  CREATE_STREAM @77500 {NAME:master_seq T:Transactions SCOPE:uvm_test_top.env.m_agt[0].sqr STREAM:2243}
  CREATE_STREAM @77500 {NAME:interrupt_seq T:Transactions SCOPE:uvm_test_top.env.m_agt[0].sqr STREAM:2246}
  CREATE_STREAM @77500 {NAME:slave_seq T:Transactions SCOPE:uvm_test_top.env.s_agt[0].sqr STREAM:2248}
  CREATE_STREAM @77500 {NAME:master_seq T:Transactions SCOPE:uvm_test_top.env.m_agt[0].sqr STREAM:2243}
  CREATE_STREAM @77500 {NAME:interrupt_seq T:Transactions SCOPE:uvm_test_top.env.m_agt[0].sqr STREAM:2246}
  CREATE_STREAM @77500 {NAME:slave_seq T:Transactions SCOPE:uvm_test_top.env.s_agt[0].sqr STREAM:2248}
  CREATE_STREAM @77500 {NAME:master_seq T:Transactions SCOPE:uvm_test_top.env.m_agt[0].sqr STREAM:2243}
  CREATE_STREAM @77500 {NAME:interrupt_seq T:Transactions SCOPE:uvm_test_top.env.m_agt[0].sqr STREAM:2246}
  CREATE_STREAM @77500 {NAME:slave_seq T:Transactions SCOPE:uvm_test_top.env.s_agt[0].sqr STREAM:2248}
  CREATE_STREAM @77500 {NAME:master_seq T:Transactions SCOPE:uvm_test_top.env.m_agt[0].sqr STREAM:2240}
  CREATE_STREAM @77500 {NAME:slave_seq T:Transactions SCOPE:uvm_test_top.env.s_agt[0].sqr STREAM:2243}
  CREATE_STREAM @77500 {NAME:master_seq T:Transactions SCOPE:uvm_test_top.env.m_agt[0].sqr STREAM:2240}
  CREATE_STREAM @77500 {NAME:slave_seq T:Transactions SCOPE:uvm_test_top.env.s_agt[0].sqr STREAM:2243}
  CREATE_STREAM @77500 {NAME:master_seq T:Transactions SCOPE:uvm_test_top.env.m_agt[0].sqr STREAM:2243}
  CREATE_STREAM @77500 {NAME:slave_seq T:Transactions SCOPE:uvm_test_top.env.s_agt[0].sqr STREAM:2246}
  CREATE_STREAM @77500 {NAME:master_seq T:Transactions SCOPE:uvm_test_top.env.m_agt[0].sqr STREAM:2243}
  CREATE_STREAM @77500 {NAME:slave_seq T:Transactions SCOPE:uvm_test_top.env.s_agt[0].sqr STREAM:2246}
  CREATE_STREAM @77500 {NAME:master_seq T:Transactions SCOPE:uvm_test_top.env.m_agt[0].sqr STREAM:2243}
  CREATE_STREAM @77500 {NAME:slave_seq T:Transactions SCOPE:uvm_test_top.env.s_agt[0].sqr STREAM:2246}
  CREATE_STREAM @77500 {NAME:master_seq T:Transactions SCOPE:uvm_test_top.env.m_agt[0].sqr STREAM:2243}
  CREATE_STREAM @77500 {NAME:interrupt_seq T:Transactions SCOPE:uvm_test_top.env.m_agt[0].sqr STREAM:2246}
  CREATE_STREAM @77500 {NAME:slave_seq T:Transactions SCOPE:uvm_test_top.env.s_agt[0].sqr STREAM:2248}
  CREATE_STREAM @77500 {NAME:master_seq T:Transactions SCOPE:uvm_test_top.env.m_agt[0].sqr STREAM:2243}
  CREATE_STREAM @77500 {NAME:interrupt_seq T:Transactions SCOPE:uvm_test_top.env.m_agt[0].sqr STREAM:2246}
  CREATE_STREAM @77500 {NAME:slave_seq T:Transactions SCOPE:uvm_test_top.env.s_agt[0].sqr STREAM:2248}
  CREATE_STREAM @77500 {NAME:master_seq T:Transactions SCOPE:uvm_test_top.env.m_agt[0].sqr STREAM:2243}
  CREATE_STREAM @77500 {NAME:interrupt_seq T:Transactions SCOPE:uvm_test_top.env.m_agt[0].sqr STREAM:2246}
  CREATE_STREAM @77500 {NAME:slave_seq T:Transactions SCOPE:uvm_test_top.env.s_agt[0].sqr STREAM:2248}
  CREATE_STREAM @77500 {NAME:master_seq T:Transactions SCOPE:uvm_test_top.env.m_agt[0].sqr STREAM:2243}
  CREATE_STREAM @77500 {NAME:interrupt_seq T:Transactions SCOPE:uvm_test_top.env.m_agt[0].sqr STREAM:2246}
  CREATE_STREAM @77500 {NAME:slave_seq T:Transactions SCOPE:uvm_test_top.env.s_agt[0].sqr STREAM:2248}
  CREATE_STREAM @77500 {NAME:master_seq T:Transactions SCOPE:uvm_test_top.env.m_agt[0].sqr STREAM:2243}
  CREATE_STREAM @77500 {NAME:interrupt_seq T:Transactions SCOPE:uvm_test_top.env.m_agt[0].sqr STREAM:2246}
  CREATE_STREAM @77500 {NAME:slave_seq T:Transactions SCOPE:uvm_test_top.env.s_agt[0].sqr STREAM:2248}
  CREATE_STREAM @77500 {NAME:master_seq T:Transactions SCOPE:uvm_test_top.env.m_agt[0].sqr STREAM:2243}
  CREATE_STREAM @77500 {NAME:interrupt_seq T:Transactions SCOPE:uvm_test_top.env.m_agt[0].sqr STREAM:2246}
  CREATE_STREAM @77500 {NAME:slave_seq T:Transactions SCOPE:uvm_test_top.env.s_agt[0].sqr STREAM:2248}
  CREATE_STREAM @77500 {NAME:master_seq T:Transactions SCOPE:uvm_test_top.env.m_agt[0].sqr STREAM:2480}
  CREATE_STREAM @77500 {NAME:slave_seq T:Transactions SCOPE:uvm_test_top.env.s_agt[0].sqr STREAM:2483}
  CREATE_STREAM @77500 {NAME:master_seq T:Transactions SCOPE:uvm_test_top.env.m_agt[0].sqr STREAM:2483}
  CREATE_STREAM @77500 {NAME:interrupt_seq T:Transactions SCOPE:uvm_test_top.env.m_agt[0].sqr STREAM:2486}
  CREATE_STREAM @77500 {NAME:slave_seq T:Transactions SCOPE:uvm_test_top.env.s_agt[0].sqr STREAM:2488}
  CREATE_STREAM @77500 {NAME:master_seq T:Transactions SCOPE:uvm_test_top.env.m_agt[0].sqr STREAM:2483}
  CREATE_STREAM @77500 {NAME:interrupt_seq T:Transactions SCOPE:uvm_test_top.env.m_agt[0].sqr STREAM:2486}
  CREATE_STREAM @77500 {NAME:slave_seq T:Transactions SCOPE:uvm_test_top.env.s_agt[0].sqr STREAM:2488}
  CREATE_STREAM @77500 {NAME:master_seq T:Transactions SCOPE:uvm_test_top.env.m_agt[0].sqr STREAM:2480}
  CREATE_STREAM @77500 {NAME:slave_seq T:Transactions SCOPE:uvm_test_top.env.s_agt[0].sqr STREAM:2483}
  CREATE_STREAM @77500 {NAME:master_seq T:Transactions SCOPE:uvm_test_top.env.m_agt[0].sqr STREAM:2480}
  CREATE_STREAM @77500 {NAME:slave_seq T:Transactions SCOPE:uvm_test_top.env.s_agt[0].sqr STREAM:2483}
  CREATE_STREAM @77500 {NAME:master_seq T:Transactions SCOPE:uvm_test_top.env.m_agt[0].sqr STREAM:2480}
  CREATE_STREAM @77500 {NAME:slave_seq T:Transactions SCOPE:uvm_test_top.env.s_agt[0].sqr STREAM:2483}
  CREATE_STREAM @77500 {NAME:master_seq T:Transactions SCOPE:uvm_test_top.env.m_agt[0].sqr STREAM:2480}
  CREATE_STREAM @77500 {NAME:slave_seq T:Transactions SCOPE:uvm_test_top.env.s_agt[0].sqr STREAM:2483}
  CREATE_STREAM @77500 {NAME:master_seq T:Transactions SCOPE:uvm_test_top.env.m_agt[0].sqr STREAM:2480}
  CREATE_STREAM @77500 {NAME:slave_seq T:Transactions SCOPE:uvm_test_top.env.s_agt[0].sqr STREAM:2483}
  CREATE_STREAM @77500 {NAME:master_seq T:Transactions SCOPE:uvm_test_top.env.m_agt[0].sqr STREAM:2480}
  CREATE_STREAM @77500 {NAME:slave_seq T:Transactions SCOPE:uvm_test_top.env.s_agt[0].sqr STREAM:2483}
  CREATE_STREAM @77500 {NAME:master_seq T:Transactions SCOPE:uvm_test_top.env.m_agt[0].sqr STREAM:2483}
  CREATE_STREAM @77500 {NAME:interrupt_seq T:Transactions SCOPE:uvm_test_top.env.m_agt[0].sqr STREAM:2486}
  CREATE_STREAM @77500 {NAME:slave_seq T:Transactions SCOPE:uvm_test_top.env.s_agt[0].sqr STREAM:2488}
  CREATE_STREAM @77500 {NAME:master_seq T:Transactions SCOPE:uvm_test_top.env.m_agt[0].sqr STREAM:2480}
  CREATE_STREAM @77500 {NAME:slave_seq T:Transactions SCOPE:uvm_test_top.env.s_agt[0].sqr STREAM:2483}
  CREATE_STREAM @77500 {NAME:master_seq T:Transactions SCOPE:uvm_test_top.env.m_agt[0].sqr STREAM:2480}
  CREATE_STREAM @77500 {NAME:slave_seq T:Transactions SCOPE:uvm_test_top.env.s_agt[0].sqr STREAM:2483}
  CREATE_STREAM @77500 {NAME:master_seq T:Transactions SCOPE:uvm_test_top.env.m_agt[0].sqr STREAM:2483}
  CREATE_STREAM @77500 {NAME:interrupt_seq T:Transactions SCOPE:uvm_test_top.env.m_agt[0].sqr STREAM:2486}
  CREATE_STREAM @77500 {NAME:slave_seq T:Transactions SCOPE:uvm_test_top.env.s_agt[0].sqr STREAM:2488}
  CREATE_STREAM @77500 {NAME:master_seq T:Transactions SCOPE:uvm_test_top.env.m_agt[0].sqr STREAM:2483}
  CREATE_STREAM @77500 {NAME:interrupt_seq T:Transactions SCOPE:uvm_test_top.env.m_agt[0].sqr STREAM:2486}
  CREATE_STREAM @77500 {NAME:slave_seq T:Transactions SCOPE:uvm_test_top.env.s_agt[0].sqr STREAM:2488}
  CREATE_STREAM @77500 {NAME:master_seq T:Transactions SCOPE:uvm_test_top.env.m_agt[0].sqr STREAM:2483}
  CREATE_STREAM @77500 {NAME:interrupt_seq T:Transactions SCOPE:uvm_test_top.env.m_agt[0].sqr STREAM:2486}
  CREATE_STREAM @77500 {NAME:slave_seq T:Transactions SCOPE:uvm_test_top.env.s_agt[0].sqr STREAM:2488}
  CREATE_STREAM @77500 {NAME:master_seq T:Transactions SCOPE:uvm_test_top.env.m_agt[0].sqr STREAM:2240}
  CREATE_STREAM @77500 {NAME:slave_seq T:Transactions SCOPE:uvm_test_top.env.s_agt[0].sqr STREAM:2243}
  CREATE_STREAM @77500 {NAME:master_seq T:Transactions SCOPE:uvm_test_top.env.m_agt[0].sqr STREAM:2240}
  CREATE_STREAM @77500 {NAME:slave_seq T:Transactions SCOPE:uvm_test_top.env.s_agt[0].sqr STREAM:2243}
  CREATE_STREAM @77500 {NAME:master_seq T:Transactions SCOPE:uvm_test_top.env.m_agt[0].sqr STREAM:2243}
  CREATE_STREAM @77500 {NAME:slave_seq T:Transactions SCOPE:uvm_test_top.env.s_agt[0].sqr STREAM:2246}
  CREATE_STREAM @77500 {NAME:master_seq T:Transactions SCOPE:uvm_test_top.env.m_agt[0].sqr STREAM:2243}
  CREATE_STREAM @77500 {NAME:slave_seq T:Transactions SCOPE:uvm_test_top.env.s_agt[0].sqr STREAM:2246}
  CREATE_STREAM @77500 {NAME:master_seq T:Transactions SCOPE:uvm_test_top.env.m_agt[0].sqr STREAM:2243}
  CREATE_STREAM @77500 {NAME:slave_seq T:Transactions SCOPE:uvm_test_top.env.s_agt[0].sqr STREAM:2246}
  CREATE_STREAM @77500 {NAME:master_seq T:Transactions SCOPE:uvm_test_top.env.m_agt[0].sqr STREAM:2243}
  CREATE_STREAM @77500 {NAME:interrupt_seq T:Transactions SCOPE:uvm_test_top.env.m_agt[0].sqr STREAM:2246}
  CREATE_STREAM @77500 {NAME:slave_seq T:Transactions SCOPE:uvm_test_top.env.s_agt[0].sqr STREAM:2248}
  CREATE_STREAM @77500 {NAME:master_seq T:Transactions SCOPE:uvm_test_top.env.m_agt[0].sqr STREAM:2243}
  CREATE_STREAM @77500 {NAME:interrupt_seq T:Transactions SCOPE:uvm_test_top.env.m_agt[0].sqr STREAM:2246}
  CREATE_STREAM @77500 {NAME:slave_seq T:Transactions SCOPE:uvm_test_top.env.s_agt[0].sqr STREAM:2248}
  CREATE_STREAM @77500 {NAME:master_seq T:Transactions SCOPE:uvm_test_top.env.m_agt[0].sqr STREAM:2243}
  CREATE_STREAM @77500 {NAME:interrupt_seq T:Transactions SCOPE:uvm_test_top.env.m_agt[0].sqr STREAM:2246}
  CREATE_STREAM @77500 {NAME:slave_seq T:Transactions SCOPE:uvm_test_top.env.s_agt[0].sqr STREAM:2248}
  CREATE_STREAM @77500 {NAME:master_seq T:Transactions SCOPE:uvm_test_top.env.m_agt[0].sqr STREAM:2243}
  CREATE_STREAM @77500 {NAME:interrupt_seq T:Transactions SCOPE:uvm_test_top.env.m_agt[0].sqr STREAM:2246}
  CREATE_STREAM @77500 {NAME:slave_seq T:Transactions SCOPE:uvm_test_top.env.s_agt[0].sqr STREAM:2248}
  CREATE_STREAM @77500 {NAME:master_seq T:Transactions SCOPE:uvm_test_top.env.m_agt[0].sqr STREAM:2243}
  CREATE_STREAM @77500 {NAME:interrupt_seq T:Transactions SCOPE:uvm_test_top.env.m_agt[0].sqr STREAM:2246}
  CREATE_STREAM @77500 {NAME:slave_seq T:Transactions SCOPE:uvm_test_top.env.s_agt[0].sqr STREAM:2248}
  CREATE_STREAM @77500 {NAME:master_seq T:Transactions SCOPE:uvm_test_top.env.m_agt[0].sqr STREAM:2243}
  CREATE_STREAM @77500 {NAME:interrupt_seq T:Transactions SCOPE:uvm_test_top.env.m_agt[0].sqr STREAM:2246}
  CREATE_STREAM @77500 {NAME:slave_seq T:Transactions SCOPE:uvm_test_top.env.s_agt[0].sqr STREAM:2248}
  CREATE_STREAM @77500 {NAME:master_seq T:Transactions SCOPE:uvm_test_top.env.m_agt[0].sqr STREAM:2483}
  CREATE_STREAM @77500 {NAME:interrupt_seq T:Transactions SCOPE:uvm_test_top.env.m_agt[0].sqr STREAM:2486}
  CREATE_STREAM @77500 {NAME:slave_seq T:Transactions SCOPE:uvm_test_top.env.s_agt[0].sqr STREAM:2488}
  CREATE_STREAM @77500 {NAME:master_seq T:Transactions SCOPE:uvm_test_top.env.m_agt[0].sqr STREAM:2483}
  CREATE_STREAM @77500 {NAME:interrupt_seq T:Transactions SCOPE:uvm_test_top.env.m_agt[0].sqr STREAM:2486}
  CREATE_STREAM @77500 {NAME:slave_seq T:Transactions SCOPE:uvm_test_top.env.s_agt[0].sqr STREAM:2488}
  CREATE_STREAM @77500 {NAME:master_seq T:Transactions SCOPE:uvm_test_top.env.m_agt[0].sqr STREAM:2610}
  CREATE_STREAM @77500 {NAME:interrupt_seq T:Transactions SCOPE:uvm_test_top.env.m_agt[0].sqr STREAM:2613}
  CREATE_STREAM @77500 {NAME:slave_seq T:Transactions SCOPE:uvm_test_top.env.s_agt[0].sqr STREAM:2615}
  CREATE_STREAM @77500 {NAME:master_seq T:Transactions SCOPE:uvm_test_top.env.m_agt[0].sqr STREAM:2610}
  CREATE_STREAM @77500 {NAME:interrupt_seq T:Transactions SCOPE:uvm_test_top.env.m_agt[0].sqr STREAM:2613}
  CREATE_STREAM @77500 {NAME:slave_seq T:Transactions SCOPE:uvm_test_top.env.s_agt[0].sqr STREAM:2615}
  CREATE_STREAM @77500 {NAME:master_seq T:Transactions SCOPE:uvm_test_top.env.m_agt[0].sqr STREAM:2610}
  CREATE_STREAM @77500 {NAME:interrupt_seq T:Transactions SCOPE:uvm_test_top.env.m_agt[0].sqr STREAM:2613}
  CREATE_STREAM @77500 {NAME:slave_seq T:Transactions SCOPE:uvm_test_top.env.s_agt[0].sqr STREAM:2615}
  CREATE_STREAM @77500 {NAME:master_seq T:Transactions SCOPE:uvm_test_top.env.m_agt[0].sqr STREAM:2610}
  CREATE_STREAM @77500 {NAME:interrupt_seq T:Transactions SCOPE:uvm_test_top.env.m_agt[0].sqr STREAM:2613}
  CREATE_STREAM @77500 {NAME:slave_seq T:Transactions SCOPE:uvm_test_top.env.s_agt[0].sqr STREAM:2615}
  CREATE_STREAM @77500 {NAME:master_seq T:Transactions SCOPE:uvm_test_top.env.m_agt[0].sqr STREAM:2610}
  CREATE_STREAM @77500 {NAME:interrupt_seq T:Transactions SCOPE:uvm_test_top.env.m_agt[0].sqr STREAM:2613}
  CREATE_STREAM @77500 {NAME:slave_seq T:Transactions SCOPE:uvm_test_top.env.s_agt[0].sqr STREAM:2615}
  CREATE_STREAM @77500 {NAME:master_seq T:Transactions SCOPE:uvm_test_top.env.m_agt[0].sqr STREAM:2610}
  CREATE_STREAM @77500 {NAME:interrupt_seq T:Transactions SCOPE:uvm_test_top.env.m_agt[0].sqr STREAM:2613}
  CREATE_STREAM @77500 {NAME:slave_seq T:Transactions SCOPE:uvm_test_top.env.s_agt[0].sqr STREAM:2615}
  CREATE_STREAM @77500 {NAME:master_seq T:Transactions SCOPE:uvm_test_top.env.m_agt[0].sqr STREAM:2610}
  CREATE_STREAM @77500 {NAME:interrupt_seq T:Transactions SCOPE:uvm_test_top.env.m_agt[0].sqr STREAM:2613}
  CREATE_STREAM @77500 {NAME:slave_seq T:Transactions SCOPE:uvm_test_top.env.s_agt[0].sqr STREAM:2615}
  CREATE_STREAM @77500 {NAME:master_seq T:Transactions SCOPE:uvm_test_top.env.m_agt[0].sqr STREAM:2610}
  CREATE_STREAM @77500 {NAME:interrupt_seq T:Transactions SCOPE:uvm_test_top.env.m_agt[0].sqr STREAM:2613}
  CREATE_STREAM @77500 {NAME:slave_seq T:Transactions SCOPE:uvm_test_top.env.s_agt[0].sqr STREAM:2615}
  CREATE_STREAM @77500 {NAME:master_seq T:Transactions SCOPE:uvm_test_top.env.m_agt[0].sqr STREAM:2610}
  CREATE_STREAM @77500 {NAME:interrupt_seq T:Transactions SCOPE:uvm_test_top.env.m_agt[0].sqr STREAM:2613}
  CREATE_STREAM @77500 {NAME:slave_seq T:Transactions SCOPE:uvm_test_top.env.s_agt[0].sqr STREAM:2615}
  CREATE_STREAM @77500 {NAME:master_seq T:Transactions SCOPE:uvm_test_top.env.m_agt[0].sqr STREAM:2610}
  CREATE_STREAM @77500 {NAME:interrupt_seq T:Transactions SCOPE:uvm_test_top.env.m_agt[0].sqr STREAM:2613}
  CREATE_STREAM @77500 {NAME:slave_seq T:Transactions SCOPE:uvm_test_top.env.s_agt[0].sqr STREAM:2615}
  CREATE_STREAM @77500 {NAME:master_seq T:Transactions SCOPE:uvm_test_top.env.m_agt[0].sqr STREAM:2610}
  CREATE_STREAM @77500 {NAME:interrupt_seq T:Transactions SCOPE:uvm_test_top.env.m_agt[0].sqr STREAM:2613}
  CREATE_STREAM @77500 {NAME:slave_seq T:Transactions SCOPE:uvm_test_top.env.s_agt[0].sqr STREAM:2615}
  CREATE_STREAM @77500 {NAME:master_seq T:Transactions SCOPE:uvm_test_top.env.m_agt[0].sqr STREAM:2610}
  CREATE_STREAM @77500 {NAME:interrupt_seq T:Transactions SCOPE:uvm_test_top.env.m_agt[0].sqr STREAM:2613}
  CREATE_STREAM @77500 {NAME:slave_seq T:Transactions SCOPE:uvm_test_top.env.s_agt[0].sqr STREAM:2615}
  CREATE_STREAM @77500 {NAME:master_seq T:Transactions SCOPE:uvm_test_top.env.m_agt[0].sqr STREAM:2610}
  CREATE_STREAM @77500 {NAME:interrupt_seq T:Transactions SCOPE:uvm_test_top.env.m_agt[0].sqr STREAM:2613}
  CREATE_STREAM @77500 {NAME:slave_seq T:Transactions SCOPE:uvm_test_top.env.s_agt[0].sqr STREAM:2615}
  CREATE_STREAM @77500 {NAME:master_seq T:Transactions SCOPE:uvm_test_top.env.m_agt[0].sqr STREAM:2610}
  CREATE_STREAM @77500 {NAME:interrupt_seq T:Transactions SCOPE:uvm_test_top.env.m_agt[0].sqr STREAM:2613}
  CREATE_STREAM @77500 {NAME:slave_seq T:Transactions SCOPE:uvm_test_top.env.s_agt[0].sqr STREAM:2615}
  CREATE_STREAM @77500 {NAME:master_seq T:Transactions SCOPE:uvm_test_top.env.m_agt[0].sqr STREAM:2610}
  CREATE_STREAM @77500 {NAME:interrupt_seq T:Transactions SCOPE:uvm_test_top.env.m_agt[0].sqr STREAM:2613}
  CREATE_STREAM @77500 {NAME:slave_seq T:Transactions SCOPE:uvm_test_top.env.s_agt[0].sqr STREAM:2615}
  CREATE_STREAM @77500 {NAME:master_seq T:Transactions SCOPE:uvm_test_top.env.m_agt[0].sqr STREAM:2610}
  CREATE_STREAM @77500 {NAME:interrupt_seq T:Transactions SCOPE:uvm_test_top.env.m_agt[0].sqr STREAM:2613}
  CREATE_STREAM @77500 {NAME:slave_seq T:Transactions SCOPE:uvm_test_top.env.s_agt[0].sqr STREAM:2615}
  CREATE_STREAM @77500 {NAME:master_seq T:Transactions SCOPE:uvm_test_top.env.m_agt[0].sqr STREAM:2610}
  CREATE_STREAM @77500 {NAME:interrupt_seq T:Transactions SCOPE:uvm_test_top.env.m_agt[0].sqr STREAM:2613}
  CREATE_STREAM @77500 {NAME:slave_seq T:Transactions SCOPE:uvm_test_top.env.s_agt[0].sqr STREAM:2615}
  CREATE_STREAM @77500 {NAME:master_seq T:Transactions SCOPE:uvm_test_top.env.m_agt[0].sqr STREAM:2367}
  CREATE_STREAM @77500 {NAME:slave_seq T:Transactions SCOPE:uvm_test_top.env.s_agt[0].sqr STREAM:2370}
  CREATE_STREAM @77500 {NAME:master_seq T:Transactions SCOPE:uvm_test_top.env.m_agt[0].sqr STREAM:2610}
  CREATE_STREAM @77500 {NAME:interrupt_seq T:Transactions SCOPE:uvm_test_top.env.m_agt[0].sqr STREAM:2613}
  CREATE_STREAM @77500 {NAME:slave_seq T:Transactions SCOPE:uvm_test_top.env.s_agt[0].sqr STREAM:2615}
  CREATE_STREAM @77500 {NAME:master_seq T:Transactions SCOPE:uvm_test_top.env.m_agt[0].sqr STREAM:2610}
  CREATE_STREAM @77500 {NAME:interrupt_seq T:Transactions SCOPE:uvm_test_top.env.m_agt[0].sqr STREAM:2613}
  CREATE_STREAM @77500 {NAME:slave_seq T:Transactions SCOPE:uvm_test_top.env.s_agt[0].sqr STREAM:2615}
  CREATE_STREAM @77500 {NAME:master_seq T:Transactions SCOPE:uvm_test_top.env.m_agt[0].sqr STREAM:2367}
  CREATE_STREAM @77500 {NAME:slave_seq T:Transactions SCOPE:uvm_test_top.env.s_agt[0].sqr STREAM:2370}
  CREATE_STREAM @77500 {NAME:master_seq T:Transactions SCOPE:uvm_test_top.env.m_agt[0].sqr STREAM:2367}
  CREATE_STREAM @77500 {NAME:slave_seq T:Transactions SCOPE:uvm_test_top.env.s_agt[0].sqr STREAM:2370}
  CREATE_STREAM @77500 {NAME:master_seq T:Transactions SCOPE:uvm_test_top.env.m_agt[0].sqr STREAM:2370}
  CREATE_STREAM @77500 {NAME:slave_seq T:Transactions SCOPE:uvm_test_top.env.s_agt[0].sqr STREAM:2373}
  CREATE_STREAM @77500 {NAME:master_seq T:Transactions SCOPE:uvm_test_top.env.m_agt[0].sqr STREAM:2370}
  CREATE_STREAM @77500 {NAME:slave_seq T:Transactions SCOPE:uvm_test_top.env.s_agt[0].sqr STREAM:2373}
  CREATE_STREAM @77500 {NAME:master_seq T:Transactions SCOPE:uvm_test_top.env.m_agt[0].sqr STREAM:2370}
  CREATE_STREAM @77500 {NAME:slave_seq T:Transactions SCOPE:uvm_test_top.env.s_agt[0].sqr STREAM:2373}
  CREATE_STREAM @77500 {NAME:master_seq T:Transactions SCOPE:uvm_test_top.env.m_agt[0].sqr STREAM:2370}
  CREATE_STREAM @77500 {NAME:interrupt_seq T:Transactions SCOPE:uvm_test_top.env.m_agt[0].sqr STREAM:2373}
  CREATE_STREAM @77500 {NAME:slave_seq T:Transactions SCOPE:uvm_test_top.env.s_agt[0].sqr STREAM:2375}
  CREATE_STREAM @77500 {NAME:master_seq T:Transactions SCOPE:uvm_test_top.env.m_agt[0].sqr STREAM:2370}
  CREATE_STREAM @77500 {NAME:interrupt_seq T:Transactions SCOPE:uvm_test_top.env.m_agt[0].sqr STREAM:2373}
  CREATE_STREAM @77500 {NAME:slave_seq T:Transactions SCOPE:uvm_test_top.env.s_agt[0].sqr STREAM:2375}
  CREATE_STREAM @77500 {NAME:master_seq T:Transactions SCOPE:uvm_test_top.env.m_agt[0].sqr STREAM:2370}
  CREATE_STREAM @77500 {NAME:interrupt_seq T:Transactions SCOPE:uvm_test_top.env.m_agt[0].sqr STREAM:2373}
  CREATE_STREAM @77500 {NAME:slave_seq T:Transactions SCOPE:uvm_test_top.env.s_agt[0].sqr STREAM:2375}
  CREATE_STREAM @77500 {NAME:master_seq T:Transactions SCOPE:uvm_test_top.env.m_agt[0].sqr STREAM:2370}
  CREATE_STREAM @77500 {NAME:interrupt_seq T:Transactions SCOPE:uvm_test_top.env.m_agt[0].sqr STREAM:2373}
  CREATE_STREAM @77500 {NAME:slave_seq T:Transactions SCOPE:uvm_test_top.env.s_agt[0].sqr STREAM:2375}
  CREATE_STREAM @77500 {NAME:master_seq T:Transactions SCOPE:uvm_test_top.env.m_agt[0].sqr STREAM:2370}
  CREATE_STREAM @77500 {NAME:interrupt_seq T:Transactions SCOPE:uvm_test_top.env.m_agt[0].sqr STREAM:2373}
  CREATE_STREAM @77500 {NAME:slave_seq T:Transactions SCOPE:uvm_test_top.env.s_agt[0].sqr STREAM:2375}
  CREATE_STREAM @77500 {NAME:master_seq T:Transactions SCOPE:uvm_test_top.env.m_agt[0].sqr STREAM:2370}
  CREATE_STREAM @77500 {NAME:interrupt_seq T:Transactions SCOPE:uvm_test_top.env.m_agt[0].sqr STREAM:2373}
  CREATE_STREAM @77500 {NAME:slave_seq T:Transactions SCOPE:uvm_test_top.env.s_agt[0].sqr STREAM:2375}
  CREATE_STREAM @77500 {NAME:master_seq T:Transactions SCOPE:uvm_test_top.env.m_agt[0].sqr STREAM:2610}
  CREATE_STREAM @77500 {NAME:interrupt_seq T:Transactions SCOPE:uvm_test_top.env.m_agt[0].sqr STREAM:2613}
  CREATE_STREAM @77500 {NAME:slave_seq T:Transactions SCOPE:uvm_test_top.env.s_agt[0].sqr STREAM:2615}
  CREATE_STREAM @77500 {NAME:master_seq T:Transactions SCOPE:uvm_test_top.env.m_agt[0].sqr STREAM:2610}
  CREATE_STREAM @77500 {NAME:interrupt_seq T:Transactions SCOPE:uvm_test_top.env.m_agt[0].sqr STREAM:2613}
  CREATE_STREAM @77500 {NAME:slave_seq T:Transactions SCOPE:uvm_test_top.env.s_agt[0].sqr STREAM:2615}
  CREATE_STREAM @77500 {NAME:master_seq T:Transactions SCOPE:uvm_test_top.env.m_agt[0].sqr STREAM:2610}
  CREATE_STREAM @77500 {NAME:interrupt_seq T:Transactions SCOPE:uvm_test_top.env.m_agt[0].sqr STREAM:2613}
  CREATE_STREAM @77500 {NAME:slave_seq T:Transactions SCOPE:uvm_test_top.env.s_agt[0].sqr STREAM:2615}
  CREATE_STREAM @77500 {NAME:master_seq T:Transactions SCOPE:uvm_test_top.env.m_agt[0].sqr STREAM:2610}
  CREATE_STREAM @77500 {NAME:interrupt_seq T:Transactions SCOPE:uvm_test_top.env.m_agt[0].sqr STREAM:2613}
  CREATE_STREAM @77500 {NAME:slave_seq T:Transactions SCOPE:uvm_test_top.env.s_agt[0].sqr STREAM:2615}
  CREATE_STREAM @77500 {NAME:master_seq T:Transactions SCOPE:uvm_test_top.env.m_agt[0].sqr STREAM:2610}
  CREATE_STREAM @77500 {NAME:interrupt_seq T:Transactions SCOPE:uvm_test_top.env.m_agt[0].sqr STREAM:2613}
  CREATE_STREAM @77500 {NAME:slave_seq T:Transactions SCOPE:uvm_test_top.env.s_agt[0].sqr STREAM:2615}
  CREATE_STREAM @77500 {NAME:master_seq T:Transactions SCOPE:uvm_test_top.env.m_agt[0].sqr STREAM:2610}
  CREATE_STREAM @77500 {NAME:interrupt_seq T:Transactions SCOPE:uvm_test_top.env.m_agt[0].sqr STREAM:2613}
  CREATE_STREAM @77500 {NAME:slave_seq T:Transactions SCOPE:uvm_test_top.env.s_agt[0].sqr STREAM:2615}
  CREATE_STREAM @77500 {NAME:master_seq T:Transactions SCOPE:uvm_test_top.env.m_agt[0].sqr STREAM:2525}
  CREATE_STREAM @77500 {NAME:interrupt_seq T:Transactions SCOPE:uvm_test_top.env.m_agt[0].sqr STREAM:2528}
  CREATE_STREAM @77500 {NAME:slave_seq T:Transactions SCOPE:uvm_test_top.env.s_agt[0].sqr STREAM:2530}
  CREATE_STREAM @77500 {NAME:master_seq T:Transactions SCOPE:uvm_test_top.env.m_agt[0].sqr STREAM:2529}
  CREATE_STREAM @77500 {NAME:interrupt_seq T:Transactions SCOPE:uvm_test_top.env.m_agt[0].sqr STREAM:2532}
  CREATE_STREAM @77500 {NAME:slave_seq T:Transactions SCOPE:uvm_test_top.env.s_agt[0].sqr STREAM:2534}
  CREATE_STREAM @77500 {NAME:master_seq T:Transactions SCOPE:uvm_test_top.env.m_agt[0].sqr STREAM:2529}
  CREATE_STREAM @77500 {NAME:interrupt_seq T:Transactions SCOPE:uvm_test_top.env.m_agt[0].sqr STREAM:2532}
  CREATE_STREAM @77500 {NAME:slave_seq T:Transactions SCOPE:uvm_test_top.env.s_agt[0].sqr STREAM:2534}
  CREATE_STREAM @77500 {NAME:master_seq T:Transactions SCOPE:uvm_test_top.env.m_agt[0].sqr STREAM:2529}
  CREATE_STREAM @77500 {NAME:interrupt_seq T:Transactions SCOPE:uvm_test_top.env.m_agt[0].sqr STREAM:2532}
  CREATE_STREAM @77500 {NAME:slave_seq T:Transactions SCOPE:uvm_test_top.env.s_agt[0].sqr STREAM:2534}
  CREATE_STREAM @77500 {NAME:master_seq T:Transactions SCOPE:uvm_test_top.env.m_agt[0].sqr STREAM:2529}
  CREATE_STREAM @77500 {NAME:interrupt_seq T:Transactions SCOPE:uvm_test_top.env.m_agt[0].sqr STREAM:2532}
  CREATE_STREAM @77500 {NAME:slave_seq T:Transactions SCOPE:uvm_test_top.env.s_agt[0].sqr STREAM:2534}
  CREATE_STREAM @77500 {NAME:master_seq T:Transactions SCOPE:uvm_test_top.env.m_agt[0].sqr STREAM:2529}
  CREATE_STREAM @77500 {NAME:interrupt_seq T:Transactions SCOPE:uvm_test_top.env.m_agt[0].sqr STREAM:2532}
  CREATE_STREAM @77500 {NAME:slave_seq T:Transactions SCOPE:uvm_test_top.env.s_agt[0].sqr STREAM:2534}
  CREATE_STREAM @77500 {NAME:master_seq T:Transactions SCOPE:uvm_test_top.env.m_agt[0].sqr STREAM:2529}
  CREATE_STREAM @77500 {NAME:interrupt_seq T:Transactions SCOPE:uvm_test_top.env.m_agt[0].sqr STREAM:2532}
  CREATE_STREAM @77500 {NAME:slave_seq T:Transactions SCOPE:uvm_test_top.env.s_agt[0].sqr STREAM:2534}
  CREATE_STREAM @77500 {NAME:master_seq T:Transactions SCOPE:uvm_test_top.env.m_agt[0].sqr STREAM:2529}
  CREATE_STREAM @77500 {NAME:interrupt_seq T:Transactions SCOPE:uvm_test_top.env.m_agt[0].sqr STREAM:2532}
  CREATE_STREAM @77500 {NAME:slave_seq T:Transactions SCOPE:uvm_test_top.env.s_agt[0].sqr STREAM:2534}
  CREATE_STREAM @77500 {NAME:master_seq T:Transactions SCOPE:uvm_test_top.env.m_agt[0].sqr STREAM:2529}
  CREATE_STREAM @77500 {NAME:interrupt_seq T:Transactions SCOPE:uvm_test_top.env.m_agt[0].sqr STREAM:2532}
  CREATE_STREAM @77500 {NAME:slave_seq T:Transactions SCOPE:uvm_test_top.env.s_agt[0].sqr STREAM:2534}
  CREATE_STREAM @77500 {NAME:master_seq T:Transactions SCOPE:uvm_test_top.env.m_agt[0].sqr STREAM:2529}
  CREATE_STREAM @77500 {NAME:interrupt_seq T:Transactions SCOPE:uvm_test_top.env.m_agt[0].sqr STREAM:2532}
  CREATE_STREAM @77500 {NAME:slave_seq T:Transactions SCOPE:uvm_test_top.env.s_agt[0].sqr STREAM:2534}
  CREATE_STREAM @77500 {NAME:master_seq T:Transactions SCOPE:uvm_test_top.env.m_agt[0].sqr STREAM:2529}
  CREATE_STREAM @77500 {NAME:interrupt_seq T:Transactions SCOPE:uvm_test_top.env.m_agt[0].sqr STREAM:2532}
  CREATE_STREAM @77500 {NAME:slave_seq T:Transactions SCOPE:uvm_test_top.env.s_agt[0].sqr STREAM:2534}
  CREATE_STREAM @77500 {NAME:master_seq T:Transactions SCOPE:uvm_test_top.env.m_agt[0].sqr STREAM:2529}
  CREATE_STREAM @77500 {NAME:interrupt_seq T:Transactions SCOPE:uvm_test_top.env.m_agt[0].sqr STREAM:2532}
  CREATE_STREAM @77500 {NAME:slave_seq T:Transactions SCOPE:uvm_test_top.env.s_agt[0].sqr STREAM:2534}
  CREATE_STREAM @77500 {NAME:master_seq T:Transactions SCOPE:uvm_test_top.env.m_agt[0].sqr STREAM:2529}
  CREATE_STREAM @77500 {NAME:interrupt_seq T:Transactions SCOPE:uvm_test_top.env.m_agt[0].sqr STREAM:2532}
  CREATE_STREAM @77500 {NAME:slave_seq T:Transactions SCOPE:uvm_test_top.env.s_agt[0].sqr STREAM:2534}
  CREATE_STREAM @77500 {NAME:master_seq T:Transactions SCOPE:uvm_test_top.env.m_agt[0].sqr STREAM:2529}
  CREATE_STREAM @77500 {NAME:interrupt_seq T:Transactions SCOPE:uvm_test_top.env.m_agt[0].sqr STREAM:2532}
  CREATE_STREAM @77500 {NAME:slave_seq T:Transactions SCOPE:uvm_test_top.env.s_agt[0].sqr STREAM:2534}
  CREATE_STREAM @77500 {NAME:master_seq T:Transactions SCOPE:uvm_test_top.env.m_agt[0].sqr STREAM:2529}
  CREATE_STREAM @77500 {NAME:interrupt_seq T:Transactions SCOPE:uvm_test_top.env.m_agt[0].sqr STREAM:2532}
  CREATE_STREAM @77500 {NAME:slave_seq T:Transactions SCOPE:uvm_test_top.env.s_agt[0].sqr STREAM:2534}
  CREATE_STREAM @77500 {NAME:master_seq T:Transactions SCOPE:uvm_test_top.env.m_agt[0].sqr STREAM:2529}
  CREATE_STREAM @77500 {NAME:interrupt_seq T:Transactions SCOPE:uvm_test_top.env.m_agt[0].sqr STREAM:2532}
  CREATE_STREAM @77500 {NAME:slave_seq T:Transactions SCOPE:uvm_test_top.env.s_agt[0].sqr STREAM:2534}
  CREATE_STREAM @77500 {NAME:master_seq T:Transactions SCOPE:uvm_test_top.env.m_agt[0].sqr STREAM:2529}
  CREATE_STREAM @77500 {NAME:interrupt_seq T:Transactions SCOPE:uvm_test_top.env.m_agt[0].sqr STREAM:2532}
  CREATE_STREAM @77500 {NAME:slave_seq T:Transactions SCOPE:uvm_test_top.env.s_agt[0].sqr STREAM:2534}
  CREATE_STREAM @77500 {NAME:master_seq T:Transactions SCOPE:uvm_test_top.env.m_agt[0].sqr STREAM:2527}
  CREATE_STREAM @77500 {NAME:interrupt_seq T:Transactions SCOPE:uvm_test_top.env.m_agt[0].sqr STREAM:2530}
  CREATE_STREAM @77500 {NAME:slave_seq T:Transactions SCOPE:uvm_test_top.env.s_agt[0].sqr STREAM:2532}
  CREATE_STREAM @77500 {NAME:master_seq T:Transactions SCOPE:uvm_test_top.env.m_agt[0].sqr STREAM:2527}
  CREATE_STREAM @77500 {NAME:interrupt_seq T:Transactions SCOPE:uvm_test_top.env.m_agt[0].sqr STREAM:2530}
  CREATE_STREAM @77500 {NAME:slave_seq T:Transactions SCOPE:uvm_test_top.env.s_agt[0].sqr STREAM:2532}
  CREATE_STREAM @77500 {NAME:master_seq T:Transactions SCOPE:uvm_test_top.env.m_agt[0].sqr STREAM:2527}
  CREATE_STREAM @77500 {NAME:interrupt_seq T:Transactions SCOPE:uvm_test_top.env.m_agt[0].sqr STREAM:2530}
  CREATE_STREAM @77500 {NAME:slave_seq T:Transactions SCOPE:uvm_test_top.env.s_agt[0].sqr STREAM:2532}
  CREATE_STREAM @77500 {NAME:master_seq T:Transactions SCOPE:uvm_test_top.env.m_agt[0].sqr STREAM:2527}
  CREATE_STREAM @77500 {NAME:interrupt_seq T:Transactions SCOPE:uvm_test_top.env.m_agt[0].sqr STREAM:2530}
  CREATE_STREAM @77500 {NAME:slave_seq T:Transactions SCOPE:uvm_test_top.env.s_agt[0].sqr STREAM:2532}
  CREATE_STREAM @77500 {NAME:master_seq T:Transactions SCOPE:uvm_test_top.env.m_agt[0].sqr STREAM:2524}
  CREATE_STREAM @77500 {NAME:slave_seq T:Transactions SCOPE:uvm_test_top.env.s_agt[0].sqr STREAM:2527}
  CREATE_STREAM @77500 {NAME:master_seq T:Transactions SCOPE:uvm_test_top.env.m_agt[0].sqr STREAM:2524}
  CREATE_STREAM @77500 {NAME:slave_seq T:Transactions SCOPE:uvm_test_top.env.s_agt[0].sqr STREAM:2527}
  CREATE_STREAM @77500 {NAME:master_seq T:Transactions SCOPE:uvm_test_top.env.m_agt[0].sqr STREAM:2524}
  CREATE_STREAM @77500 {NAME:slave_seq T:Transactions SCOPE:uvm_test_top.env.s_agt[0].sqr STREAM:2527}
  CREATE_STREAM @77500 {NAME:master_seq T:Transactions SCOPE:uvm_test_top.env.m_agt[0].sqr STREAM:2524}
  CREATE_STREAM @77500 {NAME:slave_seq T:Transactions SCOPE:uvm_test_top.env.s_agt[0].sqr STREAM:2527}
  CREATE_STREAM @77500 {NAME:master_seq T:Transactions SCOPE:uvm_test_top.env.m_agt[0].sqr STREAM:2524}
  CREATE_STREAM @77500 {NAME:slave_seq T:Transactions SCOPE:uvm_test_top.env.s_agt[0].sqr STREAM:2527}
  CREATE_STREAM @77500 {NAME:master_seq T:Transactions SCOPE:uvm_test_top.env.m_agt[0].sqr STREAM:2524}
  CREATE_STREAM @77500 {NAME:slave_seq T:Transactions SCOPE:uvm_test_top.env.s_agt[0].sqr STREAM:2527}
  CREATE_STREAM @77500 {NAME:master_seq T:Transactions SCOPE:uvm_test_top.env.m_agt[0].sqr STREAM:2524}
  CREATE_STREAM @77500 {NAME:slave_seq T:Transactions SCOPE:uvm_test_top.env.s_agt[0].sqr STREAM:2527}
  CREATE_STREAM @77500 {NAME:master_seq T:Transactions SCOPE:uvm_test_top.env.m_agt[0].sqr STREAM:2524}
  CREATE_STREAM @77500 {NAME:slave_seq T:Transactions SCOPE:uvm_test_top.env.s_agt[0].sqr STREAM:2527}
  CREATE_STREAM @77500 {NAME:master_seq T:Transactions SCOPE:uvm_test_top.env.m_agt[0].sqr STREAM:2524}
  CREATE_STREAM @77500 {NAME:slave_seq T:Transactions SCOPE:uvm_test_top.env.s_agt[0].sqr STREAM:2527}
  CREATE_STREAM @77500 {NAME:master_seq T:Transactions SCOPE:uvm_test_top.env.m_agt[0].sqr STREAM:2611}
  CREATE_STREAM @77500 {NAME:slave_seq T:Transactions SCOPE:uvm_test_top.env.s_agt[0].sqr STREAM:2614}
  CREATE_STREAM @77500 {NAME:master_seq T:Transactions SCOPE:uvm_test_top.env.m_agt[0].sqr STREAM:2611}
  CREATE_STREAM @77500 {NAME:slave_seq T:Transactions SCOPE:uvm_test_top.env.s_agt[0].sqr STREAM:2614}
  CREATE_STREAM @77500 {NAME:master_seq T:Transactions SCOPE:uvm_test_top.env.m_agt[0].sqr STREAM:2611}
  CREATE_STREAM @77500 {NAME:slave_seq T:Transactions SCOPE:uvm_test_top.env.s_agt[0].sqr STREAM:2614}
  CREATE_STREAM @77500 {NAME:master_seq T:Transactions SCOPE:uvm_test_top.env.m_agt[0].sqr STREAM:2614}
  CREATE_STREAM @77500 {NAME:interrupt_seq T:Transactions SCOPE:uvm_test_top.env.m_agt[0].sqr STREAM:2617}
  CREATE_STREAM @77500 {NAME:slave_seq T:Transactions SCOPE:uvm_test_top.env.s_agt[0].sqr STREAM:2619}
  CREATE_STREAM @77500 {NAME:master_seq T:Transactions SCOPE:uvm_test_top.env.m_agt[0].sqr STREAM:2614}
  CREATE_STREAM @77500 {NAME:interrupt_seq T:Transactions SCOPE:uvm_test_top.env.m_agt[0].sqr STREAM:2617}
  CREATE_STREAM @77500 {NAME:slave_seq T:Transactions SCOPE:uvm_test_top.env.s_agt[0].sqr STREAM:2619}
  CREATE_STREAM @77500 {NAME:master_seq T:Transactions SCOPE:uvm_test_top.env.m_agt[0].sqr STREAM:2614}
  CREATE_STREAM @77500 {NAME:interrupt_seq T:Transactions SCOPE:uvm_test_top.env.m_agt[0].sqr STREAM:2617}
  CREATE_STREAM @77500 {NAME:slave_seq T:Transactions SCOPE:uvm_test_top.env.s_agt[0].sqr STREAM:2619}
  CREATE_STREAM @77500 {NAME:master_seq T:Transactions SCOPE:uvm_test_top.env.m_agt[0].sqr STREAM:2614}
  CREATE_STREAM @77500 {NAME:interrupt_seq T:Transactions SCOPE:uvm_test_top.env.m_agt[0].sqr STREAM:2617}
  CREATE_STREAM @77500 {NAME:slave_seq T:Transactions SCOPE:uvm_test_top.env.s_agt[0].sqr STREAM:2619}
  CREATE_STREAM @77500 {NAME:master_seq T:Transactions SCOPE:uvm_test_top.env.m_agt[0].sqr STREAM:2614}
  CREATE_STREAM @77500 {NAME:interrupt_seq T:Transactions SCOPE:uvm_test_top.env.m_agt[0].sqr STREAM:2617}
  CREATE_STREAM @77500 {NAME:slave_seq T:Transactions SCOPE:uvm_test_top.env.s_agt[0].sqr STREAM:2619}
  CREATE_STREAM @77500 {NAME:master_seq T:Transactions SCOPE:uvm_test_top.env.m_agt[0].sqr STREAM:2614}
  CREATE_STREAM @77500 {NAME:interrupt_seq T:Transactions SCOPE:uvm_test_top.env.m_agt[0].sqr STREAM:2617}
  CREATE_STREAM @77500 {NAME:slave_seq T:Transactions SCOPE:uvm_test_top.env.s_agt[0].sqr STREAM:2619}
  CREATE_STREAM @77500 {NAME:master_seq T:Transactions SCOPE:uvm_test_top.env.m_agt[0].sqr STREAM:2614}
  CREATE_STREAM @77500 {NAME:interrupt_seq T:Transactions SCOPE:uvm_test_top.env.m_agt[0].sqr STREAM:2617}
  CREATE_STREAM @77500 {NAME:slave_seq T:Transactions SCOPE:uvm_test_top.env.s_agt[0].sqr STREAM:2619}
  CREATE_STREAM @77500 {NAME:master_seq T:Transactions SCOPE:uvm_test_top.env.m_agt[0].sqr STREAM:2614}
  CREATE_STREAM @77500 {NAME:interrupt_seq T:Transactions SCOPE:uvm_test_top.env.m_agt[0].sqr STREAM:2617}
  CREATE_STREAM @77500 {NAME:slave_seq T:Transactions SCOPE:uvm_test_top.env.s_agt[0].sqr STREAM:2619}
  CREATE_STREAM @77500 {NAME:master_seq T:Transactions SCOPE:uvm_test_top.env.m_agt[0].sqr STREAM:2614}
  CREATE_STREAM @77500 {NAME:interrupt_seq T:Transactions SCOPE:uvm_test_top.env.m_agt[0].sqr STREAM:2617}
  CREATE_STREAM @77500 {NAME:slave_seq T:Transactions SCOPE:uvm_test_top.env.s_agt[0].sqr STREAM:2619}
  CREATE_STREAM @77500 {NAME:master_seq T:Transactions SCOPE:uvm_test_top.env.m_agt[0].sqr STREAM:2614}
  CREATE_STREAM @77500 {NAME:interrupt_seq T:Transactions SCOPE:uvm_test_top.env.m_agt[0].sqr STREAM:2617}
  CREATE_STREAM @77500 {NAME:slave_seq T:Transactions SCOPE:uvm_test_top.env.s_agt[0].sqr STREAM:2619}
  CREATE_STREAM @77500 {NAME:master_seq T:Transactions SCOPE:uvm_test_top.env.m_agt[0].sqr STREAM:2614}
  CREATE_STREAM @77500 {NAME:interrupt_seq T:Transactions SCOPE:uvm_test_top.env.m_agt[0].sqr STREAM:2617}
  CREATE_STREAM @77500 {NAME:slave_seq T:Transactions SCOPE:uvm_test_top.env.s_agt[0].sqr STREAM:2619}
  CREATE_STREAM @77500 {NAME:master_seq T:Transactions SCOPE:uvm_test_top.env.m_agt[0].sqr STREAM:2614}
  CREATE_STREAM @77500 {NAME:interrupt_seq T:Transactions SCOPE:uvm_test_top.env.m_agt[0].sqr STREAM:2617}
  CREATE_STREAM @77500 {NAME:slave_seq T:Transactions SCOPE:uvm_test_top.env.s_agt[0].sqr STREAM:2619}
  CREATE_STREAM @77500 {NAME:master_seq T:Transactions SCOPE:uvm_test_top.env.m_agt[0].sqr STREAM:2614}
  CREATE_STREAM @77500 {NAME:interrupt_seq T:Transactions SCOPE:uvm_test_top.env.m_agt[0].sqr STREAM:2617}
  CREATE_STREAM @77500 {NAME:slave_seq T:Transactions SCOPE:uvm_test_top.env.s_agt[0].sqr STREAM:2619}
  CREATE_STREAM @77500 {NAME:master_seq T:Transactions SCOPE:uvm_test_top.env.m_agt[0].sqr STREAM:2693}
  CREATE_STREAM @77500 {NAME:interrupt_seq T:Transactions SCOPE:uvm_test_top.env.m_agt[0].sqr STREAM:2696}
  CREATE_STREAM @77500 {NAME:slave_seq T:Transactions SCOPE:uvm_test_top.env.s_agt[0].sqr STREAM:2698}
  CREATE_STREAM @77500 {NAME:master_seq T:Transactions SCOPE:uvm_test_top.env.m_agt[0].sqr STREAM:2693}
  CREATE_STREAM @77500 {NAME:interrupt_seq T:Transactions SCOPE:uvm_test_top.env.m_agt[0].sqr STREAM:2696}
  CREATE_STREAM @77500 {NAME:slave_seq T:Transactions SCOPE:uvm_test_top.env.s_agt[0].sqr STREAM:2698}
  CREATE_STREAM @77500 {NAME:master_seq T:Transactions SCOPE:uvm_test_top.env.m_agt[0].sqr STREAM:2713}
  CREATE_STREAM @77500 {NAME:interrupt_seq T:Transactions SCOPE:uvm_test_top.env.m_agt[0].sqr STREAM:2716}
  CREATE_STREAM @77500 {NAME:slave_seq T:Transactions SCOPE:uvm_test_top.env.s_agt[0].sqr STREAM:2718}
  CREATE_STREAM @77500 {NAME:master_seq T:Transactions SCOPE:uvm_test_top.env.m_agt[0].sqr STREAM:2710}
  CREATE_STREAM @77500 {NAME:slave_seq T:Transactions SCOPE:uvm_test_top.env.s_agt[0].sqr STREAM:2713}
  CREATE_STREAM @77500 {NAME:master_seq T:Transactions SCOPE:uvm_test_top.env.m_agt[0].sqr STREAM:2710}
  CREATE_STREAM @77500 {NAME:slave_seq T:Transactions SCOPE:uvm_test_top.env.s_agt[0].sqr STREAM:2713}
  CREATE_STREAM @77500 {NAME:master_seq T:Transactions SCOPE:uvm_test_top.env.m_agt[0].sqr STREAM:2710}
  CREATE_STREAM @77500 {NAME:slave_seq T:Transactions SCOPE:uvm_test_top.env.s_agt[0].sqr STREAM:2713}
  CREATE_STREAM @77500 {NAME:master_seq T:Transactions SCOPE:uvm_test_top.env.m_agt[0].sqr STREAM:2710}
  CREATE_STREAM @77500 {NAME:slave_seq T:Transactions SCOPE:uvm_test_top.env.s_agt[0].sqr STREAM:2713}
  CREATE_STREAM @77500 {NAME:master_seq T:Transactions SCOPE:uvm_test_top.env.m_agt[0].sqr STREAM:2710}
  CREATE_STREAM @77500 {NAME:slave_seq T:Transactions SCOPE:uvm_test_top.env.s_agt[0].sqr STREAM:2713}
  CREATE_STREAM @77500 {NAME:master_seq T:Transactions SCOPE:uvm_test_top.env.m_agt[0].sqr STREAM:2710}
  CREATE_STREAM @77500 {NAME:slave_seq T:Transactions SCOPE:uvm_test_top.env.s_agt[0].sqr STREAM:2713}
  CREATE_STREAM @77500 {NAME:master_seq T:Transactions SCOPE:uvm_test_top.env.m_agt[0].sqr STREAM:2710}
  CREATE_STREAM @77500 {NAME:slave_seq T:Transactions SCOPE:uvm_test_top.env.s_agt[0].sqr STREAM:2713}
  CREATE_STREAM @77500 {NAME:master_seq T:Transactions SCOPE:uvm_test_top.env.m_agt[0].sqr STREAM:2710}
  CREATE_STREAM @77500 {NAME:slave_seq T:Transactions SCOPE:uvm_test_top.env.s_agt[0].sqr STREAM:2713}
  CREATE_STREAM @77500 {NAME:master_seq T:Transactions SCOPE:uvm_test_top.env.m_agt[0].sqr STREAM:2710}
  CREATE_STREAM @77500 {NAME:slave_seq T:Transactions SCOPE:uvm_test_top.env.s_agt[0].sqr STREAM:2713}
  CREATE_STREAM @77500 {NAME:master_seq T:Transactions SCOPE:uvm_test_top.env.m_agt[0].sqr STREAM:2710}
  CREATE_STREAM @77500 {NAME:slave_seq T:Transactions SCOPE:uvm_test_top.env.s_agt[0].sqr STREAM:2713}
  CREATE_STREAM @77500 {NAME:master_seq T:Transactions SCOPE:uvm_test_top.env.m_agt[0].sqr STREAM:2710}
  CREATE_STREAM @77500 {NAME:slave_seq T:Transactions SCOPE:uvm_test_top.env.s_agt[0].sqr STREAM:2713}
  CREATE_STREAM @77500 {NAME:master_seq T:Transactions SCOPE:uvm_test_top.env.m_agt[0].sqr STREAM:2713}
  CREATE_STREAM @77500 {NAME:interrupt_seq T:Transactions SCOPE:uvm_test_top.env.m_agt[0].sqr STREAM:2716}
  CREATE_STREAM @77500 {NAME:slave_seq T:Transactions SCOPE:uvm_test_top.env.s_agt[0].sqr STREAM:2718}
  CREATE_STREAM @77500 {NAME:master_seq T:Transactions SCOPE:uvm_test_top.env.m_agt[0].sqr STREAM:2713}
  CREATE_STREAM @77500 {NAME:interrupt_seq T:Transactions SCOPE:uvm_test_top.env.m_agt[0].sqr STREAM:2716}
  CREATE_STREAM @77500 {NAME:slave_seq T:Transactions SCOPE:uvm_test_top.env.s_agt[0].sqr STREAM:2718}
  CREATE_STREAM @77500 {NAME:master_seq T:Transactions SCOPE:uvm_test_top.env.m_agt[0].sqr STREAM:2713}
  CREATE_STREAM @77500 {NAME:interrupt_seq T:Transactions SCOPE:uvm_test_top.env.m_agt[0].sqr STREAM:2716}
  CREATE_STREAM @77500 {NAME:slave_seq T:Transactions SCOPE:uvm_test_top.env.s_agt[0].sqr STREAM:2718}
  CREATE_STREAM @77500 {NAME:master_seq T:Transactions SCOPE:uvm_test_top.env.m_agt[0].sqr STREAM:2713}
  CREATE_STREAM @77500 {NAME:interrupt_seq T:Transactions SCOPE:uvm_test_top.env.m_agt[0].sqr STREAM:2716}
  CREATE_STREAM @77500 {NAME:slave_seq T:Transactions SCOPE:uvm_test_top.env.s_agt[0].sqr STREAM:2718}
  CREATE_STREAM @77500 {NAME:master_seq T:Transactions SCOPE:uvm_test_top.env.m_agt[0].sqr STREAM:2713}
  CREATE_STREAM @77500 {NAME:interrupt_seq T:Transactions SCOPE:uvm_test_top.env.m_agt[0].sqr STREAM:2716}
  CREATE_STREAM @77500 {NAME:slave_seq T:Transactions SCOPE:uvm_test_top.env.s_agt[0].sqr STREAM:2718}
  CREATE_STREAM @77500 {NAME:master_seq T:Transactions SCOPE:uvm_test_top.env.m_agt[0].sqr STREAM:2713}
  CREATE_STREAM @77500 {NAME:interrupt_seq T:Transactions SCOPE:uvm_test_top.env.m_agt[0].sqr STREAM:2716}
  CREATE_STREAM @77500 {NAME:slave_seq T:Transactions SCOPE:uvm_test_top.env.s_agt[0].sqr STREAM:2718}
  CREATE_STREAM @77500 {NAME:master_seq T:Transactions SCOPE:uvm_test_top.env.m_agt[0].sqr STREAM:2713}
  CREATE_STREAM @77500 {NAME:interrupt_seq T:Transactions SCOPE:uvm_test_top.env.m_agt[0].sqr STREAM:2716}
  CREATE_STREAM @77500 {NAME:slave_seq T:Transactions SCOPE:uvm_test_top.env.s_agt[0].sqr STREAM:2718}
  CREATE_STREAM @77500 {NAME:master_seq T:Transactions SCOPE:uvm_test_top.env.m_agt[0].sqr STREAM:2713}
  CREATE_STREAM @77500 {NAME:interrupt_seq T:Transactions SCOPE:uvm_test_top.env.m_agt[0].sqr STREAM:2716}
  CREATE_STREAM @77500 {NAME:slave_seq T:Transactions SCOPE:uvm_test_top.env.s_agt[0].sqr STREAM:2718}
  CREATE_STREAM @77500 {NAME:master_seq T:Transactions SCOPE:uvm_test_top.env.m_agt[0].sqr STREAM:2713}
  CREATE_STREAM @77500 {NAME:interrupt_seq T:Transactions SCOPE:uvm_test_top.env.m_agt[0].sqr STREAM:2716}
  CREATE_STREAM @77500 {NAME:slave_seq T:Transactions SCOPE:uvm_test_top.env.s_agt[0].sqr STREAM:2718}
  CREATE_STREAM @77500 {NAME:master_seq T:Transactions SCOPE:uvm_test_top.env.m_agt[0].sqr STREAM:2710}
  CREATE_STREAM @77500 {NAME:slave_seq T:Transactions SCOPE:uvm_test_top.env.s_agt[0].sqr STREAM:2713}
  CREATE_STREAM @77500 {NAME:master_seq T:Transactions SCOPE:uvm_test_top.env.m_agt[0].sqr STREAM:2710}
  CREATE_STREAM @77500 {NAME:slave_seq T:Transactions SCOPE:uvm_test_top.env.s_agt[0].sqr STREAM:2713}
  CREATE_STREAM @77500 {NAME:master_seq T:Transactions SCOPE:uvm_test_top.env.m_agt[0].sqr STREAM:2710}
  CREATE_STREAM @77500 {NAME:slave_seq T:Transactions SCOPE:uvm_test_top.env.s_agt[0].sqr STREAM:2713}
  CREATE_STREAM @77500 {NAME:master_seq T:Transactions SCOPE:uvm_test_top.env.m_agt[0].sqr STREAM:2710}
  CREATE_STREAM @77500 {NAME:slave_seq T:Transactions SCOPE:uvm_test_top.env.s_agt[0].sqr STREAM:2713}
  CREATE_STREAM @77500 {NAME:master_seq T:Transactions SCOPE:uvm_test_top.env.m_agt[0].sqr STREAM:2710}
  CREATE_STREAM @77500 {NAME:slave_seq T:Transactions SCOPE:uvm_test_top.env.s_agt[0].sqr STREAM:2713}
  CREATE_STREAM @77500 {NAME:master_seq T:Transactions SCOPE:uvm_test_top.env.m_agt[0].sqr STREAM:2710}
  CREATE_STREAM @77500 {NAME:slave_seq T:Transactions SCOPE:uvm_test_top.env.s_agt[0].sqr STREAM:2713}
  CREATE_STREAM @77500 {NAME:master_seq T:Transactions SCOPE:uvm_test_top.env.m_agt[0].sqr STREAM:2710}
  CREATE_STREAM @77500 {NAME:slave_seq T:Transactions SCOPE:uvm_test_top.env.s_agt[0].sqr STREAM:2713}
  CREATE_STREAM @77500 {NAME:master_seq T:Transactions SCOPE:uvm_test_top.env.m_agt[0].sqr STREAM:2710}
  CREATE_STREAM @77500 {NAME:slave_seq T:Transactions SCOPE:uvm_test_top.env.s_agt[0].sqr STREAM:2713}
  CREATE_STREAM @77500 {NAME:master_seq T:Transactions SCOPE:uvm_test_top.env.m_agt[0].sqr STREAM:2710}
  CREATE_STREAM @77500 {NAME:slave_seq T:Transactions SCOPE:uvm_test_top.env.s_agt[0].sqr STREAM:2713}
  CREATE_STREAM @77500 {NAME:master_seq T:Transactions SCOPE:uvm_test_top.env.m_agt[0].sqr STREAM:2710}
  CREATE_STREAM @77500 {NAME:slave_seq T:Transactions SCOPE:uvm_test_top.env.s_agt[0].sqr STREAM:2713}
  CREATE_STREAM @77500 {NAME:master_seq T:Transactions SCOPE:uvm_test_top.env.m_agt[0].sqr STREAM:2710}
  CREATE_STREAM @77500 {NAME:slave_seq T:Transactions SCOPE:uvm_test_top.env.s_agt[0].sqr STREAM:2713}
  CREATE_STREAM @77500 {NAME:master_seq T:Transactions SCOPE:uvm_test_top.env.m_agt[0].sqr STREAM:2710}
  CREATE_STREAM @77500 {NAME:slave_seq T:Transactions SCOPE:uvm_test_top.env.s_agt[0].sqr STREAM:2713}
  CREATE_STREAM @77500 {NAME:master_seq T:Transactions SCOPE:uvm_test_top.env.m_agt[0].sqr STREAM:2706}
  CREATE_STREAM @77500 {NAME:slave_seq T:Transactions SCOPE:uvm_test_top.env.s_agt[0].sqr STREAM:2709}
  CREATE_STREAM @77500 {NAME:master_seq T:Transactions SCOPE:uvm_test_top.env.m_agt[0].sqr STREAM:2707}
  CREATE_STREAM @77500 {NAME:slave_seq T:Transactions SCOPE:uvm_test_top.env.s_agt[0].sqr STREAM:2710}
  CREATE_STREAM @77500 {NAME:master_seq T:Transactions SCOPE:uvm_test_top.env.m_agt[0].sqr STREAM:2707}
  CREATE_STREAM @77500 {NAME:slave_seq T:Transactions SCOPE:uvm_test_top.env.s_agt[0].sqr STREAM:2710}
  CREATE_STREAM @77500 {NAME:master_seq T:Transactions SCOPE:uvm_test_top.env.m_agt[0].sqr STREAM:2707}
  CREATE_STREAM @77500 {NAME:slave_seq T:Transactions SCOPE:uvm_test_top.env.s_agt[0].sqr STREAM:2710}
  CREATE_STREAM @77500 {NAME:master_seq T:Transactions SCOPE:uvm_test_top.env.m_agt[0].sqr STREAM:2707}
  CREATE_STREAM @77500 {NAME:slave_seq T:Transactions SCOPE:uvm_test_top.env.s_agt[0].sqr STREAM:2710}
  CREATE_STREAM @77500 {NAME:master_seq T:Transactions SCOPE:uvm_test_top.env.m_agt[0].sqr STREAM:2707}
  CREATE_STREAM @77500 {NAME:slave_seq T:Transactions SCOPE:uvm_test_top.env.s_agt[0].sqr STREAM:2710}
  CREATE_STREAM @77500 {NAME:master_seq T:Transactions SCOPE:uvm_test_top.env.m_agt[0].sqr STREAM:2707}
  CREATE_STREAM @77500 {NAME:slave_seq T:Transactions SCOPE:uvm_test_top.env.s_agt[0].sqr STREAM:2710}
  CREATE_STREAM @77500 {NAME:master_seq T:Transactions SCOPE:uvm_test_top.env.m_agt[0].sqr STREAM:2707}
  CREATE_STREAM @77500 {NAME:slave_seq T:Transactions SCOPE:uvm_test_top.env.s_agt[0].sqr STREAM:2710}
  CREATE_STREAM @77500 {NAME:master_seq T:Transactions SCOPE:uvm_test_top.env.m_agt[0].sqr STREAM:2707}
  CREATE_STREAM @77500 {NAME:slave_seq T:Transactions SCOPE:uvm_test_top.env.s_agt[0].sqr STREAM:2710}
  CREATE_STREAM @77500 {NAME:master_seq T:Transactions SCOPE:uvm_test_top.env.m_agt[0].sqr STREAM:2710}
  CREATE_STREAM @77500 {NAME:interrupt_seq T:Transactions SCOPE:uvm_test_top.env.m_agt[0].sqr STREAM:2713}
  CREATE_STREAM @77500 {NAME:slave_seq T:Transactions SCOPE:uvm_test_top.env.s_agt[0].sqr STREAM:2715}
  CREATE_STREAM @77500 {NAME:master_seq T:Transactions SCOPE:uvm_test_top.env.m_agt[0].sqr STREAM:2707}
  CREATE_STREAM @77500 {NAME:slave_seq T:Transactions SCOPE:uvm_test_top.env.s_agt[0].sqr STREAM:2710}
  CREATE_STREAM @77500 {NAME:master_seq T:Transactions SCOPE:uvm_test_top.env.m_agt[0].sqr STREAM:2710}
  CREATE_STREAM @77500 {NAME:interrupt_seq T:Transactions SCOPE:uvm_test_top.env.m_agt[0].sqr STREAM:2713}
  CREATE_STREAM @77500 {NAME:slave_seq T:Transactions SCOPE:uvm_test_top.env.s_agt[0].sqr STREAM:2715}
  CREATE_STREAM @77500 {NAME:master_seq T:Transactions SCOPE:uvm_test_top.env.m_agt[0].sqr STREAM:2710}
  CREATE_STREAM @77500 {NAME:interrupt_seq T:Transactions SCOPE:uvm_test_top.env.m_agt[0].sqr STREAM:2713}
  CREATE_STREAM @77500 {NAME:slave_seq T:Transactions SCOPE:uvm_test_top.env.s_agt[0].sqr STREAM:2715}
  CREATE_STREAM @77500 {NAME:master_seq T:Transactions SCOPE:uvm_test_top.env.m_agt[0].sqr STREAM:2710}
  CREATE_STREAM @77500 {NAME:interrupt_seq T:Transactions SCOPE:uvm_test_top.env.m_agt[0].sqr STREAM:2713}
  CREATE_STREAM @77500 {NAME:slave_seq T:Transactions SCOPE:uvm_test_top.env.s_agt[0].sqr STREAM:2715}
  CREATE_STREAM @77500 {NAME:master_seq T:Transactions SCOPE:uvm_test_top.env.m_agt[0].sqr STREAM:2707}
  CREATE_STREAM @77500 {NAME:slave_seq T:Transactions SCOPE:uvm_test_top.env.s_agt[0].sqr STREAM:2710}
  CREATE_STREAM @77500 {NAME:master_seq T:Transactions SCOPE:uvm_test_top.env.m_agt[0].sqr STREAM:2707}
  CREATE_STREAM @77500 {NAME:slave_seq T:Transactions SCOPE:uvm_test_top.env.s_agt[0].sqr STREAM:2710}
  CREATE_STREAM @77500 {NAME:master_seq T:Transactions SCOPE:uvm_test_top.env.m_agt[0].sqr STREAM:2707}
  CREATE_STREAM @77500 {NAME:slave_seq T:Transactions SCOPE:uvm_test_top.env.s_agt[0].sqr STREAM:2710}
  CREATE_STREAM @77500 {NAME:master_seq T:Transactions SCOPE:uvm_test_top.env.m_agt[0].sqr STREAM:2707}
  CREATE_STREAM @77500 {NAME:slave_seq T:Transactions SCOPE:uvm_test_top.env.s_agt[0].sqr STREAM:2710}
  CREATE_STREAM @77500 {NAME:master_seq T:Transactions SCOPE:uvm_test_top.env.m_agt[0].sqr STREAM:2467}
  CREATE_STREAM @77500 {NAME:slave_seq T:Transactions SCOPE:uvm_test_top.env.s_agt[0].sqr STREAM:2470}
  CREATE_STREAM @77500 {NAME:master_seq T:Transactions SCOPE:uvm_test_top.env.m_agt[0].sqr STREAM:2467}
  CREATE_STREAM @77500 {NAME:slave_seq T:Transactions SCOPE:uvm_test_top.env.s_agt[0].sqr STREAM:2470}
  CREATE_STREAM @77500 {NAME:master_seq T:Transactions SCOPE:uvm_test_top.env.m_agt[0].sqr STREAM:2470}
  CREATE_STREAM @77500 {NAME:slave_seq T:Transactions SCOPE:uvm_test_top.env.s_agt[0].sqr STREAM:2473}
  CREATE_STREAM @77500 {NAME:master_seq T:Transactions SCOPE:uvm_test_top.env.m_agt[0].sqr STREAM:2470}
  CREATE_STREAM @77500 {NAME:slave_seq T:Transactions SCOPE:uvm_test_top.env.s_agt[0].sqr STREAM:2473}
  CREATE_STREAM @77500 {NAME:master_seq T:Transactions SCOPE:uvm_test_top.env.m_agt[0].sqr STREAM:2470}
  CREATE_STREAM @77500 {NAME:slave_seq T:Transactions SCOPE:uvm_test_top.env.s_agt[0].sqr STREAM:2473}
  CREATE_STREAM @77500 {NAME:master_seq T:Transactions SCOPE:uvm_test_top.env.m_agt[0].sqr STREAM:2470}
  CREATE_STREAM @77500 {NAME:interrupt_seq T:Transactions SCOPE:uvm_test_top.env.m_agt[0].sqr STREAM:2473}
  CREATE_STREAM @77500 {NAME:slave_seq T:Transactions SCOPE:uvm_test_top.env.s_agt[0].sqr STREAM:2475}
  CREATE_STREAM @77500 {NAME:master_seq T:Transactions SCOPE:uvm_test_top.env.m_agt[0].sqr STREAM:2470}
  CREATE_STREAM @77500 {NAME:interrupt_seq T:Transactions SCOPE:uvm_test_top.env.m_agt[0].sqr STREAM:2473}
  CREATE_STREAM @77500 {NAME:slave_seq T:Transactions SCOPE:uvm_test_top.env.s_agt[0].sqr STREAM:2475}
  CREATE_STREAM @77500 {NAME:master_seq T:Transactions SCOPE:uvm_test_top.env.m_agt[0].sqr STREAM:2470}
  CREATE_STREAM @77500 {NAME:interrupt_seq T:Transactions SCOPE:uvm_test_top.env.m_agt[0].sqr STREAM:2473}
  CREATE_STREAM @77500 {NAME:slave_seq T:Transactions SCOPE:uvm_test_top.env.s_agt[0].sqr STREAM:2475}
  CREATE_STREAM @77500 {NAME:master_seq T:Transactions SCOPE:uvm_test_top.env.m_agt[0].sqr STREAM:2470}
  CREATE_STREAM @77500 {NAME:interrupt_seq T:Transactions SCOPE:uvm_test_top.env.m_agt[0].sqr STREAM:2473}
  CREATE_STREAM @77500 {NAME:slave_seq T:Transactions SCOPE:uvm_test_top.env.s_agt[0].sqr STREAM:2475}
  CREATE_STREAM @77500 {NAME:master_seq T:Transactions SCOPE:uvm_test_top.env.m_agt[0].sqr STREAM:2470}
  CREATE_STREAM @77500 {NAME:interrupt_seq T:Transactions SCOPE:uvm_test_top.env.m_agt[0].sqr STREAM:2473}
  CREATE_STREAM @77500 {NAME:slave_seq T:Transactions SCOPE:uvm_test_top.env.s_agt[0].sqr STREAM:2475}
  CREATE_STREAM @77500 {NAME:master_seq T:Transactions SCOPE:uvm_test_top.env.m_agt[0].sqr STREAM:2470}
  CREATE_STREAM @77500 {NAME:interrupt_seq T:Transactions SCOPE:uvm_test_top.env.m_agt[0].sqr STREAM:2473}
  CREATE_STREAM @77500 {NAME:slave_seq T:Transactions SCOPE:uvm_test_top.env.s_agt[0].sqr STREAM:2475}
  CREATE_STREAM @77500 {NAME:master_seq T:Transactions SCOPE:uvm_test_top.env.m_agt[0].sqr STREAM:2707}
  CREATE_STREAM @77500 {NAME:slave_seq T:Transactions SCOPE:uvm_test_top.env.s_agt[0].sqr STREAM:2710}
  CREATE_STREAM @77500 {NAME:master_seq T:Transactions SCOPE:uvm_test_top.env.m_agt[0].sqr STREAM:2710}
  CREATE_STREAM @77500 {NAME:slave_seq T:Transactions SCOPE:uvm_test_top.env.s_agt[0].sqr STREAM:2713}
  CREATE_STREAM @77500 {NAME:master_seq T:Transactions SCOPE:uvm_test_top.env.m_agt[0].sqr STREAM:2710}
  CREATE_STREAM @77500 {NAME:slave_seq T:Transactions SCOPE:uvm_test_top.env.s_agt[0].sqr STREAM:2713}
  CREATE_STREAM @77500 {NAME:master_seq T:Transactions SCOPE:uvm_test_top.env.m_agt[0].sqr STREAM:2710}
  CREATE_STREAM @77500 {NAME:slave_seq T:Transactions SCOPE:uvm_test_top.env.s_agt[0].sqr STREAM:2713}
  CREATE_STREAM @77500 {NAME:master_seq T:Transactions SCOPE:uvm_test_top.env.m_agt[0].sqr STREAM:2710}
  CREATE_STREAM @77500 {NAME:slave_seq T:Transactions SCOPE:uvm_test_top.env.s_agt[0].sqr STREAM:2713}
  CREATE_STREAM @77500 {NAME:master_seq T:Transactions SCOPE:uvm_test_top.env.m_agt[0].sqr STREAM:2710}
  CREATE_STREAM @77500 {NAME:slave_seq T:Transactions SCOPE:uvm_test_top.env.s_agt[0].sqr STREAM:2713}
  CREATE_STREAM @77500 {NAME:master_seq T:Transactions SCOPE:uvm_test_top.env.m_agt[0].sqr STREAM:2710}
  CREATE_STREAM @77500 {NAME:slave_seq T:Transactions SCOPE:uvm_test_top.env.s_agt[0].sqr STREAM:2713}
  CREATE_STREAM @77500 {NAME:master_seq T:Transactions SCOPE:uvm_test_top.env.m_agt[0].sqr STREAM:2710}
  CREATE_STREAM @77500 {NAME:slave_seq T:Transactions SCOPE:uvm_test_top.env.s_agt[0].sqr STREAM:2713}
  CREATE_STREAM @77500 {NAME:master_seq T:Transactions SCOPE:uvm_test_top.env.m_agt[0].sqr STREAM:2710}
  CREATE_STREAM @77500 {NAME:slave_seq T:Transactions SCOPE:uvm_test_top.env.s_agt[0].sqr STREAM:2713}
  CREATE_STREAM @77500 {NAME:master_seq T:Transactions SCOPE:uvm_test_top.env.m_agt[0].sqr STREAM:2710}
  CREATE_STREAM @77500 {NAME:slave_seq T:Transactions SCOPE:uvm_test_top.env.s_agt[0].sqr STREAM:2713}
  CREATE_STREAM @77500 {NAME:master_seq T:Transactions SCOPE:uvm_test_top.env.m_agt[0].sqr STREAM:2710}
  CREATE_STREAM @77500 {NAME:slave_seq T:Transactions SCOPE:uvm_test_top.env.s_agt[0].sqr STREAM:2713}
  CREATE_STREAM @77500 {NAME:master_seq T:Transactions SCOPE:uvm_test_top.env.m_agt[0].sqr STREAM:2710}
  CREATE_STREAM @77500 {NAME:slave_seq T:Transactions SCOPE:uvm_test_top.env.s_agt[0].sqr STREAM:2713}
  CREATE_STREAM @77500 {NAME:master_seq T:Transactions SCOPE:uvm_test_top.env.m_agt[0].sqr STREAM:2707}
  CREATE_STREAM @77500 {NAME:slave_seq T:Transactions SCOPE:uvm_test_top.env.s_agt[0].sqr STREAM:2710}
  CREATE_STREAM @77500 {NAME:master_seq T:Transactions SCOPE:uvm_test_top.env.m_agt[0].sqr STREAM:2707}
  CREATE_STREAM @77500 {NAME:slave_seq T:Transactions SCOPE:uvm_test_top.env.s_agt[0].sqr STREAM:2710}
  CREATE_STREAM @77500 {NAME:master_seq T:Transactions SCOPE:uvm_test_top.env.m_agt[0].sqr STREAM:2710}
  CREATE_STREAM @77500 {NAME:interrupt_seq T:Transactions SCOPE:uvm_test_top.env.m_agt[0].sqr STREAM:2713}
  CREATE_STREAM @77500 {NAME:slave_seq T:Transactions SCOPE:uvm_test_top.env.s_agt[0].sqr STREAM:2715}
  CREATE_STREAM @77500 {NAME:master_seq T:Transactions SCOPE:uvm_test_top.env.m_agt[0].sqr STREAM:2710}
  CREATE_STREAM @77500 {NAME:interrupt_seq T:Transactions SCOPE:uvm_test_top.env.m_agt[0].sqr STREAM:2713}
  CREATE_STREAM @77500 {NAME:slave_seq T:Transactions SCOPE:uvm_test_top.env.s_agt[0].sqr STREAM:2715}
  CREATE_STREAM @77500 {NAME:master_seq T:Transactions SCOPE:uvm_test_top.env.m_agt[0].sqr STREAM:2467}
  CREATE_STREAM @77500 {NAME:slave_seq T:Transactions SCOPE:uvm_test_top.env.s_agt[0].sqr STREAM:2470}
  CREATE_STREAM @77500 {NAME:master_seq T:Transactions SCOPE:uvm_test_top.env.m_agt[0].sqr STREAM:2467}
  CREATE_STREAM @77500 {NAME:slave_seq T:Transactions SCOPE:uvm_test_top.env.s_agt[0].sqr STREAM:2470}
  CREATE_STREAM @77500 {NAME:master_seq T:Transactions SCOPE:uvm_test_top.env.m_agt[0].sqr STREAM:2470}
  CREATE_STREAM @77500 {NAME:slave_seq T:Transactions SCOPE:uvm_test_top.env.s_agt[0].sqr STREAM:2473}
  CREATE_STREAM @77500 {NAME:master_seq T:Transactions SCOPE:uvm_test_top.env.m_agt[0].sqr STREAM:2470}
  CREATE_STREAM @77500 {NAME:slave_seq T:Transactions SCOPE:uvm_test_top.env.s_agt[0].sqr STREAM:2473}
  CREATE_STREAM @77500 {NAME:master_seq T:Transactions SCOPE:uvm_test_top.env.m_agt[0].sqr STREAM:2470}
  CREATE_STREAM @77500 {NAME:slave_seq T:Transactions SCOPE:uvm_test_top.env.s_agt[0].sqr STREAM:2473}
  CREATE_STREAM @77500 {NAME:master_seq T:Transactions SCOPE:uvm_test_top.env.m_agt[0].sqr STREAM:2467}
  CREATE_STREAM @77500 {NAME:slave_seq T:Transactions SCOPE:uvm_test_top.env.s_agt[0].sqr STREAM:2470}
  CREATE_STREAM @77500 {NAME:master_seq T:Transactions SCOPE:uvm_test_top.env.m_agt[0].sqr STREAM:2467}
  CREATE_STREAM @77500 {NAME:slave_seq T:Transactions SCOPE:uvm_test_top.env.s_agt[0].sqr STREAM:2470}
  CREATE_STREAM @77500 {NAME:master_seq T:Transactions SCOPE:uvm_test_top.env.m_agt[0].sqr STREAM:2470}
  CREATE_STREAM @77500 {NAME:slave_seq T:Transactions SCOPE:uvm_test_top.env.s_agt[0].sqr STREAM:2473}
  CREATE_STREAM @77500 {NAME:master_seq T:Transactions SCOPE:uvm_test_top.env.m_agt[0].sqr STREAM:2470}
  CREATE_STREAM @77500 {NAME:slave_seq T:Transactions SCOPE:uvm_test_top.env.s_agt[0].sqr STREAM:2473}
  CREATE_STREAM @77500 {NAME:master_seq T:Transactions SCOPE:uvm_test_top.env.m_agt[0].sqr STREAM:2470}
  CREATE_STREAM @77500 {NAME:slave_seq T:Transactions SCOPE:uvm_test_top.env.s_agt[0].sqr STREAM:2473}
  CREATE_STREAM @77500 {NAME:master_seq T:Transactions SCOPE:uvm_test_top.env.m_agt[0].sqr STREAM:2470}
  CREATE_STREAM @77500 {NAME:interrupt_seq T:Transactions SCOPE:uvm_test_top.env.m_agt[0].sqr STREAM:2473}
  CREATE_STREAM @77500 {NAME:slave_seq T:Transactions SCOPE:uvm_test_top.env.s_agt[0].sqr STREAM:2475}
  CREATE_STREAM @77500 {NAME:master_seq T:Transactions SCOPE:uvm_test_top.env.m_agt[0].sqr STREAM:2470}
  CREATE_STREAM @77500 {NAME:interrupt_seq T:Transactions SCOPE:uvm_test_top.env.m_agt[0].sqr STREAM:2473}
  CREATE_STREAM @77500 {NAME:slave_seq T:Transactions SCOPE:uvm_test_top.env.s_agt[0].sqr STREAM:2475}
  CREATE_STREAM @77500 {NAME:master_seq T:Transactions SCOPE:uvm_test_top.env.m_agt[0].sqr STREAM:2470}
  CREATE_STREAM @77500 {NAME:interrupt_seq T:Transactions SCOPE:uvm_test_top.env.m_agt[0].sqr STREAM:2473}
  CREATE_STREAM @77500 {NAME:slave_seq T:Transactions SCOPE:uvm_test_top.env.s_agt[0].sqr STREAM:2475}
  CREATE_STREAM @77500 {NAME:master_seq T:Transactions SCOPE:uvm_test_top.env.m_agt[0].sqr STREAM:2470}
  CREATE_STREAM @77500 {NAME:interrupt_seq T:Transactions SCOPE:uvm_test_top.env.m_agt[0].sqr STREAM:2473}
  CREATE_STREAM @77500 {NAME:slave_seq T:Transactions SCOPE:uvm_test_top.env.s_agt[0].sqr STREAM:2475}
  CREATE_STREAM @77500 {NAME:master_seq T:Transactions SCOPE:uvm_test_top.env.m_agt[0].sqr STREAM:2470}
  CREATE_STREAM @77500 {NAME:interrupt_seq T:Transactions SCOPE:uvm_test_top.env.m_agt[0].sqr STREAM:2473}
  CREATE_STREAM @77500 {NAME:slave_seq T:Transactions SCOPE:uvm_test_top.env.s_agt[0].sqr STREAM:2475}
  CREATE_STREAM @77500 {NAME:master_seq T:Transactions SCOPE:uvm_test_top.env.m_agt[0].sqr STREAM:2470}
  CREATE_STREAM @77500 {NAME:interrupt_seq T:Transactions SCOPE:uvm_test_top.env.m_agt[0].sqr STREAM:2473}
  CREATE_STREAM @77500 {NAME:slave_seq T:Transactions SCOPE:uvm_test_top.env.s_agt[0].sqr STREAM:2475}
  CREATE_STREAM @77500 {NAME:master_seq T:Transactions SCOPE:uvm_test_top.env.m_agt[0].sqr STREAM:2710}
  CREATE_STREAM @77500 {NAME:interrupt_seq T:Transactions SCOPE:uvm_test_top.env.m_agt[0].sqr STREAM:2713}
  CREATE_STREAM @77500 {NAME:slave_seq T:Transactions SCOPE:uvm_test_top.env.s_agt[0].sqr STREAM:2715}
  CREATE_STREAM @77500 {NAME:master_seq T:Transactions SCOPE:uvm_test_top.env.m_agt[0].sqr STREAM:2710}
  CREATE_STREAM @77500 {NAME:interrupt_seq T:Transactions SCOPE:uvm_test_top.env.m_agt[0].sqr STREAM:2713}
  CREATE_STREAM @77500 {NAME:slave_seq T:Transactions SCOPE:uvm_test_top.env.s_agt[0].sqr STREAM:2715}
  CREATE_STREAM @77500 {NAME:master_seq T:Transactions SCOPE:uvm_test_top.env.m_agt[0].sqr STREAM:2710}
  CREATE_STREAM @77500 {NAME:interrupt_seq T:Transactions SCOPE:uvm_test_top.env.m_agt[0].sqr STREAM:2713}
  CREATE_STREAM @77500 {NAME:slave_seq T:Transactions SCOPE:uvm_test_top.env.s_agt[0].sqr STREAM:2715}
  CREATE_STREAM @77500 {NAME:master_seq T:Transactions SCOPE:uvm_test_top.env.m_agt[0].sqr STREAM:2710}
  CREATE_STREAM @77500 {NAME:interrupt_seq T:Transactions SCOPE:uvm_test_top.env.m_agt[0].sqr STREAM:2713}
  CREATE_STREAM @77500 {NAME:slave_seq T:Transactions SCOPE:uvm_test_top.env.s_agt[0].sqr STREAM:2715}
  CREATE_STREAM @77500 {NAME:master_seq T:Transactions SCOPE:uvm_test_top.env.m_agt[0].sqr STREAM:2710}
  CREATE_STREAM @77500 {NAME:interrupt_seq T:Transactions SCOPE:uvm_test_top.env.m_agt[0].sqr STREAM:2713}
  CREATE_STREAM @77500 {NAME:slave_seq T:Transactions SCOPE:uvm_test_top.env.s_agt[0].sqr STREAM:2715}
  CREATE_STREAM @77500 {NAME:master_seq T:Transactions SCOPE:uvm_test_top.env.m_agt[0].sqr STREAM:2710}
  CREATE_STREAM @77500 {NAME:interrupt_seq T:Transactions SCOPE:uvm_test_top.env.m_agt[0].sqr STREAM:2713}
  CREATE_STREAM @77500 {NAME:slave_seq T:Transactions SCOPE:uvm_test_top.env.s_agt[0].sqr STREAM:2715}
  CREATE_STREAM @77500 {NAME:master_seq T:Transactions SCOPE:uvm_test_top.env.m_agt[0].sqr STREAM:2710}
  CREATE_STREAM @77500 {NAME:interrupt_seq T:Transactions SCOPE:uvm_test_top.env.m_agt[0].sqr STREAM:2713}
  CREATE_STREAM @77500 {NAME:slave_seq T:Transactions SCOPE:uvm_test_top.env.s_agt[0].sqr STREAM:2715}
  CREATE_STREAM @77500 {NAME:master_seq T:Transactions SCOPE:uvm_test_top.env.m_agt[0].sqr STREAM:2710}
  CREATE_STREAM @77500 {NAME:interrupt_seq T:Transactions SCOPE:uvm_test_top.env.m_agt[0].sqr STREAM:2713}
  CREATE_STREAM @77500 {NAME:slave_seq T:Transactions SCOPE:uvm_test_top.env.s_agt[0].sqr STREAM:2715}
  CREATE_STREAM @77500 {NAME:master_seq T:Transactions SCOPE:uvm_test_top.env.m_agt[0].sqr STREAM:2710}
  CREATE_STREAM @77500 {NAME:interrupt_seq T:Transactions SCOPE:uvm_test_top.env.m_agt[0].sqr STREAM:2713}
  CREATE_STREAM @77500 {NAME:slave_seq T:Transactions SCOPE:uvm_test_top.env.s_agt[0].sqr STREAM:2715}
  CREATE_STREAM @77500 {NAME:master_seq T:Transactions SCOPE:uvm_test_top.env.m_agt[0].sqr STREAM:2710}
  CREATE_STREAM @77500 {NAME:interrupt_seq T:Transactions SCOPE:uvm_test_top.env.m_agt[0].sqr STREAM:2713}
  CREATE_STREAM @77500 {NAME:slave_seq T:Transactions SCOPE:uvm_test_top.env.s_agt[0].sqr STREAM:2715}
  CREATE_STREAM @77500 {NAME:master_seq T:Transactions SCOPE:uvm_test_top.env.m_agt[0].sqr STREAM:2710}
  CREATE_STREAM @77500 {NAME:interrupt_seq T:Transactions SCOPE:uvm_test_top.env.m_agt[0].sqr STREAM:2713}
  CREATE_STREAM @77500 {NAME:slave_seq T:Transactions SCOPE:uvm_test_top.env.s_agt[0].sqr STREAM:2715}
  CREATE_STREAM @77500 {NAME:master_seq T:Transactions SCOPE:uvm_test_top.env.m_agt[0].sqr STREAM:2710}
  CREATE_STREAM @77500 {NAME:interrupt_seq T:Transactions SCOPE:uvm_test_top.env.m_agt[0].sqr STREAM:2713}
  CREATE_STREAM @77500 {NAME:slave_seq T:Transactions SCOPE:uvm_test_top.env.s_agt[0].sqr STREAM:2715}
  CREATE_STREAM @77500 {NAME:master_seq T:Transactions SCOPE:uvm_test_top.env.m_agt[0].sqr STREAM:2710}
  CREATE_STREAM @77500 {NAME:interrupt_seq T:Transactions SCOPE:uvm_test_top.env.m_agt[0].sqr STREAM:2713}
  CREATE_STREAM @77500 {NAME:slave_seq T:Transactions SCOPE:uvm_test_top.env.s_agt[0].sqr STREAM:2715}
  CREATE_STREAM @77500 {NAME:master_seq T:Transactions SCOPE:uvm_test_top.env.m_agt[0].sqr STREAM:2710}
  CREATE_STREAM @77500 {NAME:interrupt_seq T:Transactions SCOPE:uvm_test_top.env.m_agt[0].sqr STREAM:2713}
  CREATE_STREAM @77500 {NAME:slave_seq T:Transactions SCOPE:uvm_test_top.env.s_agt[0].sqr STREAM:2715}
  CREATE_STREAM @77500 {NAME:master_seq T:Transactions SCOPE:uvm_test_top.env.m_agt[0].sqr STREAM:2710}
  CREATE_STREAM @77500 {NAME:interrupt_seq T:Transactions SCOPE:uvm_test_top.env.m_agt[0].sqr STREAM:2713}
  CREATE_STREAM @77500 {NAME:slave_seq T:Transactions SCOPE:uvm_test_top.env.s_agt[0].sqr STREAM:2715}
  CREATE_STREAM @77500 {NAME:master_seq T:Transactions SCOPE:uvm_test_top.env.m_agt[0].sqr STREAM:2710}
  CREATE_STREAM @77500 {NAME:interrupt_seq T:Transactions SCOPE:uvm_test_top.env.m_agt[0].sqr STREAM:2713}
  CREATE_STREAM @77500 {NAME:slave_seq T:Transactions SCOPE:uvm_test_top.env.s_agt[0].sqr STREAM:2715}
  CREATE_STREAM @77500 {NAME:master_seq T:Transactions SCOPE:uvm_test_top.env.m_agt[0].sqr STREAM:2710}
  CREATE_STREAM @77500 {NAME:interrupt_seq T:Transactions SCOPE:uvm_test_top.env.m_agt[0].sqr STREAM:2713}
  CREATE_STREAM @77500 {NAME:slave_seq T:Transactions SCOPE:uvm_test_top.env.s_agt[0].sqr STREAM:2715}
  CREATE_STREAM @77500 {NAME:master_seq T:Transactions SCOPE:uvm_test_top.env.m_agt[0].sqr STREAM:2710}
  CREATE_STREAM @77500 {NAME:interrupt_seq T:Transactions SCOPE:uvm_test_top.env.m_agt[0].sqr STREAM:2713}
  CREATE_STREAM @77500 {NAME:slave_seq T:Transactions SCOPE:uvm_test_top.env.s_agt[0].sqr STREAM:2715}
  CREATE_STREAM @77500 {NAME:master_seq T:Transactions SCOPE:uvm_test_top.env.m_agt[0].sqr STREAM:2710}
  CREATE_STREAM @77500 {NAME:interrupt_seq T:Transactions SCOPE:uvm_test_top.env.m_agt[0].sqr STREAM:2713}
  CREATE_STREAM @77500 {NAME:slave_seq T:Transactions SCOPE:uvm_test_top.env.s_agt[0].sqr STREAM:2715}
  CREATE_STREAM @77500 {NAME:master_seq T:Transactions SCOPE:uvm_test_top.env.m_agt[0].sqr STREAM:2710}
  CREATE_STREAM @77500 {NAME:interrupt_seq T:Transactions SCOPE:uvm_test_top.env.m_agt[0].sqr STREAM:2713}
  CREATE_STREAM @77500 {NAME:slave_seq T:Transactions SCOPE:uvm_test_top.env.s_agt[0].sqr STREAM:2715}
  CREATE_STREAM @77500 {NAME:master_seq T:Transactions SCOPE:uvm_test_top.env.m_agt[0].sqr STREAM:2710}
  CREATE_STREAM @77500 {NAME:interrupt_seq T:Transactions SCOPE:uvm_test_top.env.m_agt[0].sqr STREAM:2713}
  CREATE_STREAM @77500 {NAME:slave_seq T:Transactions SCOPE:uvm_test_top.env.s_agt[0].sqr STREAM:2715}
  CREATE_STREAM @77500 {NAME:master_seq T:Transactions SCOPE:uvm_test_top.env.m_agt[0].sqr STREAM:2710}
  CREATE_STREAM @77500 {NAME:interrupt_seq T:Transactions SCOPE:uvm_test_top.env.m_agt[0].sqr STREAM:2713}
  CREATE_STREAM @77500 {NAME:slave_seq T:Transactions SCOPE:uvm_test_top.env.s_agt[0].sqr STREAM:2715}
  CREATE_STREAM @77500 {NAME:master_seq T:Transactions SCOPE:uvm_test_top.env.m_agt[0].sqr STREAM:2707}
  CREATE_STREAM @77500 {NAME:slave_seq T:Transactions SCOPE:uvm_test_top.env.s_agt[0].sqr STREAM:2710}
  CREATE_STREAM @77500 {NAME:master_seq T:Transactions SCOPE:uvm_test_top.env.m_agt[0].sqr STREAM:2710}
  CREATE_STREAM @77500 {NAME:slave_seq T:Transactions SCOPE:uvm_test_top.env.s_agt[0].sqr STREAM:2713}
  CREATE_STREAM @77500 {NAME:master_seq T:Transactions SCOPE:uvm_test_top.env.m_agt[0].sqr STREAM:2467}
  CREATE_STREAM @77500 {NAME:slave_seq T:Transactions SCOPE:uvm_test_top.env.s_agt[0].sqr STREAM:2470}
  CREATE_STREAM @77500 {NAME:master_seq T:Transactions SCOPE:uvm_test_top.env.m_agt[0].sqr STREAM:2467}
  CREATE_STREAM @77500 {NAME:slave_seq T:Transactions SCOPE:uvm_test_top.env.s_agt[0].sqr STREAM:2470}
  CREATE_STREAM @77500 {NAME:master_seq T:Transactions SCOPE:uvm_test_top.env.m_agt[0].sqr STREAM:2470}
  CREATE_STREAM @77500 {NAME:slave_seq T:Transactions SCOPE:uvm_test_top.env.s_agt[0].sqr STREAM:2473}
  CREATE_STREAM @77500 {NAME:master_seq T:Transactions SCOPE:uvm_test_top.env.m_agt[0].sqr STREAM:2470}
  CREATE_STREAM @77500 {NAME:slave_seq T:Transactions SCOPE:uvm_test_top.env.s_agt[0].sqr STREAM:2473}
  CREATE_STREAM @77500 {NAME:master_seq T:Transactions SCOPE:uvm_test_top.env.m_agt[0].sqr STREAM:2470}
  CREATE_STREAM @77500 {NAME:slave_seq T:Transactions SCOPE:uvm_test_top.env.s_agt[0].sqr STREAM:2473}
  CREATE_STREAM @77500 {NAME:master_seq T:Transactions SCOPE:uvm_test_top.env.m_agt[0].sqr STREAM:2470}
  CREATE_STREAM @77500 {NAME:interrupt_seq T:Transactions SCOPE:uvm_test_top.env.m_agt[0].sqr STREAM:2473}
  CREATE_STREAM @77500 {NAME:slave_seq T:Transactions SCOPE:uvm_test_top.env.s_agt[0].sqr STREAM:2475}
  CREATE_STREAM @77500 {NAME:master_seq T:Transactions SCOPE:uvm_test_top.env.m_agt[0].sqr STREAM:2470}
  CREATE_STREAM @77500 {NAME:interrupt_seq T:Transactions SCOPE:uvm_test_top.env.m_agt[0].sqr STREAM:2473}
  CREATE_STREAM @77500 {NAME:slave_seq T:Transactions SCOPE:uvm_test_top.env.s_agt[0].sqr STREAM:2475}
  CREATE_STREAM @77500 {NAME:master_seq T:Transactions SCOPE:uvm_test_top.env.m_agt[0].sqr STREAM:2470}
  CREATE_STREAM @77500 {NAME:interrupt_seq T:Transactions SCOPE:uvm_test_top.env.m_agt[0].sqr STREAM:2473}
  CREATE_STREAM @77500 {NAME:slave_seq T:Transactions SCOPE:uvm_test_top.env.s_agt[0].sqr STREAM:2475}
  CREATE_STREAM @77500 {NAME:master_seq T:Transactions SCOPE:uvm_test_top.env.m_agt[0].sqr STREAM:2470}
  CREATE_STREAM @77500 {NAME:interrupt_seq T:Transactions SCOPE:uvm_test_top.env.m_agt[0].sqr STREAM:2473}
  CREATE_STREAM @77500 {NAME:slave_seq T:Transactions SCOPE:uvm_test_top.env.s_agt[0].sqr STREAM:2475}
  CREATE_STREAM @77500 {NAME:master_seq T:Transactions SCOPE:uvm_test_top.env.m_agt[0].sqr STREAM:2470}
  CREATE_STREAM @77500 {NAME:interrupt_seq T:Transactions SCOPE:uvm_test_top.env.m_agt[0].sqr STREAM:2473}
  CREATE_STREAM @77500 {NAME:slave_seq T:Transactions SCOPE:uvm_test_top.env.s_agt[0].sqr STREAM:2475}
  CREATE_STREAM @77500 {NAME:master_seq T:Transactions SCOPE:uvm_test_top.env.m_agt[0].sqr STREAM:2470}
  CREATE_STREAM @77500 {NAME:interrupt_seq T:Transactions SCOPE:uvm_test_top.env.m_agt[0].sqr STREAM:2473}
  CREATE_STREAM @77500 {NAME:slave_seq T:Transactions SCOPE:uvm_test_top.env.s_agt[0].sqr STREAM:2475}
  CREATE_STREAM @77500 {NAME:master_seq T:Transactions SCOPE:uvm_test_top.env.m_agt[0].sqr STREAM:2710}
  CREATE_STREAM @77500 {NAME:interrupt_seq T:Transactions SCOPE:uvm_test_top.env.m_agt[0].sqr STREAM:2713}
  CREATE_STREAM @77500 {NAME:slave_seq T:Transactions SCOPE:uvm_test_top.env.s_agt[0].sqr STREAM:2715}
  CREATE_STREAM @77500 {NAME:master_seq T:Transactions SCOPE:uvm_test_top.env.m_agt[0].sqr STREAM:2710}
  CREATE_STREAM @77500 {NAME:interrupt_seq T:Transactions SCOPE:uvm_test_top.env.m_agt[0].sqr STREAM:2713}
  CREATE_STREAM @77500 {NAME:slave_seq T:Transactions SCOPE:uvm_test_top.env.s_agt[0].sqr STREAM:2715}
  CREATE_STREAM @77500 {NAME:master_seq T:Transactions SCOPE:uvm_test_top.env.m_agt[0].sqr STREAM:2710}
  CREATE_STREAM @77500 {NAME:interrupt_seq T:Transactions SCOPE:uvm_test_top.env.m_agt[0].sqr STREAM:2713}
  CREATE_STREAM @77500 {NAME:slave_seq T:Transactions SCOPE:uvm_test_top.env.s_agt[0].sqr STREAM:2715}
  CREATE_STREAM @77500 {NAME:master_seq T:Transactions SCOPE:uvm_test_top.env.m_agt[0].sqr STREAM:2710}
  CREATE_STREAM @77500 {NAME:interrupt_seq T:Transactions SCOPE:uvm_test_top.env.m_agt[0].sqr STREAM:2713}
  CREATE_STREAM @77500 {NAME:slave_seq T:Transactions SCOPE:uvm_test_top.env.s_agt[0].sqr STREAM:2715}
  CREATE_STREAM @77500 {NAME:master_seq T:Transactions SCOPE:uvm_test_top.env.m_agt[0].sqr STREAM:2710}
  CREATE_STREAM @77500 {NAME:interrupt_seq T:Transactions SCOPE:uvm_test_top.env.m_agt[0].sqr STREAM:2713}
  CREATE_STREAM @77500 {NAME:slave_seq T:Transactions SCOPE:uvm_test_top.env.s_agt[0].sqr STREAM:2715}
  CREATE_STREAM @77500 {NAME:master_seq T:Transactions SCOPE:uvm_test_top.env.m_agt[0].sqr STREAM:2710}
  CREATE_STREAM @77500 {NAME:slave_seq T:Transactions SCOPE:uvm_test_top.env.s_agt[0].sqr STREAM:2713}
  CREATE_STREAM @77500 {NAME:master_seq T:Transactions SCOPE:uvm_test_top.env.m_agt[0].sqr STREAM:2710}
  CREATE_STREAM @77500 {NAME:slave_seq T:Transactions SCOPE:uvm_test_top.env.s_agt[0].sqr STREAM:2713}
  CREATE_STREAM @77500 {NAME:master_seq T:Transactions SCOPE:uvm_test_top.env.m_agt[0].sqr STREAM:2710}
  CREATE_STREAM @77500 {NAME:slave_seq T:Transactions SCOPE:uvm_test_top.env.s_agt[0].sqr STREAM:2713}
  CREATE_STREAM @77500 {NAME:master_seq T:Transactions SCOPE:uvm_test_top.env.m_agt[0].sqr STREAM:2710}
  CREATE_STREAM @77500 {NAME:interrupt_seq T:Transactions SCOPE:uvm_test_top.env.m_agt[0].sqr STREAM:2713}
  CREATE_STREAM @77500 {NAME:slave_seq T:Transactions SCOPE:uvm_test_top.env.s_agt[0].sqr STREAM:2715}
  CREATE_STREAM @77500 {NAME:master_seq T:Transactions SCOPE:uvm_test_top.env.m_agt[0].sqr STREAM:2710}
  CREATE_STREAM @77500 {NAME:interrupt_seq T:Transactions SCOPE:uvm_test_top.env.m_agt[0].sqr STREAM:2713}
  CREATE_STREAM @77500 {NAME:slave_seq T:Transactions SCOPE:uvm_test_top.env.s_agt[0].sqr STREAM:2715}
  CREATE_STREAM @77500 {NAME:master_seq T:Transactions SCOPE:uvm_test_top.env.m_agt[0].sqr STREAM:2711}
  CREATE_STREAM @77500 {NAME:interrupt_seq T:Transactions SCOPE:uvm_test_top.env.m_agt[0].sqr STREAM:2714}
  CREATE_STREAM @77500 {NAME:slave_seq T:Transactions SCOPE:uvm_test_top.env.s_agt[0].sqr STREAM:2716}
  CREATE_STREAM @77500 {NAME:master_seq T:Transactions SCOPE:uvm_test_top.env.m_agt[0].sqr STREAM:2708}
  CREATE_STREAM @77500 {NAME:slave_seq T:Transactions SCOPE:uvm_test_top.env.s_agt[0].sqr STREAM:2711}
  CREATE_STREAM @77500 {NAME:master_seq T:Transactions SCOPE:uvm_test_top.env.m_agt[0].sqr STREAM:2711}
  CREATE_STREAM @77500 {NAME:slave_seq T:Transactions SCOPE:uvm_test_top.env.s_agt[0].sqr STREAM:2714}
  CREATE_STREAM @77500 {NAME:master_seq T:Transactions SCOPE:uvm_test_top.env.m_agt[0].sqr STREAM:2711}
  CREATE_STREAM @77500 {NAME:slave_seq T:Transactions SCOPE:uvm_test_top.env.s_agt[0].sqr STREAM:2714}
  CREATE_STREAM @77500 {NAME:master_seq T:Transactions SCOPE:uvm_test_top.env.m_agt[0].sqr STREAM:2711}
  CREATE_STREAM @77500 {NAME:slave_seq T:Transactions SCOPE:uvm_test_top.env.s_agt[0].sqr STREAM:2714}
  CREATE_STREAM @77500 {NAME:master_seq T:Transactions SCOPE:uvm_test_top.env.m_agt[0].sqr STREAM:2711}
  CREATE_STREAM @77500 {NAME:slave_seq T:Transactions SCOPE:uvm_test_top.env.s_agt[0].sqr STREAM:2714}
  CREATE_STREAM @77500 {NAME:master_seq T:Transactions SCOPE:uvm_test_top.env.m_agt[0].sqr STREAM:2711}
  CREATE_STREAM @77500 {NAME:slave_seq T:Transactions SCOPE:uvm_test_top.env.s_agt[0].sqr STREAM:2714}
  CREATE_STREAM @77500 {NAME:master_seq T:Transactions SCOPE:uvm_test_top.env.m_agt[0].sqr STREAM:2711}
  CREATE_STREAM @77500 {NAME:slave_seq T:Transactions SCOPE:uvm_test_top.env.s_agt[0].sqr STREAM:2714}
  CREATE_STREAM @77500 {NAME:master_seq T:Transactions SCOPE:uvm_test_top.env.m_agt[0].sqr STREAM:2711}
  CREATE_STREAM @77500 {NAME:slave_seq T:Transactions SCOPE:uvm_test_top.env.s_agt[0].sqr STREAM:2714}
  CREATE_STREAM @77500 {NAME:master_seq T:Transactions SCOPE:uvm_test_top.env.m_agt[0].sqr STREAM:2711}
  CREATE_STREAM @77500 {NAME:slave_seq T:Transactions SCOPE:uvm_test_top.env.s_agt[0].sqr STREAM:2714}
  CREATE_STREAM @77500 {NAME:master_seq T:Transactions SCOPE:uvm_test_top.env.m_agt[0].sqr STREAM:2711}
  CREATE_STREAM @77500 {NAME:slave_seq T:Transactions SCOPE:uvm_test_top.env.s_agt[0].sqr STREAM:2714}
  CREATE_STREAM @77500 {NAME:master_seq T:Transactions SCOPE:uvm_test_top.env.m_agt[0].sqr STREAM:2711}
  CREATE_STREAM @77500 {NAME:slave_seq T:Transactions SCOPE:uvm_test_top.env.s_agt[0].sqr STREAM:2714}
  CREATE_STREAM @77500 {NAME:master_seq T:Transactions SCOPE:uvm_test_top.env.m_agt[0].sqr STREAM:2708}
  CREATE_STREAM @77500 {NAME:slave_seq T:Transactions SCOPE:uvm_test_top.env.s_agt[0].sqr STREAM:2711}
  CREATE_STREAM @77500 {NAME:master_seq T:Transactions SCOPE:uvm_test_top.env.m_agt[0].sqr STREAM:2708}
  CREATE_STREAM @77500 {NAME:slave_seq T:Transactions SCOPE:uvm_test_top.env.s_agt[0].sqr STREAM:2711}
  CREATE_STREAM @77500 {NAME:master_seq T:Transactions SCOPE:uvm_test_top.env.m_agt[0].sqr STREAM:2708}
  CREATE_STREAM @77500 {NAME:slave_seq T:Transactions SCOPE:uvm_test_top.env.s_agt[0].sqr STREAM:2711}
  CREATE_STREAM @77500 {NAME:master_seq T:Transactions SCOPE:uvm_test_top.env.m_agt[0].sqr STREAM:2708}
  CREATE_STREAM @77500 {NAME:slave_seq T:Transactions SCOPE:uvm_test_top.env.s_agt[0].sqr STREAM:2711}
  CREATE_STREAM @77500 {NAME:master_seq T:Transactions SCOPE:uvm_test_top.env.m_agt[0].sqr STREAM:2708}
  CREATE_STREAM @77500 {NAME:slave_seq T:Transactions SCOPE:uvm_test_top.env.s_agt[0].sqr STREAM:2711}
  CREATE_STREAM @77500 {NAME:master_seq T:Transactions SCOPE:uvm_test_top.env.m_agt[0].sqr STREAM:2708}
  CREATE_STREAM @77500 {NAME:slave_seq T:Transactions SCOPE:uvm_test_top.env.s_agt[0].sqr STREAM:2711}
  CREATE_STREAM @77500 {NAME:master_seq T:Transactions SCOPE:uvm_test_top.env.m_agt[0].sqr STREAM:2708}
  CREATE_STREAM @77500 {NAME:slave_seq T:Transactions SCOPE:uvm_test_top.env.s_agt[0].sqr STREAM:2711}
  CREATE_STREAM @77500 {NAME:master_seq T:Transactions SCOPE:uvm_test_top.env.m_agt[0].sqr STREAM:2708}
  CREATE_STREAM @77500 {NAME:slave_seq T:Transactions SCOPE:uvm_test_top.env.s_agt[0].sqr STREAM:2711}
  CREATE_STREAM @77500 {NAME:master_seq T:Transactions SCOPE:uvm_test_top.env.m_agt[0].sqr STREAM:2711}
  CREATE_STREAM @77500 {NAME:interrupt_seq T:Transactions SCOPE:uvm_test_top.env.m_agt[0].sqr STREAM:2714}
  CREATE_STREAM @77500 {NAME:slave_seq T:Transactions SCOPE:uvm_test_top.env.s_agt[0].sqr STREAM:2716}
  CREATE_STREAM @77500 {NAME:master_seq T:Transactions SCOPE:uvm_test_top.env.m_agt[0].sqr STREAM:2711}
  CREATE_STREAM @77500 {NAME:interrupt_seq T:Transactions SCOPE:uvm_test_top.env.m_agt[0].sqr STREAM:2714}
  CREATE_STREAM @77500 {NAME:slave_seq T:Transactions SCOPE:uvm_test_top.env.s_agt[0].sqr STREAM:2716}
  CREATE_STREAM @77500 {NAME:master_seq T:Transactions SCOPE:uvm_test_top.env.m_agt[0].sqr STREAM:2711}
  CREATE_STREAM @77500 {NAME:interrupt_seq T:Transactions SCOPE:uvm_test_top.env.m_agt[0].sqr STREAM:2714}
  CREATE_STREAM @77500 {NAME:slave_seq T:Transactions SCOPE:uvm_test_top.env.s_agt[0].sqr STREAM:2716}
  CREATE_STREAM @77500 {NAME:master_seq T:Transactions SCOPE:uvm_test_top.env.m_agt[0].sqr STREAM:2708}
  CREATE_STREAM @77500 {NAME:slave_seq T:Transactions SCOPE:uvm_test_top.env.s_agt[0].sqr STREAM:2711}
  CREATE_STREAM @77500 {NAME:master_seq T:Transactions SCOPE:uvm_test_top.env.m_agt[0].sqr STREAM:2468}
  CREATE_STREAM @77500 {NAME:slave_seq T:Transactions SCOPE:uvm_test_top.env.s_agt[0].sqr STREAM:2471}
  CREATE_STREAM @77500 {NAME:master_seq T:Transactions SCOPE:uvm_test_top.env.m_agt[0].sqr STREAM:2468}
  CREATE_STREAM @77500 {NAME:slave_seq T:Transactions SCOPE:uvm_test_top.env.s_agt[0].sqr STREAM:2471}
  CREATE_STREAM @77500 {NAME:master_seq T:Transactions SCOPE:uvm_test_top.env.m_agt[0].sqr STREAM:2471}
  CREATE_STREAM @77500 {NAME:slave_seq T:Transactions SCOPE:uvm_test_top.env.s_agt[0].sqr STREAM:2474}
  CREATE_STREAM @77500 {NAME:master_seq T:Transactions SCOPE:uvm_test_top.env.m_agt[0].sqr STREAM:2471}
  CREATE_STREAM @77500 {NAME:interrupt_seq T:Transactions SCOPE:uvm_test_top.env.m_agt[0].sqr STREAM:2474}
  CREATE_STREAM @77500 {NAME:slave_seq T:Transactions SCOPE:uvm_test_top.env.s_agt[0].sqr STREAM:2476}
  CREATE_STREAM @77500 {NAME:master_seq T:Transactions SCOPE:uvm_test_top.env.m_agt[0].sqr STREAM:2471}
  CREATE_STREAM @77500 {NAME:interrupt_seq T:Transactions SCOPE:uvm_test_top.env.m_agt[0].sqr STREAM:2474}
  CREATE_STREAM @77500 {NAME:slave_seq T:Transactions SCOPE:uvm_test_top.env.s_agt[0].sqr STREAM:2476}
  CREATE_STREAM @77500 {NAME:master_seq T:Transactions SCOPE:uvm_test_top.env.m_agt[0].sqr STREAM:2471}
  CREATE_STREAM @77500 {NAME:interrupt_seq T:Transactions SCOPE:uvm_test_top.env.m_agt[0].sqr STREAM:2474}
  CREATE_STREAM @77500 {NAME:slave_seq T:Transactions SCOPE:uvm_test_top.env.s_agt[0].sqr STREAM:2476}
  CREATE_STREAM @77500 {NAME:master_seq T:Transactions SCOPE:uvm_test_top.env.m_agt[0].sqr STREAM:2471}
  CREATE_STREAM @77500 {NAME:interrupt_seq T:Transactions SCOPE:uvm_test_top.env.m_agt[0].sqr STREAM:2474}
  CREATE_STREAM @77500 {NAME:slave_seq T:Transactions SCOPE:uvm_test_top.env.s_agt[0].sqr STREAM:2476}
  CREATE_STREAM @77500 {NAME:master_seq T:Transactions SCOPE:uvm_test_top.env.m_agt[0].sqr STREAM:2471}
  CREATE_STREAM @77500 {NAME:interrupt_seq T:Transactions SCOPE:uvm_test_top.env.m_agt[0].sqr STREAM:2474}
  CREATE_STREAM @77500 {NAME:slave_seq T:Transactions SCOPE:uvm_test_top.env.s_agt[0].sqr STREAM:2476}
  CREATE_STREAM @77500 {NAME:master_seq T:Transactions SCOPE:uvm_test_top.env.m_agt[0].sqr STREAM:2471}
  CREATE_STREAM @77500 {NAME:interrupt_seq T:Transactions SCOPE:uvm_test_top.env.m_agt[0].sqr STREAM:2474}
  CREATE_STREAM @77500 {NAME:slave_seq T:Transactions SCOPE:uvm_test_top.env.s_agt[0].sqr STREAM:2476}
  CREATE_STREAM @77500 {NAME:master_seq T:Transactions SCOPE:uvm_test_top.env.m_agt[0].sqr STREAM:2471}
  CREATE_STREAM @77500 {NAME:interrupt_seq T:Transactions SCOPE:uvm_test_top.env.m_agt[0].sqr STREAM:2474}
  CREATE_STREAM @77500 {NAME:slave_seq T:Transactions SCOPE:uvm_test_top.env.s_agt[0].sqr STREAM:2476}
  CREATE_STREAM @77500 {NAME:master_seq T:Transactions SCOPE:uvm_test_top.env.m_agt[0].sqr STREAM:2471}
  CREATE_STREAM @77500 {NAME:interrupt_seq T:Transactions SCOPE:uvm_test_top.env.m_agt[0].sqr STREAM:2474}
  CREATE_STREAM @77500 {NAME:slave_seq T:Transactions SCOPE:uvm_test_top.env.s_agt[0].sqr STREAM:2476}
  CREATE_STREAM @77500 {NAME:master_seq T:Transactions SCOPE:uvm_test_top.env.m_agt[0].sqr STREAM:2468}
  CREATE_STREAM @77500 {NAME:slave_seq T:Transactions SCOPE:uvm_test_top.env.s_agt[0].sqr STREAM:2471}
  CREATE_STREAM @77500 {NAME:master_seq T:Transactions SCOPE:uvm_test_top.env.m_agt[0].sqr STREAM:2468}
  CREATE_STREAM @77500 {NAME:slave_seq T:Transactions SCOPE:uvm_test_top.env.s_agt[0].sqr STREAM:2471}
  CREATE_STREAM @77500 {NAME:master_seq T:Transactions SCOPE:uvm_test_top.env.m_agt[0].sqr STREAM:2471}
  CREATE_STREAM @77500 {NAME:slave_seq T:Transactions SCOPE:uvm_test_top.env.s_agt[0].sqr STREAM:2474}
  CREATE_STREAM @77500 {NAME:master_seq T:Transactions SCOPE:uvm_test_top.env.m_agt[0].sqr STREAM:2471}
  CREATE_STREAM @77500 {NAME:slave_seq T:Transactions SCOPE:uvm_test_top.env.s_agt[0].sqr STREAM:2474}
  CREATE_STREAM @77500 {NAME:master_seq T:Transactions SCOPE:uvm_test_top.env.m_agt[0].sqr STREAM:2471}
  CREATE_STREAM @77500 {NAME:interrupt_seq T:Transactions SCOPE:uvm_test_top.env.m_agt[0].sqr STREAM:2474}
  CREATE_STREAM @77500 {NAME:slave_seq T:Transactions SCOPE:uvm_test_top.env.s_agt[0].sqr STREAM:2476}
  CREATE_STREAM @77500 {NAME:master_seq T:Transactions SCOPE:uvm_test_top.env.m_agt[0].sqr STREAM:2471}
  CREATE_STREAM @77500 {NAME:slave_seq T:Transactions SCOPE:uvm_test_top.env.s_agt[0].sqr STREAM:2474}
  CREATE_STREAM @77500 {NAME:master_seq T:Transactions SCOPE:uvm_test_top.env.m_agt[0].sqr STREAM:2471}
  CREATE_STREAM @77500 {NAME:interrupt_seq T:Transactions SCOPE:uvm_test_top.env.m_agt[0].sqr STREAM:2474}
  CREATE_STREAM @77500 {NAME:slave_seq T:Transactions SCOPE:uvm_test_top.env.s_agt[0].sqr STREAM:2476}
  CREATE_STREAM @77500 {NAME:master_seq T:Transactions SCOPE:uvm_test_top.env.m_agt[0].sqr STREAM:2711}
  CREATE_STREAM @77500 {NAME:slave_seq T:Transactions SCOPE:uvm_test_top.env.s_agt[0].sqr STREAM:2714}
  CREATE_STREAM @77500 {NAME:master_seq T:Transactions SCOPE:uvm_test_top.env.m_agt[0].sqr STREAM:2711}
  CREATE_STREAM @77500 {NAME:slave_seq T:Transactions SCOPE:uvm_test_top.env.s_agt[0].sqr STREAM:2714}
